transaction_id,product_name,product_category,quantity_sold,unit_price,date_of_transaction,total_amount,inventory_stock
TXN-06350,Energy Drink 250Ml,Food & Snacks,9,45.21,2022-01-01,406.89,260
TXN-05146,Candle (6S),Household Supplies,1,45.64,2022-01-01,45.64,349
TXN-01552,Bottled Water 1.5L,Grocery,4,24.37,2022-01-01,97.48,83
TXN-01387,Cotton Balls,Personal Care,2,34.25,2022-01-01,68.5,171
TXN-02616,Shampoo Sachet,Personal Care,1,8.12,2022-01-01,8.12,85
TXN-01686,Ballpen (Black),School & Office Supplies,5,11.73,2022-01-02,58.65,431
TXN-03874,White Rice 2Kg,Grocery,4,122.71,2022-01-02,490.84,429
TXN-04014,Alcohol 70% 500Ml,Personal Care,1,91.97,2022-01-02,91.97,303
TXN-05221,Extension Cord,Electronics,2,335.3,2022-01-02,670.6,114
TXN-05180,Pencil,School & Office Supplies,1,9.72,2022-01-02,9.72,148
TXN-05137,Cooking Oil 1L,Grocery,2,89.49,2022-01-03,178.98,62
TXN-01294,Screen Protector,Electronics,1,102.21,2022-01-03,102.21,262
TXN-01533,Sanitary Napkin (8S),Personal Care,1,75.21,2022-01-03,75.21,387
TXN-01539,Instant Noodles (Pack),Grocery,2,15.28,2022-01-03,30.56,58
TXN-04503,Chocolate Bar,Food & Snacks,2,29.1,2022-01-03,58.2,267
TXN-01092,Notebook 80 Leaves,School & Office Supplies,2,57.2,2022-01-03,114.4,457
TXN-01173,Floor Mop,Household Supplies,2,258.53,2022-01-03,517.06,258
TXN-05592,White Rice 2Kg,Grocery,8,116.42,2022-01-04,931.36,148
TXN-03058,Power Bank 10000Mah,Electronics,1,935.02,2022-01-04,935.02,205
TXN-01458,Screen Protector,Electronics,1,100.72,2022-01-04,100.72,258
TXN-01754,Extension Cord,Electronics,1,360.48,2022-01-04,360.48,158
TXN-05651,Power Bank 10000Mah,Electronics,1,869.89,2022-01-04,869.89,161
TXN-06316,Evaporated Milk,Grocery,4,40.9,2022-01-04,163.6,329
TXN-04468,Juice Drink 250Ml,Food & Snacks,7,17.56,2022-01-04,122.92,154
TXN-03985,Juice Drink 250Ml,Food & Snacks,6,18.69,2022-01-04,112.14,249
TXN-04459,Folder (Long),School & Office Supplies,5,17.12,2022-01-05,85.6,167
TXN-01617,Biscuit Pack,Food & Snacks,8,26.2,2022-01-05,209.6,60
TXN-05944,Peanuts 100G,Food & Snacks,4,26.82,2022-01-06,107.28,67
TXN-05250,Instant Noodles (Pack),Grocery,6,14.28,2022-01-06,85.68,365
TXN-05246,Energy Drink 250Ml,Food & Snacks,9,45.28,2022-01-06,407.52,35
TXN-02562,Vinegar 350Ml,Grocery,7,30.83,2022-01-06,215.81,203
TXN-01532,Softdrink 1.5L,Food & Snacks,10,63.71,2022-01-06,637.1,253
TXN-05461,Extension Cord,Electronics,1,356.4,2022-01-07,356.4,108
TXN-03806,Evaporated Milk,Grocery,3,42.74,2022-01-07,128.22,91
TXN-02094,Mosquito Coil (10S),Household Supplies,2,57.04,2022-01-07,114.08,474
TXN-01695,Instant Noodles (Pack),Grocery,1,15.45,2022-01-07,15.45,30
TXN-03920,White Rice 2Kg,Grocery,5,116.41,2022-01-08,582.05,422
TXN-04581,Potato Chips 60G,Food & Snacks,8,35.31,2022-01-08,282.48,403
TXN-02457,Energy Drink 250Ml,Food & Snacks,8,45.66,2022-01-08,365.28,43
TXN-04612,Cotton Balls,Personal Care,4,36.04,2022-01-08,144.16,53
TXN-02942,Sugar 1Kg,Grocery,5,75.51,2022-01-08,377.55,369
TXN-04336,White Rice 2Kg,Grocery,1,124.98,2022-01-09,124.98,356
TXN-05002,Sanitary Napkin (8S),Personal Care,3,76.41,2022-01-09,229.23,242
TXN-03786,Lotion 200Ml,Personal Care,1,153.42,2022-01-09,153.42,84
TXN-04711,Phone Case,Electronics,1,202.59,2022-01-09,202.59,323
TXN-04433,Sugar 1Kg,Grocery,4,76.2,2022-01-10,304.8,30
TXN-02210,Facial Wash 50Ml,Personal Care,3,118.28,2022-01-10,354.84,405
TXN-05327,Sanitary Napkin (8S),Personal Care,1,78.07,2022-01-10,78.07,227
TXN-02530,Vinegar 350Ml,Grocery,7,31.01,2022-01-10,217.07,210
TXN-01571,Notebook 80 Leaves,School & Office Supplies,2,53.94,2022-01-10,107.88,438
TXN-06253,Bottled Water 1.5L,Grocery,5,25.12,2022-01-10,125.6,15
TXN-05118,Digital Alarm Clock,Electronics,1,289.57,2022-01-10,289.57,357
TXN-01967,Vinegar 350Ml,Grocery,4,29.16,2022-01-10,116.64,316
TXN-05254,Vinegar 350Ml,Grocery,1,30.34,2022-01-10,30.34,160
TXN-03147,Bottled Water 1.5L,Grocery,6,24.96,2022-01-11,149.76,121
TXN-02813,Mosquito Coil (10S),Household Supplies,1,55.03,2022-01-11,55.03,456
TXN-04351,Chocolate Bar,Food & Snacks,4,31.32,2022-01-11,125.28,291
TXN-02128,Bottled Water 1.5L,Grocery,3,24.47,2022-01-11,73.41,208
TXN-05834,Sugar 1Kg,Grocery,7,73.92,2022-01-11,517.44,227
TXN-03849,Energy Drink 250Ml,Food & Snacks,3,46.88,2022-01-11,140.64,226
TXN-06301,Sugar 1Kg,Grocery,5,72.62,2022-01-11,363.1,110
TXN-06173,White Rice 2Kg,Grocery,8,120.64,2022-01-11,965.12,42
TXN-04587,Sanitary Napkin (8S),Personal Care,2,76.44,2022-01-12,152.88,265
TXN-05232,Bread Loaf,Food & Snacks,5,67.16,2022-01-12,335.8,50
TXN-02415,Laundry Detergent 500G,Household Supplies,3,88.09,2022-01-12,264.27,164
TXN-04370,Floor Mop,Household Supplies,1,241.59,2022-01-12,241.59,199
TXN-03958,Trash Bag (10S),Household Supplies,2,54.8,2022-01-12,109.6,308
TXN-06106,Laundry Detergent 500G,Household Supplies,2,83.6,2022-01-13,167.2,81
TXN-02496,Evaporated Milk,Grocery,5,41.72,2022-01-13,208.6,56
TXN-01043,Mosquito Coil (10S),Household Supplies,1,55.61,2022-01-13,55.61,489
TXN-02209,Power Bank 10000Mah,Electronics,1,873.57,2022-01-13,873.57,220
TXN-02201,Facial Wash 50Ml,Personal Care,1,120.44,2022-01-14,120.44,408
TXN-06010,Sponge Scrub (2S),Household Supplies,3,35.43,2022-01-14,106.29,172
TXN-03071,Coffee Sachet (10S),Grocery,3,62.93,2022-01-14,188.79,54
TXN-03649,"Bond Paper (Short, 10S)",School & Office Supplies,5,29.23,2022-01-14,146.15,257
TXN-05560,White Rice 2Kg,Grocery,4,120.82,2022-01-14,483.28,156
TXN-02126,Screen Protector,Electronics,2,98.42,2022-01-14,196.84,232
TXN-05748,Energy Drink 250Ml,Food & Snacks,7,47.17,2022-01-14,330.19,343
TXN-04113,Pencil,School & Office Supplies,3,10.08,2022-01-14,30.24,197
TXN-04074,Mosquito Coil (10S),Household Supplies,3,56.68,2022-01-14,170.04,435
TXN-03001,Peanuts 100G,Food & Snacks,6,28.75,2022-01-15,172.5,10
TXN-05958,Potato Chips 60G,Food & Snacks,2,36.04,2022-01-15,72.08,224
TXN-03091,Canned Sardines,Grocery,5,28.17,2022-01-15,140.85,36
TXN-05457,"Bond Paper (Short, 10S)",School & Office Supplies,5,31.09,2022-01-15,155.45,174
TXN-02304,Toothpaste 75G,Personal Care,2,67.23,2022-01-16,134.46,264
TXN-04416,Soy Sauce 350Ml,Grocery,5,34.79,2022-01-16,173.95,183
TXN-02305,Vinegar 350Ml,Grocery,4,29.85,2022-01-16,119.4,255
TXN-04107,Bread Loaf,Food & Snacks,5,62.9,2022-01-16,314.5,210
TXN-01577,Floor Mop,Household Supplies,3,258.15,2022-01-16,774.45,248
TXN-02933,Vinegar 350Ml,Grocery,6,31.22,2022-01-16,187.32,145
TXN-06398,Ballpen (Black),School & Office Supplies,1,11.9,2022-01-16,11.9,177
TXN-04200,Chocolate Bar,Food & Snacks,3,30.25,2022-01-16,90.75,18
TXN-04885,Bluetooth Speaker,Electronics,1,1535.06,2022-01-16,1535.06,233
TXN-04548,Mosquito Coil (10S),Household Supplies,1,56.37,2022-01-17,56.37,428
TXN-03369,Peanuts 100G,Food & Snacks,5,28.86,2022-01-17,144.3,326
TXN-06075,Potato Chips 60G,Food & Snacks,10,36.46,2022-01-17,364.6,208
TXN-06043,Air Freshener Spray,Household Supplies,1,123.2,2022-01-17,123.2,39
TXN-01410,Peanuts 100G,Food & Snacks,4,27.0,2022-01-17,108.0,249
TXN-02618,Ballpen (Black),School & Office Supplies,5,11.45,2022-01-18,57.25,383
TXN-01968,White Rice 2Kg,Grocery,8,118.43,2022-01-18,947.44,272
TXN-01183,White Rice 2Kg,Grocery,3,115.81,2022-01-18,347.43,399
TXN-01810,Sugar 1Kg,Grocery,6,73.08,2022-01-18,438.48,102
TXN-03666,Softdrink 1.5L,Food & Snacks,5,66.11,2022-01-18,330.55,125
TXN-01251,Fabric Conditioner 500Ml,Household Supplies,1,90.81,2022-01-18,90.81,318
TXN-04333,Potato Chips 60G,Food & Snacks,3,33.53,2022-01-19,100.59,436
TXN-03152,Facial Wash 50Ml,Personal Care,1,119.66,2022-01-19,119.66,348
TXN-01370,Juice Drink 250Ml,Food & Snacks,10,18.55,2022-01-19,185.5,403
TXN-01081,Soy Sauce 350Ml,Grocery,1,34.66,2022-01-19,34.66,328
TXN-04999,Softdrink 1.5L,Food & Snacks,8,66.65,2022-01-19,533.2,187
TXN-02374,Lollipop Candy,Food & Snacks,2,5.22,2022-01-19,10.44,257
TXN-05080,White Rice 2Kg,Grocery,8,121.78,2022-01-19,974.24,253
TXN-01920,Evaporated Milk,Grocery,7,41.53,2022-01-20,290.71,126
TXN-02578,Alcohol 70% 500Ml,Personal Care,3,98.55,2022-01-20,295.65,378
TXN-06322,Energy Drink 250Ml,Food & Snacks,10,45.38,2022-01-20,453.8,269
TXN-05543,Instant Noodles (Pack),Grocery,5,15.72,2022-01-20,78.6,296
TXN-02182,Candle (6S),Household Supplies,1,44.21,2022-01-20,44.21,407
TXN-04167,Toothbrush,Personal Care,3,54.94,2022-01-20,164.82,93
TXN-05671,Potato Chips 60G,Food & Snacks,4,33.87,2022-01-21,135.48,267
TXN-04422,Toothbrush,Personal Care,2,55.62,2022-01-21,111.24,80
TXN-01900,Instant Noodles (Pack),Grocery,8,14.55,2022-01-21,116.4,481
TXN-06056,Coffee Sachet (10S),Grocery,6,68.03,2022-01-21,408.18,74
TXN-01942,Biscuit Pack,Food & Snacks,5,23.89,2022-01-22,119.45,3
TXN-01925,Biscuit Pack,Food & Snacks,5,26.21,2022-01-22,131.05,21
TXN-01783,Bread Loaf,Food & Snacks,5,65.34,2022-01-22,326.7,145
TXN-04623,Broom (Walis Tingting),Household Supplies,3,63.11,2022-01-22,189.33,347
TXN-04544,Power Bank 10000Mah,Electronics,1,905.2,2022-01-22,905.2,178
TXN-01174,Deodorant Roll-On,Personal Care,3,86.22,2022-01-22,258.66,250
TXN-02410,Coffee Sachet (10S),Grocery,8,63.68,2022-01-23,509.44,189
TXN-01157,Soy Sauce 350Ml,Grocery,4,36.66,2022-01-24,146.64,309
TXN-06496,Extension Cord,Electronics,2,341.79,2022-01-24,683.58,97
TXN-04727,Wireless Earbuds,Electronics,2,1281.05,2022-01-24,2562.1,231
TXN-04532,Biscuit Pack,Food & Snacks,7,24.82,2022-01-24,173.74,416
TXN-03451,Trash Bag (10S),Household Supplies,1,52.65,2022-01-24,52.65,318
TXN-01013,Peanuts 100G,Food & Snacks,3,26.6,2022-01-25,79.8,284
TXN-02939,White Rice 2Kg,Grocery,8,125.69,2022-01-25,1005.52,106
TXN-05489,Canned Sardines,Grocery,2,28.63,2022-01-25,57.26,131
TXN-05193,Lollipop Candy,Food & Snacks,1,4.81,2022-01-26,4.81,360
TXN-05797,Dishwashing Liquid 500Ml,Household Supplies,1,77.64,2022-01-26,77.64,245
TXN-03677,Bottled Water 1.5L,Grocery,6,25.21,2022-01-26,151.26,14
TXN-02505,Chocolate Bar,Food & Snacks,3,29.01,2022-01-26,87.03,215
TXN-02556,Floor Mop,Household Supplies,3,249.57,2022-01-26,748.71,234
TXN-06360,Energy Drink 250Ml,Food & Snacks,7,44.06,2022-01-26,308.42,253
TXN-06420,Energy Drink 250Ml,Food & Snacks,4,43.61,2022-01-26,174.44,249
TXN-03716,Biscuit Pack,Food & Snacks,5,24.77,2022-01-27,123.85,134
TXN-05867,Chocolate Bar,Food & Snacks,1,29.83,2022-01-27,29.83,53
TXN-02103,Ice Cream Cup,Food & Snacks,3,34.74,2022-01-27,104.22,281
TXN-03200,Facial Wash 50Ml,Personal Care,1,122.48,2022-01-27,122.48,347
TXN-04393,Juice Drink 250Ml,Food & Snacks,2,17.34,2022-01-27,34.68,177
TXN-06156,Ballpen (Black),School & Office Supplies,1,11.47,2022-01-27,11.47,188
TXN-04898,Bread Loaf,Food & Snacks,3,61.76,2022-01-27,185.28,109
TXN-01792,Led Desk Lamp,Electronics,1,568.39,2022-01-28,568.39,473
TXN-05182,Facial Wash 50Ml,Personal Care,3,115.67,2022-01-28,347.01,261
TXN-04376,Biscuit Pack,Food & Snacks,6,23.76,2022-01-29,142.56,9
TXN-02040,Phone Case,Electronics,1,196.59,2022-01-29,196.59,364
TXN-04694,Dishwashing Liquid 500Ml,Household Supplies,1,74.17,2022-01-30,74.17,270
TXN-01163,Evaporated Milk,Grocery,3,43.95,2022-01-30,131.85,274
TXN-03764,Toothbrush,Personal Care,1,56.77,2022-01-30,56.77,119
TXN-02398,Toothpaste 75G,Personal Care,1,65.01,2022-01-31,65.01,256
TXN-01886,Bottled Water 1.5L,Grocery,4,25.7,2022-01-31,102.8,35
TXN-03488,Juice Drink 250Ml,Food & Snacks,5,18.2,2022-01-31,91.0,67
TXN-02684,Lotion 200Ml,Personal Care,3,141.94,2022-02-01,425.82,131
TXN-05192,Sanitary Napkin (8S),Personal Care,1,80.93,2022-02-01,80.93,236
TXN-05728,Trash Bag (10S),Household Supplies,1,56.78,2022-02-01,56.78,272
TXN-06487,Extension Cord,Electronics,2,334.68,2022-02-01,669.36,99
TXN-01180,White Rice 2Kg,Grocery,1,125.45,2022-02-02,125.45,402
TXN-04235,Digital Alarm Clock,Electronics,1,305.44,2022-02-02,305.44,376
TXN-04009,White Rice 2Kg,Grocery,1,119.78,2022-02-02,119.78,402
TXN-04563,Wireless Earbuds,Electronics,1,1309.12,2022-02-02,1309.12,237
TXN-01052,Cooking Oil 1L,Grocery,1,88.11,2022-02-02,88.11,316
TXN-01123,Stapler,School & Office Supplies,2,205.43,2022-02-02,410.86,331
TXN-03307,Sugar 1Kg,Grocery,5,74.25,2022-02-02,371.25,281
TXN-06249,Sugar 1Kg,Grocery,2,73.14,2022-02-02,146.28,122
TXN-01548,Air Freshener Spray,Household Supplies,1,131.65,2022-02-03,131.65,149
TXN-05672,Peanuts 100G,Food & Snacks,6,26.82,2022-02-03,160.92,104
TXN-04608,Lollipop Candy,Food & Snacks,1,4.95,2022-02-03,4.95,440
TXN-04050,Fabric Conditioner 500Ml,Household Supplies,1,99.53,2022-02-03,99.53,251
TXN-05108,Bluetooth Speaker,Electronics,2,1533.95,2022-02-03,3067.9,231
TXN-03442,Toothpaste 75G,Personal Care,1,63.54,2022-02-03,63.54,200
TXN-04557,Peanuts 100G,Food & Snacks,1,27.95,2022-02-03,27.95,197
TXN-02753,Chocolate Bar,Food & Snacks,3,29.3,2022-02-03,87.9,168
TXN-06000,Bath Soap,Personal Care,4,46.72,2022-02-03,186.88,44
TXN-04860,Peanuts 100G,Food & Snacks,8,29.05,2022-02-03,232.4,166
TXN-03908,Evaporated Milk,Grocery,6,41.13,2022-02-04,246.78,64
TXN-05367,White Rice 2Kg,Grocery,6,117.93,2022-02-04,707.58,171
TXN-01553,Energy Drink 250Ml,Food & Snacks,9,44.71,2022-02-04,402.39,197
TXN-04040,Potato Chips 60G,Food & Snacks,4,33.79,2022-02-04,135.16,472
TXN-04493,Lollipop Candy,Food & Snacks,9,4.85,2022-02-05,43.65,446
TXN-02438,Biscuit Pack,Food & Snacks,4,24.84,2022-02-05,99.36,378
TXN-01635,Peanuts 100G,Food & Snacks,3,27.44,2022-02-05,82.32,205
TXN-01230,Facial Wash 50Ml,Personal Care,4,116.66,2022-02-05,466.64,431
TXN-04215,Power Bank 10000Mah,Electronics,1,902.0,2022-02-05,902.0,186
TXN-01444,Pencil,School & Office Supplies,6,10.14,2022-02-06,60.84,311
TXN-04096,Shampoo Sachet,Personal Care,1,7.83,2022-02-06,7.83,47
TXN-02797,Bread Loaf,Food & Snacks,9,65.65,2022-02-06,590.85,51
TXN-05181,Vinegar 350Ml,Grocery,4,31.21,2022-02-06,124.84,184
TXN-04580,Air Freshener Spray,Household Supplies,1,134.44,2022-02-06,134.44,71
TXN-04338,Soy Sauce 350Ml,Grocery,2,33.67,2022-02-06,67.34,194
TXN-03788,Lollipop Candy,Food & Snacks,8,5.08,2022-02-07,40.64,59
TXN-06264,Vinegar 350Ml,Grocery,5,29.66,2022-02-07,148.3,238
TXN-04225,Screen Protector,Electronics,1,101.57,2022-02-07,101.57,210
TXN-01097,Fabric Conditioner 500Ml,Household Supplies,1,98.89,2022-02-07,98.89,324
TXN-04770,Ballpen (Black),School & Office Supplies,3,12.24,2022-02-07,36.72,272
TXN-01091,Canned Sardines,Grocery,7,28.08,2022-02-07,196.56,336
TXN-04036,Electric Fan (Desk),Electronics,1,834.3,2022-02-08,834.3,402
TXN-03426,Vinegar 350Ml,Grocery,1,30.46,2022-02-08,30.46,106
TXN-01379,Canned Sardines,Grocery,7,27.41,2022-02-08,191.87,306
TXN-01391,Led Desk Lamp,Electronics,1,533.52,2022-02-08,533.52,475
TXN-05793,Coffee Sachet (10S),Grocery,5,68.08,2022-02-08,340.4,169
TXN-03660,Alcohol 70% 500Ml,Personal Care,2,97.8,2022-02-08,195.6,318
TXN-02163,Scotch Tape,School & Office Supplies,1,24.44,2022-02-08,24.44,310
TXN-06125,Alcohol 70% 500Ml,Personal Care,4,98.26,2022-02-09,393.04,252
TXN-05407,Energy Drink 250Ml,Food & Snacks,6,43.1,2022-02-09,258.6,13
TXN-06180,Chocolate Bar,Food & Snacks,6,29.49,2022-02-09,176.94,328
TXN-03791,Trash Bag (10S),Household Supplies,2,54.27,2022-02-09,108.54,310
TXN-02417,Sanitary Napkin (8S),Personal Care,1,76.44,2022-02-10,76.44,343
TXN-06096,Energy Drink 250Ml,Food & Snacks,1,43.69,2022-02-10,43.69,316
TXN-04859,Sanitary Napkin (8S),Personal Care,3,74.16,2022-02-10,222.48,251
TXN-06268,Sanitary Napkin (8S),Personal Care,2,80.82,2022-02-11,161.64,180
TXN-05008,Coffee Sachet (10S),Grocery,7,67.23,2022-02-11,470.61,77
TXN-01046,Canned Sardines,Grocery,3,28.69,2022-02-12,86.07,343
TXN-06149,Bottled Water 1.5L,Grocery,2,24.61,2022-02-12,49.22,25
TXN-04313,Screen Protector,Electronics,2,101.67,2022-02-12,203.34,207
TXN-04543,Biscuit Pack,Food & Snacks,3,25.12,2022-02-12,75.36,413
TXN-05400,Ballpen (Black),School & Office Supplies,6,12.13,2022-02-13,72.78,221
TXN-05140,Lotion 200Ml,Personal Care,1,150.6,2022-02-13,150.6,430
TXN-04279,Facial Wash 50Ml,Personal Care,2,118.24,2022-02-13,236.48,296
TXN-05303,White Rice 2Kg,Grocery,6,121.99,2022-02-13,731.94,191
TXN-03834,Lollipop Candy,Food & Snacks,3,5.2,2022-02-13,15.6,52
TXN-06154,Cooking Oil 1L,Grocery,6,93.33,2022-02-13,559.98,230
TXN-03360,Canned Sardines,Grocery,3,29.37,2022-02-13,88.11,5
TXN-04072,Bread Loaf,Food & Snacks,5,63.51,2022-02-14,317.55,215
TXN-04973,Eraser,School & Office Supplies,4,14.45,2022-02-14,57.8,4
TXN-01760,Energy Drink 250Ml,Food & Snacks,5,46.33,2022-02-15,231.65,159
TXN-02292,Evaporated Milk,Grocery,1,41.1,2022-02-15,41.1,73
TXN-02744,Sanitary Napkin (8S),Personal Care,1,81.69,2022-02-15,81.69,334
TXN-02842,Air Freshener Spray,Household Supplies,1,123.33,2022-02-15,123.33,124
TXN-02674,Stapler,School & Office Supplies,4,193.39,2022-02-15,773.56,225
TXN-04132,Fabric Conditioner 500Ml,Household Supplies,2,93.24,2022-02-15,186.48,246
TXN-05076,Ice Cream Cup,Food & Snacks,5,34.83,2022-02-15,174.15,270
TXN-01587,Lollipop Candy,Food & Snacks,9,4.83,2022-02-16,43.47,391
TXN-01130,Trash Bag (10S),Household Supplies,1,57.75,2022-02-16,57.75,366
TXN-02293,Pencil,School & Office Supplies,4,9.81,2022-02-16,39.24,277
TXN-02700,Notebook 80 Leaves,School & Office Supplies,4,57.4,2022-02-16,229.6,378
TXN-02261,Cotton Balls,Personal Care,1,36.64,2022-02-16,36.64,141
TXN-03172,Toothbrush,Personal Care,2,53.63,2022-02-16,107.26,160
TXN-01357,White Rice 2Kg,Grocery,4,125.49,2022-02-17,501.96,377
TXN-01290,"Bond Paper (Short, 10S)",School & Office Supplies,2,30.35,2022-02-17,60.7,430
TXN-02320,Ballpen (Black),School & Office Supplies,6,12.14,2022-02-17,72.84,399
TXN-06175,Dishwashing Liquid 500Ml,Household Supplies,2,74.23,2022-02-17,148.46,226
TXN-01905,Softdrink 1.5L,Food & Snacks,2,66.53,2022-02-17,133.06,204
TXN-03773,White Rice 2Kg,Grocery,2,116.96,2022-02-17,233.92,455
TXN-02058,Coffee Sachet (10S),Grocery,6,66.23,2022-02-18,397.38,243
TXN-05230,Potato Chips 60G,Food & Snacks,1,35.6,2022-02-18,35.6,320
TXN-01465,Broom (Walis Tingting),Household Supplies,2,66.08,2022-02-18,132.16,403
TXN-01916,Softdrink 1.5L,Food & Snacks,9,67.52,2022-02-18,607.68,195
TXN-02003,Sugar 1Kg,Grocery,4,72.46,2022-02-18,289.84,76
TXN-06246,Canned Sardines,Grocery,5,27.91,2022-02-18,139.55,33
TXN-04464,Cotton Balls,Personal Care,1,33.94,2022-02-18,33.94,62
TXN-01588,Sugar 1Kg,Grocery,1,77.96,2022-02-18,77.96,162
TXN-02679,Biscuit Pack,Food & Snacks,4,24.78,2022-02-19,99.12,335
TXN-02349,Sanitary Napkin (8S),Personal Care,2,76.74,2022-02-19,153.48,352
TXN-03548,Scotch Tape,School & Office Supplies,5,25.83,2022-02-19,129.15,229
TXN-02507,Soy Sauce 350Ml,Grocery,6,35.33,2022-02-20,211.98,148
TXN-05669,Highlighter,School & Office Supplies,4,44.74,2022-02-20,178.96,326
TXN-02984,Soy Sauce 350Ml,Grocery,2,35.6,2022-02-20,71.2,65
TXN-02127,Wireless Earbuds,Electronics,1,1244.2,2022-02-20,1244.2,263
TXN-02850,Soy Sauce 350Ml,Grocery,2,33.46,2022-02-21,66.92,96
TXN-03304,Bath Soap,Personal Care,1,45.46,2022-02-21,45.46,157
TXN-02572,Scotch Tape,School & Office Supplies,5,24.28,2022-02-21,121.4,273
TXN-05965,Ballpen (Black),School & Office Supplies,5,12.2,2022-02-21,61.0,204
TXN-01536,Fabric Conditioner 500Ml,Household Supplies,2,91.9,2022-02-21,183.8,316
TXN-03760,Digital Alarm Clock,Electronics,2,312.88,2022-02-21,625.76,386
TXN-02414,Sanitary Napkin (8S),Personal Care,2,81.56,2022-02-21,163.12,344
TXN-05837,Lotion 200Ml,Personal Care,1,142.4,2022-02-21,142.4,386
TXN-01793,Canned Sardines,Grocery,4,28.32,2022-02-22,113.28,247
TXN-01397,Sponge Scrub (2S),Household Supplies,1,34.37,2022-02-22,34.37,292
TXN-04559,Ice Cream Cup,Food & Snacks,1,34.31,2022-02-23,34.31,315
TXN-06277,Evaporated Milk,Grocery,8,43.72,2022-02-23,349.76,333
TXN-01786,Fabric Conditioner 500Ml,Household Supplies,1,98.43,2022-02-23,98.43,309
TXN-04605,Toothbrush,Personal Care,4,54.25,2022-02-23,217.0,67
TXN-02909,Juice Drink 250Ml,Food & Snacks,2,18.11,2022-02-25,36.22,177
TXN-01841,Cooking Oil 1L,Grocery,5,88.61,2022-02-25,443.05,239
TXN-05908,Biscuit Pack,Food & Snacks,8,25.83,2022-02-25,206.64,208
TXN-04867,Lollipop Candy,Food & Snacks,1,4.95,2022-02-26,4.95,411
TXN-05323,Highlighter,School & Office Supplies,6,44.68,2022-02-26,268.08,338
TXN-05164,Evaporated Milk,Grocery,7,41.27,2022-02-26,288.89,143
TXN-03257,Biscuit Pack,Food & Snacks,7,25.97,2022-02-27,181.79,226
TXN-01957,Toothpaste 75G,Personal Care,1,62.92,2022-02-27,62.92,275
TXN-03959,Air Freshener Spray,Household Supplies,3,130.56,2022-02-27,391.68,96
TXN-03223,Cooking Oil 1L,Grocery,3,91.56,2022-02-27,274.68,18
TXN-05244,Vinegar 350Ml,Grocery,4,29.26,2022-02-27,117.04,166
TXN-06183,Cotton Balls,Personal Care,3,34.31,2022-02-27,102.93,327
TXN-03159,Air Freshener Spray,Household Supplies,2,123.96,2022-02-27,247.92,119
TXN-03393,Trash Bag (10S),Household Supplies,2,56.89,2022-02-28,113.78,324
TXN-03290,Staple Wire,School & Office Supplies,4,34.04,2022-02-28,136.16,240
TXN-05969,Ice Cream Cup,Food & Snacks,2,34.84,2022-03-01,69.68,186
TXN-02070,Sanitary Napkin (8S),Personal Care,2,77.51,2022-03-01,155.02,365
TXN-03891,Chocolate Bar,Food & Snacks,3,30.45,2022-03-01,91.35,61
TXN-04253,Extension Cord,Electronics,2,331.56,2022-03-01,663.12,128
TXN-04234,Bottled Water 1.5L,Grocery,2,26.17,2022-03-01,52.34,351
TXN-04295,Peanuts 100G,Food & Snacks,6,27.3,2022-03-02,163.8,223
TXN-04449,"Bond Paper (Short, 10S)",School & Office Supplies,6,30.48,2022-03-02,182.88,217
TXN-04162,Highlighter,School & Office Supplies,7,45.15,2022-03-02,316.05,33
TXN-02030,Wireless Earbuds,Electronics,1,1340.09,2022-03-02,1340.09,264
TXN-02454,Toothpaste 75G,Personal Care,3,62.73,2022-03-02,188.19,252
TXN-03270,Mosquito Coil (10S),Household Supplies,2,57.51,2022-03-02,115.02,450
TXN-05558,Shampoo Sachet,Personal Care,2,7.8,2022-03-02,15.6,4
TXN-04350,Peanuts 100G,Food & Snacks,2,28.19,2022-03-02,56.38,221
TXN-05990,Toothpaste 75G,Personal Care,3,64.38,2022-03-02,193.14,96
TXN-02754,Ice Cream Cup,Food & Snacks,4,35.46,2022-03-03,141.84,195
TXN-04492,Bath Soap,Personal Care,1,46.85,2022-03-03,46.85,104
TXN-03174,Cooking Oil 1L,Grocery,4,86.57,2022-03-03,346.28,28
TXN-03015,Candle (6S),Household Supplies,1,46.7,2022-03-03,46.7,390
TXN-04641,Sugar 1Kg,Grocery,3,77.6,2022-03-03,232.8,5
TXN-02145,Sanitary Napkin (8S),Personal Care,4,79.0,2022-03-03,316.0,361
TXN-05217,Sponge Scrub (2S),Household Supplies,2,35.95,2022-03-03,71.9,192
TXN-05272,White Rice 2Kg,Grocery,9,125.78,2022-03-04,1132.02,197
TXN-02053,Usb Charging Cable,Electronics,1,146.33,2022-03-04,146.33,461
TXN-02969,Phone Case,Electronics,1,208.87,2022-03-04,208.87,344
TXN-03132,Stapler,School & Office Supplies,1,194.18,2022-03-05,194.18,198
TXN-01140,Deodorant Roll-On,Personal Care,4,84.74,2022-03-05,338.96,253
TXN-05241,Pencil,School & Office Supplies,1,9.99,2022-03-05,9.99,144
TXN-02301,Energy Drink 250Ml,Food & Snacks,5,43.14,2022-03-05,215.7,70
TXN-01831,Potato Chips 60G,Food & Snacks,9,34.91,2022-03-06,314.19,245
TXN-04395,Staple Wire,School & Office Supplies,6,34.96,2022-03-06,209.76,179
TXN-05783,Staple Wire,School & Office Supplies,5,33.7,2022-03-06,168.5,110
TXN-02735,Wireless Earbuds,Electronics,1,1258.18,2022-03-06,1258.18,259
TXN-01621,Electric Fan (Desk),Electronics,1,796.26,2022-03-06,796.26,443
TXN-05902,Bottled Water 1.5L,Grocery,8,24.58,2022-03-06,196.64,70
TXN-06463,Pencil,School & Office Supplies,1,9.65,2022-03-06,9.65,78
TXN-05151,Evaporated Milk,Grocery,8,41.4,2022-03-07,331.2,150
TXN-01351,Bluetooth Speaker,Electronics,1,1571.3,2022-03-07,1571.3,289
TXN-05016,Peanuts 100G,Food & Snacks,8,29.35,2022-03-07,234.8,158
TXN-05150,Stapler,School & Office Supplies,1,193.51,2022-03-07,193.51,68
TXN-04150,Chocolate Bar,Food & Snacks,1,29.12,2022-03-07,29.12,21
TXN-05154,White Rice 2Kg,Grocery,6,125.92,2022-03-08,755.52,221
TXN-05014,Cotton Balls,Personal Care,1,33.32,2022-03-08,33.32,40
TXN-03318,Trash Bag (10S),Household Supplies,3,54.96,2022-03-08,164.88,329
TXN-05898,Bath Soap,Personal Care,1,46.5,2022-03-08,46.5,54
TXN-03688,Led Desk Lamp,Electronics,2,529.02,2022-03-09,1058.04,438
TXN-05878,Peanuts 100G,Food & Snacks,7,27.21,2022-03-09,190.47,80
TXN-03803,Biscuit Pack,Food & Snacks,10,25.13,2022-03-09,251.3,119
TXN-02495,Shampoo Sachet,Personal Care,1,7.92,2022-03-10,7.92,87
TXN-02532,Softdrink 1.5L,Food & Snacks,10,65.3,2022-03-10,653.0,114
TXN-01857,Phone Case,Electronics,1,195.69,2022-03-10,195.69,369
TXN-02285,Lotion 200Ml,Personal Care,1,149.6,2022-03-10,149.6,168
TXN-03916,Staple Wire,School & Office Supplies,7,36.14,2022-03-11,252.98,208
TXN-03503,Alcohol 70% 500Ml,Personal Care,1,91.11,2022-03-11,91.11,321
TXN-02624,Chocolate Bar,Food & Snacks,3,28.65,2022-03-11,85.95,207
TXN-03622,Sugar 1Kg,Grocery,9,76.09,2022-03-11,684.81,212
TXN-01120,Shampoo Sachet,Personal Care,3,8.15,2022-03-11,24.45,147
TXN-05466,Candle (6S),Household Supplies,2,43.99,2022-03-11,87.98,344
TXN-02651,Deodorant Roll-On,Personal Care,3,86.94,2022-03-12,260.82,182
TXN-02928,Bluetooth Speaker,Electronics,2,1492.56,2022-03-12,2985.12,264
TXN-02339,Scotch Tape,School & Office Supplies,4,25.88,2022-03-12,103.52,294
TXN-02943,Sugar 1Kg,Grocery,3,73.26,2022-03-12,219.78,366
TXN-02025,Lotion 200Ml,Personal Care,4,153.72,2022-03-13,614.88,175
TXN-05675,Stapler,School & Office Supplies,3,193.26,2022-03-13,579.78,53
TXN-06399,Trash Bag (10S),Household Supplies,1,52.98,2022-03-13,52.98,267
TXN-02342,Usb Charging Cable,Electronics,1,150.61,2022-03-13,150.61,457
TXN-02664,Screen Protector,Electronics,2,99.15,2022-03-14,198.3,224
TXN-05259,Sponge Scrub (2S),Household Supplies,1,35.52,2022-03-14,35.52,191
TXN-01006,Biscuit Pack,Food & Snacks,7,25.52,2022-03-14,178.64,160
TXN-04908,Coffee Sachet (10S),Grocery,4,64.36,2022-03-14,257.44,96
TXN-04057,Ice Cream Cup,Food & Snacks,4,35.23,2022-03-14,140.92,2
TXN-06086,Air Freshener Spray,Household Supplies,1,126.14,2022-03-15,126.14,38
TXN-01538,Softdrink 1.5L,Food & Snacks,10,65.26,2022-03-15,652.6,243
TXN-06111,Bath Soap,Personal Care,1,44.17,2022-03-15,44.17,39
TXN-06169,Chocolate Bar,Food & Snacks,8,29.8,2022-03-15,238.4,334
TXN-04979,Evaporated Milk,Grocery,2,43.49,2022-03-15,86.98,173
TXN-01167,Lollipop Candy,Food & Snacks,4,5.13,2022-03-15,20.52,429
TXN-01337,Potato Chips 60G,Food & Snacks,1,33.36,2022-03-16,33.36,339
TXN-01522,Lollipop Candy,Food & Snacks,6,4.79,2022-03-17,28.74,411
TXN-02035,Shampoo Sachet,Personal Care,2,8.27,2022-03-17,16.54,114
TXN-04879,Soy Sauce 350Ml,Grocery,3,34.5,2022-03-17,103.5,73
TXN-01037,Stapler,School & Office Supplies,7,196.77,2022-03-17,1377.39,341
TXN-05676,Peanuts 100G,Food & Snacks,5,26.65,2022-03-17,133.25,99
TXN-05792,Coffee Sachet (10S),Grocery,9,62.47,2022-03-18,562.23,174
TXN-01674,Vinegar 350Ml,Grocery,1,31.12,2022-03-19,31.12,367
TXN-03249,Deodorant Roll-On,Personal Care,1,88.33,2022-03-19,88.33,166
TXN-01739,Evaporated Milk,Grocery,1,42.53,2022-03-19,42.53,161
TXN-03653,Ice Cream Cup,Food & Snacks,8,35.31,2022-03-19,282.48,68
TXN-05618,Biscuit Pack,Food & Snacks,9,25.52,2022-03-19,229.68,245
TXN-03056,Energy Drink 250Ml,Food & Snacks,4,43.22,2022-03-19,172.88,335
TXN-01075,Cooking Oil 1L,Grocery,7,86.06,2022-03-20,602.42,309
TXN-01191,Energy Drink 250Ml,Food & Snacks,7,45.87,2022-03-20,321.09,228
TXN-02794,Facial Wash 50Ml,Personal Care,4,122.84,2022-03-20,491.36,375
TXN-02329,Facial Wash 50Ml,Personal Care,1,124.08,2022-03-20,124.08,395
TXN-06421,Lollipop Candy,Food & Snacks,8,4.99,2022-03-21,39.92,217
TXN-04598,Trash Bag (10S),Household Supplies,3,55.88,2022-03-21,167.64,292
TXN-02535,Shampoo Sachet,Personal Care,1,8.27,2022-03-21,8.27,86
TXN-03515,Deodorant Roll-On,Personal Care,4,84.6,2022-03-21,338.4,148
TXN-02670,Vinegar 350Ml,Grocery,1,31.29,2022-03-22,31.29,182
TXN-02872,Soy Sauce 350Ml,Grocery,1,33.45,2022-03-22,33.45,88
TXN-02302,Facial Wash 50Ml,Personal Care,4,118.14,2022-03-22,472.56,397
TXN-01067,Fabric Conditioner 500Ml,Household Supplies,2,92.9,2022-03-22,185.8,328
TXN-06284,Instant Noodles (Pack),Grocery,7,14.63,2022-03-22,102.41,215
TXN-02012,"Bond Paper (Short, 10S)",School & Office Supplies,5,28.79,2022-03-23,143.95,381
TXN-01235,Highlighter,School & Office Supplies,7,45.94,2022-03-23,321.58,197
TXN-05791,Toothbrush,Personal Care,1,54.57,2022-03-24,54.57,8
TXN-01995,Bluetooth Speaker,Electronics,1,1427.13,2022-03-24,1427.13,281
TXN-03203,Shampoo Sachet,Personal Care,4,8.2,2022-03-24,32.8,69
TXN-01166,Cotton Balls,Personal Care,1,34.39,2022-03-24,34.39,178
TXN-03041,Evaporated Milk,Grocery,5,42.0,2022-03-25,210.0,219
TXN-06386,Juice Drink 250Ml,Food & Snacks,9,18.18,2022-03-25,163.62,161
TXN-04635,Bread Loaf,Food & Snacks,6,65.13,2022-03-25,390.78,131
TXN-05616,Sugar 1Kg,Grocery,7,75.24,2022-03-25,526.68,246
TXN-01966,Evaporated Milk,Grocery,5,42.82,2022-03-25,214.1,103
TXN-05721,Laundry Detergent 500G,Household Supplies,1,83.13,2022-03-25,83.13,92
TXN-04794,Cooking Oil 1L,Grocery,3,86.26,2022-03-26,258.78,98
TXN-02540,Notebook 80 Leaves,School & Office Supplies,7,56.56,2022-03-26,395.92,393
TXN-03833,Ice Cream Cup,Food & Snacks,9,33.53,2022-03-26,301.77,35
TXN-04773,Deodorant Roll-On,Personal Care,2,92.13,2022-03-27,184.26,93
TXN-05559,Sanitary Napkin (8S),Personal Care,3,76.8,2022-03-27,230.4,218
TXN-01685,Peanuts 100G,Food & Snacks,9,28.5,2022-03-27,256.5,191
TXN-02941,Bread Loaf,Food & Snacks,7,64.63,2022-03-28,452.41,18
TXN-04774,Instant Noodles (Pack),Grocery,6,14.62,2022-03-28,87.72,24
TXN-01678,Cotton Balls,Personal Care,2,33.31,2022-03-28,66.62,164
TXN-01784,Screen Protector,Electronics,1,100.35,2022-03-29,100.35,252
TXN-05435,Bath Soap,Personal Care,4,46.4,2022-03-29,185.6,80
TXN-01591,Lotion 200Ml,Personal Care,3,147.89,2022-03-29,443.67,184
TXN-03490,Chocolate Bar,Food & Snacks,2,29.98,2022-03-29,59.96,103
TXN-01089,Facial Wash 50Ml,Personal Care,1,122.59,2022-03-29,122.59,442
TXN-06388,Bread Loaf,Food & Snacks,1,65.6,2022-03-30,65.6,342
TXN-02207,Cooking Oil 1L,Grocery,7,93.4,2022-03-30,653.8,181
TXN-01632,Folder (Long),School & Office Supplies,5,17.66,2022-03-31,88.3,337
TXN-04596,Scotch Tape,School & Office Supplies,4,24.79,2022-03-31,99.16,169
TXN-04460,Led Desk Lamp,Electronics,2,559.51,2022-03-31,1119.02,430
TXN-04056,Bread Loaf,Food & Snacks,5,63.6,2022-03-31,318.0,220
TXN-02964,Juice Drink 250Ml,Food & Snacks,10,18.15,2022-03-31,181.5,165
TXN-06022,Bottled Water 1.5L,Grocery,7,23.91,2022-03-31,167.37,52
TXN-06235,Screen Protector,Electronics,1,101.83,2022-04-01,101.83,187
TXN-03306,Phone Case,Electronics,2,189.49,2022-04-01,378.98,339
TXN-04484,Digital Alarm Clock,Electronics,2,307.85,2022-04-01,615.7,368
TXN-02006,Sugar 1Kg,Grocery,2,73.22,2022-04-01,146.44,74
TXN-05116,White Rice 2Kg,Grocery,2,120.54,2022-04-02,241.08,251
TXN-03403,Soy Sauce 350Ml,Grocery,7,34.56,2022-04-02,241.92,299
TXN-04665,Lollipop Candy,Food & Snacks,4,5.22,2022-04-03,20.88,420
TXN-05251,Led Desk Lamp,Electronics,1,528.5,2022-04-03,528.5,413
TXN-03579,Stapler,School & Office Supplies,5,197.6,2022-04-03,988.0,181
TXN-05579,Coffee Sachet (10S),Grocery,7,64.51,2022-04-03,451.57,5
TXN-05663,White Rice 2Kg,Grocery,7,116.7,2022-04-03,816.9,136
TXN-02416,Led Desk Lamp,Electronics,2,566.18,2022-04-03,1132.36,465
TXN-05124,Cooking Oil 1L,Grocery,2,86.06,2022-04-04,172.12,64
TXN-05535,Staple Wire,School & Office Supplies,5,33.65,2022-04-04,168.25,121
TXN-06019,Bread Loaf,Food & Snacks,4,63.53,2022-04-05,254.12,417
TXN-03787,Folder (Long),School & Office Supplies,1,17.83,2022-04-05,17.83,226
TXN-05378,Softdrink 1.5L,Food & Snacks,7,68.22,2022-04-05,477.54,172
TXN-05384,Potato Chips 60G,Food & Snacks,2,34.55,2022-04-05,69.1,302
TXN-04903,Toothbrush,Personal Care,4,52.62,2022-04-05,210.48,46
TXN-01555,Dishwashing Liquid 500Ml,Household Supplies,3,75.23,2022-04-05,225.69,332
TXN-03261,Sponge Scrub (2S),Household Supplies,1,35.45,2022-04-06,35.45,242
TXN-04115,Floor Mop,Household Supplies,3,250.93,2022-04-06,752.79,202
TXN-04546,Bottled Water 1.5L,Grocery,8,24.0,2022-04-06,192.0,310
TXN-01085,Alcohol 70% 500Ml,Personal Care,2,93.95,2022-04-06,187.9,419
TXN-01773,Electric Fan (Desk),Electronics,1,783.04,2022-04-06,783.04,440
TXN-05364,Soy Sauce 350Ml,Grocery,8,36.04,2022-04-07,288.32,472
TXN-01838,Laundry Detergent 500G,Household Supplies,3,83.57,2022-04-07,250.71,172
TXN-01119,Sanitary Napkin (8S),Personal Care,4,80.13,2022-04-07,320.52,399
TXN-04027,Biscuit Pack,Food & Snacks,8,25.56,2022-04-07,204.48,74
TXN-05094,Lollipop Candy,Food & Snacks,8,4.91,2022-04-07,39.28,379
TXN-03704,Ice Cream Cup,Food & Snacks,10,35.35,2022-04-07,353.5,58
TXN-06034,Mosquito Coil (10S),Household Supplies,2,53.53,2022-04-07,107.06,391
TXN-04159,Bluetooth Speaker,Electronics,2,1571.53,2022-04-08,3143.06,243
TXN-03209,Power Bank 10000Mah,Electronics,1,926.42,2022-04-08,926.42,203
TXN-01914,Power Bank 10000Mah,Electronics,1,860.22,2022-04-08,860.22,225
TXN-05725,Cotton Balls,Personal Care,2,36.71,2022-04-09,73.42,373
TXN-06404,Sponge Scrub (2S),Household Supplies,3,33.48,2022-04-09,100.44,164
TXN-04375,Cooking Oil 1L,Grocery,6,87.63,2022-04-09,525.78,158
TXN-05613,Notebook 80 Leaves,School & Office Supplies,4,52.55,2022-04-09,210.2,218
TXN-02600,Biscuit Pack,Food & Snacks,7,25.25,2022-04-09,176.75,348
TXN-05179,Ballpen (Black),School & Office Supplies,7,12.1,2022-04-09,84.7,233
TXN-03346,Sanitary Napkin (8S),Personal Care,3,81.59,2022-04-09,244.77,315
TXN-06343,Air Freshener Spray,Household Supplies,1,132.65,2022-04-09,132.65,29
TXN-05952,Ice Cream Cup,Food & Snacks,6,36.15,2022-04-09,216.9,188
TXN-05208,Air Freshener Spray,Household Supplies,1,123.11,2022-04-10,123.11,56
TXN-01620,Lollipop Candy,Food & Snacks,8,5.09,2022-04-10,40.72,383
TXN-01321,Toothbrush,Personal Care,2,52.35,2022-04-10,104.7,241
TXN-04276,White Rice 2Kg,Grocery,7,122.03,2022-04-11,854.21,357
TXN-04127,Biscuit Pack,Food & Snacks,8,26.04,2022-04-11,208.32,46
TXN-05585,Cooking Oil 1L,Grocery,6,86.08,2022-04-11,516.48,307
TXN-02591,Vinegar 350Ml,Grocery,8,31.08,2022-04-11,248.64,193
TXN-01964,Energy Drink 250Ml,Food & Snacks,10,44.32,2022-04-11,443.2,126
TXN-04613,Sugar 1Kg,Grocery,7,77.4,2022-04-12,541.8,8
TXN-03467,Toothbrush,Personal Care,2,53.73,2022-04-12,107.46,134
TXN-04017,Electric Fan (Desk),Electronics,1,777.97,2022-04-12,777.97,403
TXN-04873,Notebook 80 Leaves,School & Office Supplies,2,55.23,2022-04-12,110.46,277
TXN-04047,Vinegar 350Ml,Grocery,5,29.01,2022-04-12,145.05,37
TXN-02273,Electric Fan (Desk),Electronics,2,819.92,2022-04-13,1639.84,425
TXN-04740,Shampoo Sachet,Personal Care,2,7.88,2022-04-13,15.76,29
TXN-06110,Cooking Oil 1L,Grocery,7,90.28,2022-04-13,631.96,249
TXN-04944,Fabric Conditioner 500Ml,Household Supplies,3,94.48,2022-04-13,283.44,235
TXN-03143,Instant Noodles (Pack),Grocery,1,15.09,2022-04-13,15.09,292
TXN-05293,Notebook 80 Leaves,School & Office Supplies,6,57.6,2022-04-13,345.6,251
TXN-05043,Sugar 1Kg,Grocery,6,77.47,2022-04-14,464.82,362
TXN-03609,Digital Alarm Clock,Electronics,1,287.64,2022-04-15,287.64,392
TXN-06241,Bottled Water 1.5L,Grocery,1,25.95,2022-04-15,25.95,20
TXN-04851,Facial Wash 50Ml,Personal Care,4,115.05,2022-04-15,460.2,275
TXN-03599,Candle (6S),Household Supplies,1,42.94,2022-04-15,42.94,380
TXN-02171,Softdrink 1.5L,Food & Snacks,8,63.91,2022-04-16,511.28,163
TXN-05316,Extension Cord,Electronics,2,356.23,2022-04-16,712.46,112
TXN-03415,Biscuit Pack,Food & Snacks,7,23.9,2022-04-16,167.3,186
TXN-02901,Soy Sauce 350Ml,Grocery,4,35.21,2022-04-16,140.84,84
TXN-03108,Cotton Balls,Personal Care,1,36.17,2022-04-16,36.17,101
TXN-04430,Energy Drink 250Ml,Food & Snacks,7,46.98,2022-04-16,328.86,165
TXN-06239,Softdrink 1.5L,Food & Snacks,9,64.68,2022-04-17,582.12,49
TXN-05069,Chocolate Bar,Food & Snacks,4,31.42,2022-04-17,125.68,193
TXN-05066,Sponge Scrub (2S),Household Supplies,3,33.27,2022-04-17,99.81,203
TXN-01323,Bottled Water 1.5L,Grocery,8,25.37,2022-04-17,202.96,101
TXN-05362,Laundry Detergent 500G,Household Supplies,1,87.47,2022-04-17,87.47,111
TXN-04783,Bottled Water 1.5L,Grocery,7,24.12,2022-04-17,168.84,271
TXN-04838,Notebook 80 Leaves,School & Office Supplies,3,55.03,2022-04-17,165.09,287
TXN-02962,Cooking Oil 1L,Grocery,2,86.34,2022-04-18,172.68,52
TXN-02859,Screen Protector,Electronics,1,95.11,2022-04-18,95.11,221
TXN-02548,Scotch Tape,School & Office Supplies,6,23.95,2022-04-18,143.7,278
TXN-05423,Softdrink 1.5L,Food & Snacks,9,65.16,2022-04-18,586.44,158
TXN-05425,Candle (6S),Household Supplies,2,45.22,2022-04-18,90.44,346
TXN-02042,Chocolate Bar,Food & Snacks,6,30.96,2022-04-19,185.76,298
TXN-01048,Pencil,School & Office Supplies,5,10.33,2022-04-19,51.65,331
TXN-05545,Lollipop Candy,Food & Snacks,6,4.89,2022-04-19,29.34,332
TXN-05948,Lotion 200Ml,Personal Care,4,148.59,2022-04-19,594.36,370
TXN-05126,Evaporated Milk,Grocery,1,40.13,2022-04-19,40.13,158
TXN-04925,Highlighter,School & Office Supplies,4,45.35,2022-04-19,181.4,350
TXN-03213,Bread Loaf,Food & Snacks,3,61.9,2022-04-20,185.7,330
TXN-01958,Ice Cream Cup,Food & Snacks,7,34.93,2022-04-20,244.51,295
TXN-01259,Trash Bag (10S),Household Supplies,1,53.45,2022-04-20,53.45,363
TXN-04394,Biscuit Pack,Food & Snacks,5,24.66,2022-04-21,123.3,4
TXN-03433,Cotton Balls,Personal Care,2,36.37,2022-04-21,72.74,88
TXN-05639,Coffee Sachet (10S),Grocery,4,65.3,2022-04-21,261.2,189
TXN-01795,Sugar 1Kg,Grocery,7,77.36,2022-04-21,541.52,108
TXN-02422,Highlighter,School & Office Supplies,4,43.05,2022-04-22,172.2,135
TXN-03904,Phone Case,Electronics,2,206.1,2022-04-22,412.2,329
TXN-03073,Sanitary Napkin (8S),Personal Care,1,75.27,2022-04-22,75.27,323
TXN-02335,Softdrink 1.5L,Food & Snacks,7,65.8,2022-04-22,460.6,135
TXN-01887,Fabric Conditioner 500Ml,Household Supplies,3,91.08,2022-04-22,273.24,305
TXN-01675,Toothpaste 75G,Personal Care,1,67.21,2022-04-22,67.21,292
TXN-05601,Sugar 1Kg,Grocery,2,72.34,2022-04-22,144.68,259
TXN-04436,Lotion 200Ml,Personal Care,1,155.46,2022-04-23,155.46,40
TXN-04489,Staple Wire,School & Office Supplies,1,36.32,2022-04-23,36.32,176
TXN-05187,Soy Sauce 350Ml,Grocery,7,34.67,2022-04-23,242.69,16
TXN-06413,Cotton Balls,Personal Care,1,33.37,2022-04-23,33.37,315
TXN-01640,Bath Soap,Personal Care,1,45.01,2022-04-23,45.01,228
TXN-05754,White Rice 2Kg,Grocery,6,123.97,2022-04-24,743.82,127
TXN-02552,White Rice 2Kg,Grocery,3,123.98,2022-04-24,371.94,187
TXN-04617,Dishwashing Liquid 500Ml,Household Supplies,1,73.12,2022-04-24,73.12,272
TXN-01310,Bluetooth Speaker,Electronics,1,1572.79,2022-04-24,1572.79,292
TXN-03762,Sugar 1Kg,Grocery,5,77.6,2022-04-24,388.0,165
TXN-01239,Sugar 1Kg,Grocery,6,74.74,2022-04-25,448.44,198
TXN-02184,Soy Sauce 350Ml,Grocery,3,36.17,2022-04-25,108.51,187
TXN-06152,Cooking Oil 1L,Grocery,7,86.47,2022-04-25,605.29,236
TXN-04250,Wireless Earbuds,Electronics,1,1308.69,2022-04-25,1308.69,243
TXN-03335,Fabric Conditioner 500Ml,Household Supplies,2,96.21,2022-04-25,192.42,263
TXN-05225,Air Freshener Spray,Household Supplies,1,125.98,2022-04-25,125.98,52
TXN-04088,Laundry Detergent 500G,Household Supplies,3,88.46,2022-04-26,265.38,135
TXN-05191,Softdrink 1.5L,Food & Snacks,4,66.9,2022-04-26,267.6,179
TXN-04619,Power Bank 10000Mah,Electronics,1,920.06,2022-04-26,920.06,177
TXN-01534,Vinegar 350Ml,Grocery,3,30.27,2022-04-26,90.81,374
TXN-01182,Wireless Earbuds,Electronics,1,1332.63,2022-04-27,1332.63,277
TXN-04889,Cooking Oil 1L,Grocery,1,92.17,2022-04-27,92.17,86
TXN-02190,Coffee Sachet (10S),Grocery,2,67.47,2022-04-28,134.94,234
TXN-04952,Dishwashing Liquid 500Ml,Household Supplies,1,72.25,2022-04-28,72.25,263
TXN-03206,Sugar 1Kg,Grocery,2,72.99,2022-04-28,145.98,318
TXN-03722,White Rice 2Kg,Grocery,4,114.72,2022-04-28,458.88,23
TXN-04868,Led Desk Lamp,Electronics,1,570.37,2022-04-28,570.37,426
TXN-03755,Cooking Oil 1L,Grocery,7,87.31,2022-04-28,611.17,235
TXN-02612,Usb Charging Cable,Electronics,1,143.35,2022-04-28,143.35,455
TXN-03642,Extension Cord,Electronics,2,338.23,2022-04-29,676.46,133
TXN-06452,Softdrink 1.5L,Food & Snacks,8,65.65,2022-04-29,525.2,17
TXN-05299,Bread Loaf,Food & Snacks,5,63.84,2022-04-29,319.2,31
TXN-06058,Bottled Water 1.5L,Grocery,8,25.48,2022-04-29,203.84,44
TXN-03214,Mosquito Coil (10S),Household Supplies,1,53.69,2022-04-29,53.69,453
TXN-01866,"Bond Paper (Short, 10S)",School & Office Supplies,1,30.15,2022-04-29,30.15,397
TXN-01413,Deodorant Roll-On,Personal Care,1,92.19,2022-04-30,92.19,239
TXN-05992,Cotton Balls,Personal Care,1,35.25,2022-04-30,35.25,354
TXN-04408,Bottled Water 1.5L,Grocery,4,24.08,2022-04-30,96.32,335
TXN-04458,Vinegar 350Ml,Grocery,4,30.75,2022-04-30,123.0,320
TXN-06120,Electric Fan (Desk),Electronics,1,820.21,2022-04-30,820.21,371
TXN-04100,Evaporated Milk,Grocery,9,40.58,2022-05-01,365.22,17
TXN-03317,Soy Sauce 350Ml,Grocery,4,33.78,2022-05-01,135.12,335
TXN-04547,Alcohol 70% 500Ml,Personal Care,4,96.22,2022-05-01,384.88,289
TXN-03627,Lotion 200Ml,Personal Care,4,148.65,2022-05-01,594.6,89
TXN-03899,Facial Wash 50Ml,Personal Care,2,123.87,2022-05-01,247.74,316
TXN-05983,Pencil,School & Office Supplies,3,9.63,2022-05-01,28.89,101
TXN-03910,Softdrink 1.5L,Food & Snacks,4,63.09,2022-05-02,252.36,61
TXN-04633,Lollipop Candy,Food & Snacks,11,5.24,2022-05-02,57.64,429
TXN-02395,Coffee Sachet (10S),Grocery,1,66.26,2022-05-02,66.26,197
TXN-04936,Air Freshener Spray,Household Supplies,1,129.77,2022-05-03,129.77,68
TXN-04344,Usb Charging Cable,Electronics,2,147.8,2022-05-03,295.6,418
TXN-05677,Biscuit Pack,Food & Snacks,4,25.97,2022-05-03,103.88,235
TXN-01172,Juice Drink 250Ml,Food & Snacks,5,17.91,2022-05-03,89.55,439
TXN-01817,Sugar 1Kg,Grocery,1,75.85,2022-05-03,75.85,101
TXN-02260,Air Freshener Spray,Household Supplies,1,134.05,2022-05-03,134.05,132
TXN-03708,Stapler,School & Office Supplies,1,191.95,2022-05-03,191.95,164
TXN-02828,Ballpen (Black),School & Office Supplies,1,11.96,2022-05-03,11.96,379
TXN-01672,Vinegar 350Ml,Grocery,2,30.94,2022-05-04,61.88,368
TXN-02441,Deodorant Roll-On,Personal Care,4,88.14,2022-05-04,352.56,196
TXN-05091,Canned Sardines,Grocery,6,27.2,2022-05-04,163.2,167
TXN-04649,Juice Drink 250Ml,Food & Snacks,1,17.91,2022-05-04,17.91,129
TXN-04763,Soy Sauce 350Ml,Grocery,9,33.83,2022-05-04,304.47,103
TXN-04671,Chocolate Bar,Food & Snacks,11,30.81,2022-05-04,338.91,241
TXN-01677,White Rice 2Kg,Grocery,2,119.16,2022-05-04,238.32,310
TXN-03160,Soy Sauce 350Ml,Grocery,8,35.76,2022-05-04,286.08,2
TXN-02883,Stapler,School & Office Supplies,1,204.2,2022-05-05,204.2,215
TXN-04841,White Rice 2Kg,Grocery,1,115.12,2022-05-05,115.12,271
TXN-05012,Screen Protector,Electronics,2,94.57,2022-05-05,189.14,195
TXN-05684,Shampoo Sachet,Personal Care,1,8.04,2022-05-05,8.04,300
TXN-06476,Bottled Water 1.5L,Grocery,8,24.69,2022-05-05,197.52,200
TXN-01243,Juice Drink 250Ml,Food & Snacks,3,18.36,2022-05-06,55.08,413
TXN-03767,Evaporated Milk,Grocery,7,39.92,2022-05-06,279.44,94
TXN-04642,Dishwashing Liquid 500Ml,Household Supplies,1,72.3,2022-05-06,72.3,271
TXN-02121,Highlighter,School & Office Supplies,1,45.77,2022-05-06,45.77,139
TXN-05302,"Bond Paper (Short, 10S)",School & Office Supplies,4,30.61,2022-05-06,122.44,181
TXN-03322,Bath Soap,Personal Care,3,46.76,2022-05-06,140.28,154
TXN-02426,Instant Noodles (Pack),Grocery,5,14.41,2022-05-07,72.05,412
TXN-05249,White Rice 2Kg,Grocery,8,121.58,2022-05-07,972.64,206
TXN-01798,Coffee Sachet (10S),Grocery,6,63.09,2022-05-07,378.54,304
TXN-05133,Soy Sauce 350Ml,Grocery,7,33.61,2022-05-07,235.27,23
TXN-03557,Peanuts 100G,Food & Snacks,3,27.66,2022-05-07,82.98,311
TXN-03912,Coffee Sachet (10S),Grocery,9,66.77,2022-05-07,600.93,242
TXN-03365,Floor Mop,Household Supplies,1,260.62,2022-05-08,260.62,216
TXN-05084,Ballpen (Black),School & Office Supplies,1,12.51,2022-05-08,12.51,247
TXN-01464,Juice Drink 250Ml,Food & Snacks,1,18.8,2022-05-08,18.8,400
TXN-04808,Floor Mop,Household Supplies,1,248.23,2022-05-09,248.23,187
TXN-03855,Bottled Water 1.5L,Grocery,6,24.55,2022-05-09,147.3,395
TXN-04139,Highlighter,School & Office Supplies,3,45.33,2022-05-09,135.99,47
TXN-01435,Sugar 1Kg,Grocery,8,74.19,2022-05-09,593.52,179
TXN-05628,Bottled Water 1.5L,Grocery,1,24.14,2022-05-09,24.14,119
TXN-04212,Sugar 1Kg,Grocery,6,72.61,2022-05-09,435.66,61
TXN-05415,Juice Drink 250Ml,Food & Snacks,4,18.39,2022-05-09,73.56,62
TXN-06385,Scotch Tape,School & Office Supplies,5,24.41,2022-05-09,122.05,48
TXN-06327,Mosquito Coil (10S),Household Supplies,1,55.68,2022-05-10,55.68,384
TXN-01702,Softdrink 1.5L,Food & Snacks,6,67.6,2022-05-10,405.6,221
TXN-04890,Ice Cream Cup,Food & Snacks,11,36.02,2022-05-10,396.22,280
TXN-01609,Notebook 80 Leaves,School & Office Supplies,2,56.4,2022-05-10,112.8,430
TXN-01030,Biscuit Pack,Food & Snacks,11,25.33,2022-05-11,278.63,149
TXN-06219,Candle (6S),Household Supplies,1,42.77,2022-05-11,42.77,318
TXN-04766,Soy Sauce 350Ml,Grocery,3,35.25,2022-05-11,105.75,100
TXN-01545,Evaporated Milk,Grocery,9,43.47,2022-05-11,391.23,189
TXN-01972,Stapler,School & Office Supplies,4,208.56,2022-05-12,834.24,249
TXN-01255,Shampoo Sachet,Personal Care,1,8.38,2022-05-12,8.38,141
TXN-04483,Juice Drink 250Ml,Food & Snacks,3,17.38,2022-05-12,52.14,151
TXN-04697,Energy Drink 250Ml,Food & Snacks,3,45.22,2022-05-12,135.66,96
TXN-01789,Phone Case,Electronics,2,206.76,2022-05-12,413.52,372
TXN-05841,Lotion 200Ml,Personal Care,2,144.84,2022-05-13,289.68,384
TXN-01188,Ice Cream Cup,Food & Snacks,7,33.81,2022-05-13,236.67,429
TXN-04501,Vinegar 350Ml,Grocery,3,29.71,2022-05-13,89.13,306
TXN-04037,Lollipop Candy,Food & Snacks,5,5.21,2022-05-14,26.05,12
TXN-01833,Ice Cream Cup,Food & Snacks,7,35.84,2022-05-14,250.88,337
TXN-01283,White Rice 2Kg,Grocery,4,123.11,2022-05-14,492.44,390
TXN-02312,Lotion 200Ml,Personal Care,4,145.06,2022-05-14,580.24,161
TXN-01918,Dishwashing Liquid 500Ml,Household Supplies,1,72.03,2022-05-14,72.03,324
TXN-05426,Shampoo Sachet,Personal Care,3,8.19,2022-05-14,24.57,6
TXN-02696,Instant Noodles (Pack),Grocery,1,14.84,2022-05-15,14.84,381
TXN-03349,Bath Soap,Personal Care,1,44.8,2022-05-15,44.8,153
TXN-03048,Sugar 1Kg,Grocery,9,73.62,2022-05-15,662.58,340
TXN-02550,Stapler,School & Office Supplies,2,195.4,2022-05-15,390.8,230
TXN-04053,Biscuit Pack,Food & Snacks,2,25.6,2022-05-15,51.2,54
TXN-03861,Potato Chips 60G,Food & Snacks,4,35.91,2022-05-15,143.64,11
TXN-02923,Staple Wire,School & Office Supplies,1,36.27,2022-05-16,36.27,253
TXN-03768,Soy Sauce 350Ml,Grocery,2,33.29,2022-05-16,66.58,276
TXN-03869,Softdrink 1.5L,Food & Snacks,10,65.69,2022-05-16,656.9,80
TXN-05818,Energy Drink 250Ml,Food & Snacks,10,43.22,2022-05-16,432.2,326
TXN-03961,Sugar 1Kg,Grocery,6,71.27,2022-05-16,427.62,131
TXN-01356,Coffee Sachet (10S),Grocery,6,67.21,2022-05-16,403.26,379
TXN-02140,Power Bank 10000Mah,Electronics,1,867.64,2022-05-17,867.64,221
TXN-01162,Shampoo Sachet,Personal Care,4,7.78,2022-05-17,31.12,143
TXN-05899,Instant Noodles (Pack),Grocery,2,15.54,2022-05-17,31.08,250
TXN-06254,Facial Wash 50Ml,Personal Care,3,114.98,2022-05-17,344.94,207
TXN-05433,Softdrink 1.5L,Food & Snacks,8,64.58,2022-05-17,516.64,150
TXN-06256,Coffee Sachet (10S),Grocery,2,65.77,2022-05-17,131.54,43
TXN-01787,Ice Cream Cup,Food & Snacks,8,35.18,2022-05-18,281.44,344
TXN-01187,Juice Drink 250Ml,Food & Snacks,10,17.74,2022-05-18,177.4,429
TXN-05485,Bottled Water 1.5L,Grocery,9,23.84,2022-05-19,214.56,146
TXN-05550,Bath Soap,Personal Care,1,47.13,2022-05-19,47.13,73
TXN-01019,Canned Sardines,Grocery,3,27.27,2022-05-19,81.81,346
TXN-01723,Toothpaste 75G,Personal Care,1,62.63,2022-05-19,62.63,287
TXN-02220,Juice Drink 250Ml,Food & Snacks,10,18.74,2022-05-19,187.4,292
TXN-05531,Dishwashing Liquid 500Ml,Household Supplies,3,71.92,2022-05-19,215.76,255
TXN-02231,Cooking Oil 1L,Grocery,4,89.89,2022-05-19,359.56,169
TXN-03792,Potato Chips 60G,Food & Snacks,6,34.51,2022-05-20,207.06,28
TXN-03410,Sanitary Napkin (8S),Personal Care,4,76.57,2022-05-20,306.28,309
TXN-01207,Evaporated Milk,Grocery,9,41.31,2022-05-20,371.79,256
TXN-05877,Vinegar 350Ml,Grocery,6,30.02,2022-05-20,180.12,288
TXN-06121,Sugar 1Kg,Grocery,6,78.17,2022-05-21,469.02,130
TXN-02125,Power Bank 10000Mah,Electronics,1,865.77,2022-05-21,865.77,222
TXN-01233,Scotch Tape,School & Office Supplies,2,24.51,2022-05-21,49.02,357
TXN-01848,Toothpaste 75G,Personal Care,3,62.5,2022-05-21,187.5,276
TXN-05549,Deodorant Roll-On,Personal Care,1,92.18,2022-05-21,92.18,53
TXN-05657,Canned Sardines,Grocery,3,27.77,2022-05-21,83.31,101
TXN-05997,Floor Mop,Household Supplies,1,255.89,2022-05-22,255.89,150
TXN-01712,Ballpen (Black),School & Office Supplies,1,11.42,2022-05-22,11.42,430
TXN-03831,Eraser,School & Office Supplies,1,14.81,2022-05-22,14.81,77
TXN-01908,Canned Sardines,Grocery,2,28.03,2022-05-22,56.06,221
TXN-03624,Mosquito Coil (10S),Household Supplies,3,55.98,2022-05-22,167.94,445
TXN-03255,Toothpaste 75G,Personal Care,4,63.24,2022-05-23,252.96,204
TXN-02170,Bluetooth Speaker,Electronics,1,1443.37,2022-05-23,1443.37,278
TXN-04369,Ballpen (Black),School & Office Supplies,7,11.64,2022-05-23,81.48,289
TXN-06395,Stapler,School & Office Supplies,4,206.24,2022-05-23,824.96,13
TXN-01697,Juice Drink 250Ml,Food & Snacks,4,18.41,2022-05-24,73.64,391
TXN-01816,Mosquito Coil (10S),Household Supplies,3,53.42,2022-05-25,160.26,479
TXN-06415,Stapler,School & Office Supplies,4,192.55,2022-05-25,770.2,9
TXN-05978,Biscuit Pack,Food & Snacks,1,26.16,2022-05-25,26.16,207
TXN-02544,Deodorant Roll-On,Personal Care,4,88.89,2022-05-25,355.56,185
TXN-02830,Canned Sardines,Grocery,5,28.13,2022-05-26,140.65,92
TXN-03468,Staple Wire,School & Office Supplies,1,33.95,2022-05-26,33.95,238
TXN-05609,Evaporated Milk,Grocery,1,40.8,2022-05-26,40.8,41
TXN-04203,Juice Drink 250Ml,Food & Snacks,3,17.36,2022-05-26,52.08,226
TXN-04204,Toothpaste 75G,Personal Care,1,64.75,2022-05-26,64.75,188
TXN-02435,Ballpen (Black),School & Office Supplies,3,11.75,2022-05-27,35.25,394
TXN-05686,Sugar 1Kg,Grocery,3,73.75,2022-05-27,221.25,238
TXN-01801,Cotton Balls,Personal Care,1,34.12,2022-05-27,34.12,154
TXN-05858,Instant Noodles (Pack),Grocery,6,15.69,2022-05-27,94.14,255
TXN-03117,Sponge Scrub (2S),Household Supplies,1,35.11,2022-05-27,35.11,247
TXN-02238,"Bond Paper (Short, 10S)",School & Office Supplies,4,29.39,2022-05-27,117.56,356
TXN-01931,Canned Sardines,Grocery,8,29.91,2022-05-27,239.28,213
TXN-02611,Soy Sauce 350Ml,Grocery,6,35.11,2022-05-27,210.66,142
TXN-05106,Soy Sauce 350Ml,Grocery,2,35.92,2022-05-27,71.84,34
TXN-02862,Cooking Oil 1L,Grocery,9,84.77,2022-05-27,762.93,66
TXN-02061,Alcohol 70% 500Ml,Personal Care,3,96.48,2022-05-27,289.44,396
TXN-02502,Led Desk Lamp,Electronics,1,566.79,2022-05-28,566.79,461
TXN-04461,Air Freshener Spray,Household Supplies,3,132.09,2022-05-28,396.27,81
TXN-01844,Sponge Scrub (2S),Household Supplies,1,33.62,2022-05-28,33.62,283
TXN-03797,Sugar 1Kg,Grocery,9,73.58,2022-05-28,662.22,156
TXN-01423,Soy Sauce 350Ml,Grocery,6,34.54,2022-05-28,207.24,252
TXN-06443,Folder (Long),School & Office Supplies,7,17.29,2022-05-28,121.03,43
TXN-01034,Highlighter,School & Office Supplies,7,42.83,2022-05-29,299.81,208
TXN-04319,Lollipop Candy,Food & Snacks,1,4.87,2022-05-29,4.87,465
TXN-05726,Energy Drink 250Ml,Food & Snacks,2,45.84,2022-05-29,91.68,358
TXN-05038,Highlighter,School & Office Supplies,3,43.67,2022-05-29,131.01,346
TXN-01143,Energy Drink 250Ml,Food & Snacks,8,46.78,2022-05-29,374.24,243
TXN-02470,"Bond Paper (Short, 10S)",School & Office Supplies,3,29.21,2022-05-29,87.63,340
TXN-01594,Notebook 80 Leaves,School & Office Supplies,6,56.78,2022-05-30,340.68,432
TXN-04060,Ballpen (Black),School & Office Supplies,6,12.42,2022-05-30,74.52,307
TXN-05739,Pencil,School & Office Supplies,3,10.4,2022-05-30,31.2,110
TXN-02110,Bath Soap,Personal Care,1,44.0,2022-05-30,44.0,211
TXN-01032,Coffee Sachet (10S),Grocery,4,65.1,2022-05-31,260.4,458
TXN-05820,Trash Bag (10S),Household Supplies,1,52.99,2022-05-31,52.99,271
TXN-06306,Floor Mop,Household Supplies,1,255.22,2022-05-31,255.22,146
TXN-05067,Vinegar 350Ml,Grocery,6,30.15,2022-05-31,180.9,197
TXN-03114,Screen Protector,Electronics,1,102.71,2022-05-31,102.71,215
TXN-01214,Bottled Water 1.5L,Grocery,6,23.97,2022-06-01,143.82,136
TXN-05911,Potato Chips 60G,Food & Snacks,1,33.67,2022-06-01,33.67,226
TXN-02719,Usb Charging Cable,Electronics,2,151.85,2022-06-01,303.7,452
TXN-01296,Stapler,School & Office Supplies,7,207.18,2022-06-01,1450.26,311
TXN-06355,Highlighter,School & Office Supplies,3,45.98,2022-06-02,137.94,279
TXN-03639,Peanuts 100G,Food & Snacks,6,27.53,2022-06-02,165.18,296
TXN-06174,Lollipop Candy,Food & Snacks,5,5.21,2022-06-02,26.05,244
TXN-05454,Evaporated Milk,Grocery,7,42.78,2022-06-02,299.46,93
TXN-02455,Lotion 200Ml,Personal Care,4,147.72,2022-06-02,590.88,152
TXN-01880,Candle (6S),Household Supplies,1,46.76,2022-06-03,46.76,413
TXN-02592,Ballpen (Black),School & Office Supplies,5,12.34,2022-06-03,61.7,388
TXN-02169,Potato Chips 60G,Food & Snacks,7,33.76,2022-06-03,236.32,179
TXN-02332,Toothpaste 75G,Personal Care,2,61.85,2022-06-03,123.7,262
TXN-04383,Soy Sauce 350Ml,Grocery,2,34.48,2022-06-03,68.96,188
TXN-04081,Notebook 80 Leaves,School & Office Supplies,1,53.85,2022-06-04,53.85,316
TXN-02143,Biscuit Pack,Food & Snacks,9,25.88,2022-06-04,232.92,411
TXN-01278,Phone Case,Electronics,1,205.36,2022-06-04,205.36,381
TXN-02347,Energy Drink 250Ml,Food & Snacks,2,45.42,2022-06-04,90.84,68
TXN-04892,Stapler,School & Office Supplies,1,201.51,2022-06-05,201.51,88
TXN-02153,Peanuts 100G,Food & Snacks,7,27.1,2022-06-05,189.7,114
TXN-01443,Bottled Water 1.5L,Grocery,3,25.48,2022-06-05,76.44,90
TXN-01962,Evaporated Milk,Grocery,5,43.48,2022-06-05,217.4,108
TXN-04550,Canned Sardines,Grocery,3,27.91,2022-06-05,83.73,53
TXN-06107,Cotton Balls,Personal Care,3,35.05,2022-06-05,105.15,339
TXN-03669,Lotion 200Ml,Personal Care,3,147.52,2022-06-06,442.56,86
TXN-05947,Evaporated Milk,Grocery,7,39.95,2022-06-06,279.65,398
TXN-04156,Sugar 1Kg,Grocery,9,73.93,2022-06-06,665.37,89
TXN-04754,Biscuit Pack,Food & Snacks,1,25.95,2022-06-06,25.95,381
TXN-03689,Soy Sauce 350Ml,Grocery,5,36.33,2022-06-07,181.65,278
TXN-06205,Ice Cream Cup,Food & Snacks,2,34.28,2022-06-07,68.56,138
TXN-04626,Instant Noodles (Pack),Grocery,3,15.35,2022-06-07,46.05,45
TXN-05010,Shampoo Sachet,Personal Care,3,8.34,2022-06-08,25.02,19
TXN-02588,Candle (6S),Household Supplies,2,43.67,2022-06-08,87.34,393
TXN-01812,Biscuit Pack,Food & Snacks,3,24.11,2022-06-08,72.33,28
TXN-01585,Wireless Earbuds,Electronics,1,1250.67,2022-06-08,1250.67,269
TXN-03072,White Rice 2Kg,Grocery,5,124.2,2022-06-09,621.0,98
TXN-05595,Evaporated Milk,Grocery,3,41.72,2022-06-09,125.16,42
TXN-01980,Floor Mop,Household Supplies,1,255.54,2022-06-09,255.54,246
TXN-06088,Dishwashing Liquid 500Ml,Household Supplies,3,77.64,2022-06-09,232.92,228
TXN-02633,Lollipop Candy,Food & Snacks,2,5.21,2022-06-10,10.42,239
TXN-01354,Power Bank 10000Mah,Electronics,1,920.03,2022-06-10,920.03,231
TXN-05740,Sugar 1Kg,Grocery,4,77.03,2022-06-10,308.12,234
TXN-04289,Instant Noodles (Pack),Grocery,5,14.42,2022-06-10,72.1,97
TXN-02660,Digital Alarm Clock,Electronics,1,286.9,2022-06-10,286.9,409
TXN-01824,Air Freshener Spray,Household Supplies,2,135.07,2022-06-10,270.14,145
TXN-03590,Softdrink 1.5L,Food & Snacks,7,62.61,2022-06-10,438.27,135
TXN-03066,Coffee Sachet (10S),Grocery,5,66.95,2022-06-10,334.75,57
TXN-03790,Juice Drink 250Ml,Food & Snacks,2,18.47,2022-06-10,36.94,15
TXN-04917,Coffee Sachet (10S),Grocery,9,66.11,2022-06-11,594.99,87
TXN-01800,Extension Cord,Electronics,1,335.12,2022-06-11,335.12,156
TXN-03640,Peanuts 100G,Food & Snacks,3,28.34,2022-06-11,85.02,293
TXN-03121,Phone Case,Electronics,2,195.86,2022-06-11,391.72,341
TXN-02388,Shampoo Sachet,Personal Care,4,8.34,2022-06-11,33.36,94
TXN-05702,Stapler,School & Office Supplies,4,208.16,2022-06-11,832.64,49
TXN-04490,Staple Wire,School & Office Supplies,1,35.02,2022-06-11,35.02,175
TXN-05027,Canned Sardines,Grocery,7,27.59,2022-06-11,193.13,178
TXN-01630,Softdrink 1.5L,Food & Snacks,8,67.63,2022-06-12,541.04,227
TXN-04886,Vinegar 350Ml,Grocery,8,29.44,2022-06-12,235.52,219
TXN-02088,Juice Drink 250Ml,Food & Snacks,10,18.88,2022-06-13,188.8,316
TXN-04018,Toothbrush,Personal Care,1,53.39,2022-06-13,53.39,99
TXN-02818,Power Bank 10000Mah,Electronics,1,935.89,2022-06-13,935.89,208
TXN-04242,Evaporated Milk,Grocery,8,43.81,2022-06-13,350.48,264
TXN-05336,Chocolate Bar,Food & Snacks,7,30.48,2022-06-13,213.36,165
TXN-01312,Sugar 1Kg,Grocery,3,74.47,2022-06-13,223.41,195
TXN-04228,Bath Soap,Personal Care,4,44.33,2022-06-14,177.32,117
TXN-04901,Extension Cord,Electronics,2,337.46,2022-06-14,674.92,119
TXN-05650,Dishwashing Liquid 500Ml,Household Supplies,1,78.38,2022-06-14,78.38,251
TXN-05863,Candle (6S),Household Supplies,1,45.62,2022-06-14,45.62,331
TXN-02065,Staple Wire,School & Office Supplies,3,34.61,2022-06-14,103.83,293
TXN-01293,White Rice 2Kg,Grocery,2,115.98,2022-06-14,231.96,388
TXN-01008,Sanitary Napkin (8S),Personal Care,1,75.14,2022-06-14,75.14,410
TXN-02343,Canned Sardines,Grocery,4,29.75,2022-06-15,119.0,150
TXN-04161,Lotion 200Ml,Personal Care,1,142.27,2022-06-15,142.27,67
TXN-03093,Screen Protector,Electronics,2,102.7,2022-06-15,205.4,216
TXN-03150,Juice Drink 250Ml,Food & Snacks,2,18.08,2022-06-15,36.16,137
TXN-04406,Toothbrush,Personal Care,1,54.95,2022-06-15,54.95,82
TXN-05050,Deodorant Roll-On,Personal Care,3,86.25,2022-06-15,258.75,74
TXN-04855,Led Desk Lamp,Electronics,1,532.36,2022-06-16,532.36,428
TXN-03460,Sanitary Napkin (8S),Personal Care,4,77.88,2022-06-16,311.52,305
TXN-03060,Peanuts 100G,Food & Snacks,4,27.92,2022-06-17,111.68,360
TXN-04371,Softdrink 1.5L,Food & Snacks,7,64.9,2022-06-17,454.3,20
TXN-01540,Wireless Earbuds,Electronics,1,1332.63,2022-06-18,1332.63,270
TXN-01509,White Rice 2Kg,Grocery,1,125.98,2022-06-18,125.98,364
TXN-02367,Biscuit Pack,Food & Snacks,9,25.11,2022-06-18,225.99,392
TXN-06465,Instant Noodles (Pack),Grocery,9,15.7,2022-06-18,141.3,160
TXN-05814,Laundry Detergent 500G,Household Supplies,3,81.59,2022-06-18,244.77,88
TXN-04654,Cotton Balls,Personal Care,1,35.27,2022-06-18,35.27,52
TXN-02950,Pencil,School & Office Supplies,1,9.73,2022-06-18,9.73,237
TXN-05360,Juice Drink 250Ml,Food & Snacks,10,17.71,2022-06-18,177.1,66
TXN-02079,Phone Case,Electronics,1,198.29,2022-06-18,198.29,363
TXN-02801,Usb Charging Cable,Electronics,1,155.15,2022-06-19,155.15,447
TXN-01717,Potato Chips 60G,Food & Snacks,4,36.19,2022-06-19,144.76,266
TXN-01709,Sponge Scrub (2S),Household Supplies,1,34.79,2022-06-19,34.79,286
TXN-01584,Sanitary Napkin (8S),Personal Care,1,75.49,2022-06-19,75.49,385
TXN-04996,Floor Mop,Household Supplies,1,257.32,2022-06-19,257.32,183
TXN-03954,Vinegar 350Ml,Grocery,6,30.59,2022-06-20,183.54,47
TXN-01066,Pencil,School & Office Supplies,1,9.52,2022-06-20,9.52,330
TXN-01578,Potato Chips 60G,Food & Snacks,10,36.07,2022-06-20,360.7,307
TXN-01436,Toothbrush,Personal Care,1,54.56,2022-06-20,54.56,239
TXN-03189,Lollipop Candy,Food & Snacks,1,5.18,2022-06-21,5.18,135
TXN-05574,Biscuit Pack,Food & Snacks,11,23.87,2022-06-21,262.57,254
TXN-05816,Cotton Balls,Personal Care,1,34.93,2022-06-21,34.93,361
TXN-03437,Stapler,School & Office Supplies,3,206.51,2022-06-21,619.53,194
TXN-05772,Evaporated Milk,Grocery,5,40.52,2022-06-22,202.6,20
TXN-05290,Power Bank 10000Mah,Electronics,1,921.47,2022-06-22,921.47,166
TXN-02167,Bread Loaf,Food & Snacks,2,62.85,2022-06-22,125.7,118
TXN-01374,Candle (6S),Household Supplies,1,47.2,2022-06-22,47.2,425
TXN-04536,Shampoo Sachet,Personal Care,2,8.08,2022-06-23,16.16,36
TXN-01148,Phone Case,Electronics,1,195.28,2022-06-23,195.28,382
TXN-06272,Sponge Scrub (2S),Household Supplies,3,35.27,2022-06-24,105.81,168
TXN-01514,White Rice 2Kg,Grocery,8,125.05,2022-06-24,1000.4,347
TXN-01910,Dishwashing Liquid 500Ml,Household Supplies,1,73.94,2022-06-24,73.94,325
TXN-04002,Juice Drink 250Ml,Food & Snacks,10,17.19,2022-06-24,171.9,239
TXN-01023,Dishwashing Liquid 500Ml,Household Supplies,1,78.44,2022-06-24,78.44,347
TXN-05861,"Bond Paper (Short, 10S)",School & Office Supplies,2,30.99,2022-06-24,61.98,157
TXN-01802,Biscuit Pack,Food & Snacks,10,24.98,2022-06-24,249.8,31
TXN-03104,Ballpen (Black),School & Office Supplies,1,11.79,2022-06-25,11.79,369
TXN-02748,Phone Case,Electronics,2,198.06,2022-06-25,396.12,354
TXN-05479,Mosquito Coil (10S),Household Supplies,1,53.87,2022-06-25,53.87,399
TXN-02762,Scotch Tape,School & Office Supplies,3,23.88,2022-06-25,71.64,264
TXN-03872,Deodorant Roll-On,Personal Care,1,90.96,2022-06-25,90.96,143
TXN-03239,White Rice 2Kg,Grocery,6,122.55,2022-06-26,735.3,73
TXN-04748,Lollipop Candy,Food & Snacks,4,4.95,2022-06-26,19.8,416
TXN-06116,Alcohol 70% 500Ml,Personal Care,1,96.44,2022-06-26,96.44,258
TXN-05358,Highlighter,School & Office Supplies,3,43.41,2022-06-26,130.23,335
TXN-04259,Sanitary Napkin (8S),Personal Care,3,81.61,2022-06-27,244.83,273
TXN-06013,Alcohol 70% 500Ml,Personal Care,3,92.4,2022-06-27,277.2,262
TXN-04232,Biscuit Pack,Food & Snacks,6,24.38,2022-06-27,146.28,28
TXN-06338,Vinegar 350Ml,Grocery,2,29.41,2022-06-28,58.82,224
TXN-01385,Extension Cord,Electronics,1,365.82,2022-06-28,365.82,163
TXN-02876,Fabric Conditioner 500Ml,Household Supplies,1,96.0,2022-06-28,96.0,266
TXN-02811,Sugar 1Kg,Grocery,2,75.92,2022-06-28,151.84,9
TXN-05729,Softdrink 1.5L,Food & Snacks,5,65.13,2022-06-28,325.65,101
TXN-02038,White Rice 2Kg,Grocery,9,124.71,2022-06-28,1122.39,259
TXN-04039,Coffee Sachet (10S),Grocery,8,66.46,2022-06-29,531.68,226
TXN-01448,Trash Bag (10S),Household Supplies,3,56.94,2022-06-29,170.82,357
TXN-04196,Staple Wire,School & Office Supplies,4,36.22,2022-06-29,144.88,192
TXN-01421,Alcohol 70% 500Ml,Personal Care,2,98.65,2022-06-29,197.3,410
TXN-03799,Facial Wash 50Ml,Personal Care,3,123.37,2022-06-29,370.11,323
TXN-02785,Softdrink 1.5L,Food & Snacks,1,65.52,2022-06-29,65.52,94
TXN-03283,Vinegar 350Ml,Grocery,1,29.62,2022-06-29,29.62,107
TXN-02627,Sugar 1Kg,Grocery,2,76.81,2022-06-29,153.62,42
TXN-04857,Led Desk Lamp,Electronics,1,543.24,2022-06-30,543.24,427
TXN-02381,Soy Sauce 350Ml,Grocery,4,34.32,2022-06-30,137.28,173
TXN-02482,Biscuit Pack,Food & Snacks,5,24.78,2022-06-30,123.9,373
TXN-01415,Highlighter,School & Office Supplies,7,42.97,2022-06-30,300.79,184
TXN-06052,Trash Bag (10S),Household Supplies,3,56.82,2022-06-30,170.46,268
TXN-02105,Screen Protector,Electronics,1,103.95,2022-07-01,103.95,234
TXN-02208,White Rice 2Kg,Grocery,9,124.88,2022-07-01,1123.92,235
TXN-03865,Instant Noodles (Pack),Grocery,6,15.71,2022-07-01,94.26,199
TXN-04702,Folder (Long),School & Office Supplies,3,17.76,2022-07-02,53.28,144
TXN-04737,Cooking Oil 1L,Grocery,1,87.11,2022-07-02,87.11,111
TXN-01009,Evaporated Milk,Grocery,6,41.94,2022-07-02,251.64,305
TXN-03940,Electric Fan (Desk),Electronics,1,773.82,2022-07-03,773.82,404
TXN-03479,Sugar 1Kg,Grocery,7,77.14,2022-07-03,539.98,239
TXN-06117,Bottled Water 1.5L,Grocery,5,24.36,2022-07-03,121.8,28
TXN-04817,Shampoo Sachet,Personal Care,1,7.95,2022-07-03,7.95,24
TXN-06446,Instant Noodles (Pack),Grocery,9,15.01,2022-07-03,135.09,169
TXN-02168,Sanitary Napkin (8S),Personal Care,1,77.5,2022-07-03,77.5,359
TXN-04104,Stapler,School & Office Supplies,2,201.58,2022-07-03,403.16,140
TXN-02371,Toothbrush,Personal Care,3,56.08,2022-07-03,168.24,187
TXN-04309,Energy Drink 250Ml,Food & Snacks,4,46.3,2022-07-04,185.2,192
TXN-05496,"Bond Paper (Short, 10S)",School & Office Supplies,1,30.17,2022-07-04,30.17,169
TXN-02779,Pencil,School & Office Supplies,4,9.8,2022-07-04,39.2,238
TXN-05166,Sponge Scrub (2S),Household Supplies,1,35.98,2022-07-04,35.98,194
TXN-02251,Biscuit Pack,Food & Snacks,7,25.89,2022-07-04,181.23,403
TXN-03956,White Rice 2Kg,Grocery,2,120.33,2022-07-05,240.66,415
TXN-04850,Bread Loaf,Food & Snacks,1,62.87,2022-07-05,62.87,112
TXN-02891,Evaporated Milk,Grocery,7,43.94,2022-07-05,307.58,253
TXN-01497,Dishwashing Liquid 500Ml,Household Supplies,2,75.44,2022-07-05,150.88,338
TXN-04223,Lotion 200Ml,Personal Care,1,153.19,2022-07-06,153.19,62
TXN-03034,Evaporated Milk,Grocery,3,41.24,2022-07-06,123.72,224
TXN-01215,Ice Cream Cup,Food & Snacks,8,35.15,2022-07-06,281.2,412
TXN-05388,Softdrink 1.5L,Food & Snacks,5,63.91,2022-07-06,319.55,167
TXN-02099,Peanuts 100G,Food & Snacks,5,29.23,2022-07-06,146.15,131
TXN-02032,Sponge Scrub (2S),Household Supplies,2,34.54,2022-07-07,69.08,280
TXN-01933,Bottled Water 1.5L,Grocery,3,23.89,2022-07-07,71.67,28
TXN-03667,Evaporated Milk,Grocery,5,40.53,2022-07-07,202.65,104
TXN-01282,Toothbrush,Personal Care,3,56.91,2022-07-07,170.73,243
TXN-05887,Sponge Scrub (2S),Household Supplies,2,36.21,2022-07-07,72.42,185
TXN-01478,Pencil,School & Office Supplies,3,10.11,2022-07-07,30.33,308
TXN-05045,Canned Sardines,Grocery,5,27.78,2022-07-08,138.9,173
TXN-02102,"Bond Paper (Short, 10S)",School & Office Supplies,6,28.72,2022-07-08,172.32,360
TXN-05332,White Rice 2Kg,Grocery,6,125.92,2022-07-08,755.52,177
TXN-02814,Usb Charging Cable,Electronics,1,154.9,2022-07-08,154.9,446
TXN-02196,Candle (6S),Household Supplies,1,45.95,2022-07-08,45.95,406
TXN-05759,Biscuit Pack,Food & Snacks,9,24.33,2022-07-09,218.97,226
TXN-02325,Dishwashing Liquid 500Ml,Household Supplies,3,76.2,2022-07-09,228.6,316
TXN-02113,Softdrink 1.5L,Food & Snacks,9,62.53,2022-07-09,562.77,179
TXN-02155,Ballpen (Black),School & Office Supplies,3,11.83,2022-07-09,35.49,420
TXN-05851,Chocolate Bar,Food & Snacks,10,29.7,2022-07-09,297.0,60
TXN-05218,Air Freshener Spray,Household Supplies,3,134.02,2022-07-09,402.06,53
TXN-03229,Potato Chips 60G,Food & Snacks,9,35.11,2022-07-09,315.99,95
TXN-01007,Bottled Water 1.5L,Grocery,6,24.3,2022-07-09,145.8,158
TXN-01274,White Rice 2Kg,Grocery,5,122.99,2022-07-10,614.95,394
TXN-04643,Chocolate Bar,Food & Snacks,3,28.89,2022-07-10,86.67,252
TXN-03282,Bath Soap,Personal Care,2,42.93,2022-07-10,85.86,158
TXN-01277,Coffee Sachet (10S),Grocery,4,66.74,2022-07-10,266.96,388
TXN-03810,Ballpen (Black),School & Office Supplies,1,11.72,2022-07-10,11.72,335
TXN-01463,Electric Fan (Desk),Electronics,1,835.31,2022-07-10,835.31,448
TXN-02831,Canned Sardines,Grocery,9,28.64,2022-07-11,257.76,83
TXN-03684,Soy Sauce 350Ml,Grocery,6,36.67,2022-07-11,220.02,283
TXN-05926,Digital Alarm Clock,Electronics,2,284.69,2022-07-11,569.38,348
TXN-02759,Potato Chips 60G,Food & Snacks,7,35.33,2022-07-11,247.31,124
TXN-06087,Staple Wire,School & Office Supplies,2,34.91,2022-07-11,69.82,93
TXN-04595,White Rice 2Kg,Grocery,9,119.47,2022-07-11,1075.23,312
TXN-01554,Ballpen (Black),School & Office Supplies,5,12.01,2022-07-12,60.05,440
TXN-03471,Usb Charging Cable,Electronics,2,152.38,2022-07-12,304.76,437
TXN-03501,Stapler,School & Office Supplies,1,190.36,2022-07-12,190.36,193
TXN-01200,Usb Charging Cable,Electronics,1,148.94,2022-07-13,148.94,473
TXN-06025,Sanitary Napkin (8S),Personal Care,2,77.0,2022-07-13,154.0,196
TXN-02187,Energy Drink 250Ml,Food & Snacks,8,43.46,2022-07-13,347.68,107
TXN-02392,Sponge Scrub (2S),Household Supplies,2,35.03,2022-07-13,70.06,264
TXN-01063,Sugar 1Kg,Grocery,4,75.64,2022-07-13,302.56,223
TXN-05037,Stapler,School & Office Supplies,6,206.38,2022-07-13,1238.28,82
TXN-01206,Instant Noodles (Pack),Grocery,6,15.25,2022-07-13,91.5,140
TXN-02705,Evaporated Milk,Grocery,5,40.73,2022-07-13,203.65,29
TXN-04777,Coffee Sachet (10S),Grocery,2,63.86,2022-07-14,127.72,125
TXN-04668,Fabric Conditioner 500Ml,Household Supplies,1,96.9,2022-07-14,96.9,241
TXN-02924,Broom (Walis Tingting),Household Supplies,2,68.08,2022-07-14,136.16,374
TXN-01535,Potato Chips 60G,Food & Snacks,9,33.7,2022-07-14,303.3,326
TXN-02434,White Rice 2Kg,Grocery,1,124.71,2022-07-14,124.71,202
TXN-06433,Folder (Long),School & Office Supplies,5,18.86,2022-07-14,94.3,50
TXN-02296,Notebook 80 Leaves,School & Office Supplies,5,56.19,2022-07-14,280.95,408
TXN-05682,Shampoo Sachet,Personal Care,3,8.17,2022-07-14,24.51,301
TXN-05405,Candle (6S),Household Supplies,1,45.12,2022-07-14,45.12,348
TXN-04915,Phone Case,Electronics,2,199.43,2022-07-15,398.86,318
TXN-02917,Chocolate Bar,Food & Snacks,3,30.04,2022-07-16,90.12,159
TXN-06160,Sanitary Napkin (8S),Personal Care,2,79.13,2022-07-16,158.26,191
TXN-05310,Energy Drink 250Ml,Food & Snacks,8,44.05,2022-07-16,352.4,27
TXN-04745,"Bond Paper (Short, 10S)",School & Office Supplies,2,30.09,2022-07-16,60.18,209
TXN-03022,Air Freshener Spray,Household Supplies,1,134.7,2022-07-17,134.7,121
TXN-06259,Softdrink 1.5L,Food & Snacks,8,64.17,2022-07-17,513.36,36
TXN-04108,Instant Noodles (Pack),Grocery,2,15.38,2022-07-17,30.76,163
TXN-04089,Sugar 1Kg,Grocery,8,75.84,2022-07-17,606.72,105
TXN-03168,White Rice 2Kg,Grocery,1,122.22,2022-07-17,122.22,86
TXN-01128,Laundry Detergent 500G,Household Supplies,2,87.41,2022-07-18,174.82,186
TXN-06391,Ice Cream Cup,Food & Snacks,2,36.57,2022-07-18,73.14,111
TXN-05731,Energy Drink 250Ml,Food & Snacks,8,43.73,2022-07-18,349.84,350
TXN-05873,Chocolate Bar,Food & Snacks,3,28.84,2022-07-18,86.52,50
TXN-04016,Chocolate Bar,Food & Snacks,10,29.6,2022-07-18,296.0,29
TXN-01550,Instant Noodles (Pack),Grocery,4,14.41,2022-07-19,57.64,49
TXN-03717,Instant Noodles (Pack),Grocery,6,15.73,2022-07-19,94.38,216
TXN-02333,Deodorant Roll-On,Personal Care,3,87.06,2022-07-19,261.18,202
TXN-02989,Ballpen (Black),School & Office Supplies,6,12.26,2022-07-19,73.56,370
TXN-01383,Bottled Water 1.5L,Grocery,4,25.66,2022-07-19,102.64,93
TXN-04374,Cooking Oil 1L,Grocery,2,89.75,2022-07-19,179.5,164
TXN-06211,Evaporated Milk,Grocery,5,41.04,2022-07-19,205.2,353
TXN-03274,Lotion 200Ml,Personal Care,1,145.69,2022-07-19,145.69,107
TXN-05879,Sanitary Napkin (8S),Personal Care,4,76.72,2022-07-19,306.88,198
TXN-03654,Instant Noodles (Pack),Grocery,1,15.09,2022-07-19,15.09,240
TXN-01543,Potato Chips 60G,Food & Snacks,9,35.32,2022-07-20,317.88,317
TXN-01242,Extension Cord,Electronics,2,344.34,2022-07-20,688.68,164
TXN-05633,Potato Chips 60G,Food & Snacks,6,35.71,2022-07-20,214.26,283
TXN-01823,Biscuit Pack,Food & Snacks,2,25.31,2022-07-20,50.62,26
TXN-02424,Highlighter,School & Office Supplies,5,43.51,2022-07-20,217.55,130
TXN-04399,White Rice 2Kg,Grocery,2,119.2,2022-07-21,238.4,350
TXN-04876,Lollipop Candy,Food & Snacks,6,5.04,2022-07-21,30.24,400
TXN-05967,Sugar 1Kg,Grocery,9,77.96,2022-07-21,701.64,180
TXN-06371,Soy Sauce 350Ml,Grocery,1,35.72,2022-07-21,35.72,402
TXN-05346,Trash Bag (10S),Household Supplies,2,56.48,2022-07-21,112.96,282
TXN-02490,Staple Wire,School & Office Supplies,3,36.58,2022-07-22,109.74,271
TXN-04069,Lollipop Candy,Food & Snacks,1,5.13,2022-07-22,5.13,11
TXN-02773,Facial Wash 50Ml,Personal Care,4,123.05,2022-07-22,492.2,379
TXN-04189,Extension Cord,Electronics,1,339.22,2022-07-22,339.22,130
TXN-04260,Sanitary Napkin (8S),Personal Care,3,76.38,2022-07-22,229.14,270
TXN-01850,Usb Charging Cable,Electronics,1,144.67,2022-07-22,144.67,464
TXN-02731,Chocolate Bar,Food & Snacks,7,29.15,2022-07-22,204.05,171
TXN-01890,Ice Cream Cup,Food & Snacks,2,36.5,2022-07-22,73.0,326
TXN-05202,Power Bank 10000Mah,Electronics,1,885.82,2022-07-23,885.82,167
TXN-04829,Digital Alarm Clock,Electronics,1,292.73,2022-07-23,292.73,362
TXN-03477,Toothbrush,Personal Care,2,55.07,2022-07-23,110.14,128
TXN-06423,Mosquito Coil (10S),Household Supplies,1,53.77,2022-07-24,53.77,376
TXN-03111,Evaporated Milk,Grocery,4,39.93,2022-07-24,159.72,200
TXN-02241,Softdrink 1.5L,Food & Snacks,1,62.48,2022-07-24,62.48,156
TXN-05028,Softdrink 1.5L,Food & Snacks,3,62.26,2022-07-24,186.78,184
TXN-01433,Sugar 1Kg,Grocery,8,72.02,2022-07-24,576.16,187
TXN-01982,Wireless Earbuds,Electronics,1,1271.04,2022-07-24,1271.04,267
TXN-04441,Evaporated Milk,Grocery,7,43.6,2022-07-24,305.2,240
TXN-05961,Power Bank 10000Mah,Electronics,2,908.1,2022-07-24,1816.2,150
TXN-03148,Potato Chips 60G,Food & Snacks,6,36.36,2022-07-24,218.16,110
TXN-02147,Chocolate Bar,Food & Snacks,3,29.13,2022-07-25,87.39,248
TXN-06040,Evaporated Milk,Grocery,1,42.13,2022-07-25,42.13,397
TXN-05516,Evaporated Milk,Grocery,9,42.99,2022-07-25,386.91,73
TXN-05637,Biscuit Pack,Food & Snacks,6,24.73,2022-07-25,148.38,239
TXN-04434,Soy Sauce 350Ml,Grocery,2,34.46,2022-07-26,68.92,181
TXN-04101,Soy Sauce 350Ml,Grocery,6,35.65,2022-07-26,213.9,241
TXN-04186,Peanuts 100G,Food & Snacks,4,28.46,2022-07-26,113.84,229
TXN-03037,Instant Noodles (Pack),Grocery,7,15.45,2022-07-26,108.15,317
TXN-06375,Potato Chips 60G,Food & Snacks,9,35.21,2022-07-26,316.89,160
TXN-01088,Soy Sauce 350Ml,Grocery,2,36.47,2022-07-26,72.94,326
TXN-03611,Evaporated Milk,Grocery,4,43.55,2022-07-26,174.2,111
TXN-04802,"Bond Paper (Short, 10S)",School & Office Supplies,1,30.93,2022-07-26,30.93,205
TXN-03003,Facial Wash 50Ml,Personal Care,4,118.85,2022-07-27,475.4,356
TXN-05518,Usb Charging Cable,Electronics,1,155.29,2022-07-27,155.29,406
TXN-02368,Sponge Scrub (2S),Household Supplies,1,36.68,2022-07-27,36.68,266
TXN-01608,Peanuts 100G,Food & Snacks,1,26.61,2022-07-27,26.61,208
TXN-03970,Deodorant Roll-On,Personal Care,4,89.93,2022-07-27,359.72,129
TXN-02227,Dishwashing Liquid 500Ml,Household Supplies,1,74.24,2022-07-28,74.24,322
TXN-04401,Lotion 200Ml,Personal Care,2,151.6,2022-07-28,303.2,41
TXN-02084,Biscuit Pack,Food & Snacks,9,24.06,2022-07-29,216.54,429
TXN-02172,Ballpen (Black),School & Office Supplies,6,12.18,2022-07-29,73.08,414
TXN-03354,Evaporated Milk,Grocery,6,40.76,2022-07-29,244.56,162
TXN-05270,Broom (Walis Tingting),Household Supplies,3,62.93,2022-07-29,188.79,337
TXN-02028,Biscuit Pack,Food & Snacks,2,25.5,2022-07-30,51.0,441
TXN-05830,Potato Chips 60G,Food & Snacks,9,36.35,2022-07-31,327.15,238
TXN-05297,Air Freshener Spray,Household Supplies,1,123.57,2022-07-31,123.57,51
TXN-01836,Deodorant Roll-On,Personal Care,3,91.55,2022-07-31,274.65,228
TXN-03619,Sugar 1Kg,Grocery,7,71.58,2022-07-31,501.06,221
TXN-06353,Bread Loaf,Food & Snacks,2,61.75,2022-08-01,123.5,345
TXN-01726,Stapler,School & Office Supplies,7,196.89,2022-08-01,1378.23,274
TXN-03078,Bread Loaf,Food & Snacks,7,63.35,2022-08-01,443.45,356
TXN-03652,Candle (6S),Household Supplies,4,43.13,2022-08-01,172.52,376
TXN-06381,Deodorant Roll-On,Personal Care,4,88.3,2022-08-01,353.2,21
TXN-01643,Lollipop Candy,Food & Snacks,11,4.88,2022-08-02,53.68,372
TXN-04845,Soy Sauce 350Ml,Grocery,4,33.57,2022-08-02,134.28,76
TXN-04209,Coffee Sachet (10S),Grocery,9,63.17,2022-08-03,568.53,174
TXN-02359,Biscuit Pack,Food & Snacks,2,24.48,2022-08-03,48.96,401
TXN-05582,Facial Wash 50Ml,Personal Care,1,115.0,2022-08-03,115.0,243
TXN-04636,Cooking Oil 1L,Grocery,8,87.15,2022-08-03,697.2,122
TXN-05273,Evaporated Milk,Grocery,8,43.76,2022-08-04,350.08,124
TXN-05949,Vinegar 350Ml,Grocery,8,30.39,2022-08-05,243.12,274
TXN-05993,Coffee Sachet (10S),Grocery,6,63.44,2022-08-05,380.64,96
TXN-06179,Bottled Water 1.5L,Grocery,4,24.33,2022-08-05,97.32,21
TXN-01955,Evaporated Milk,Grocery,7,43.2,2022-08-05,302.4,113
TXN-05312,Wireless Earbuds,Electronics,3,1350.99,2022-08-05,4052.97,224
TXN-01455,Energy Drink 250Ml,Food & Snacks,9,43.7,2022-08-05,393.3,212
TXN-02526,Lollipop Candy,Food & Snacks,9,4.81,2022-08-05,43.29,248
TXN-04160,Softdrink 1.5L,Food & Snacks,7,67.22,2022-08-05,470.54,35
TXN-05025,Soy Sauce 350Ml,Grocery,7,36.51,2022-08-05,255.57,38
TXN-04303,Coffee Sachet (10S),Grocery,5,61.89,2022-08-06,309.45,153
TXN-01653,"Bond Paper (Short, 10S)",School & Office Supplies,5,29.27,2022-08-06,146.35,406
TXN-01719,Canned Sardines,Grocery,4,27.93,2022-08-06,111.72,255
TXN-01459,Air Freshener Spray,Household Supplies,2,128.02,2022-08-06,256.04,152
TXN-02931,Ballpen (Black),School & Office Supplies,3,11.63,2022-08-06,34.89,376
TXN-02373,Stapler,School & Office Supplies,2,194.46,2022-08-06,388.92,245
TXN-01168,Ice Cream Cup,Food & Snacks,3,36.22,2022-08-06,108.66,436
TXN-03613,Stapler,School & Office Supplies,7,207.06,2022-08-06,1449.42,165
TXN-03822,Highlighter,School & Office Supplies,2,44.42,2022-08-07,88.84,57
TXN-06449,Scotch Tape,School & Office Supplies,6,26.01,2022-08-08,156.06,42
TXN-02437,White Rice 2Kg,Grocery,3,117.18,2022-08-08,351.54,199
TXN-03995,Biscuit Pack,Food & Snacks,11,24.6,2022-08-08,270.6,82
TXN-05242,Electric Fan (Desk),Electronics,1,796.7,2022-08-09,796.7,385
TXN-04110,Cotton Balls,Personal Care,2,36.42,2022-08-09,72.84,74
TXN-02702,Softdrink 1.5L,Food & Snacks,11,66.9,2022-08-09,735.9,103
TXN-06038,White Rice 2Kg,Grocery,6,117.39,2022-08-10,704.34,82
TXN-01018,Eraser,School & Office Supplies,4,15.57,2022-08-10,62.28,237
TXN-02729,Energy Drink 250Ml,Food & Snacks,12,45.64,2022-08-10,547.68,373
TXN-01755,Energy Drink 250Ml,Food & Snacks,3,46.96,2022-08-10,140.88,164
TXN-03069,Floor Mop,Household Supplies,3,261.36,2022-08-10,784.08,220
TXN-03732,Vinegar 350Ml,Grocery,7,31.34,2022-08-10,219.38,67
TXN-05976,Eraser,School & Office Supplies,2,14.51,2022-08-11,29.02,453
TXN-02920,Peanuts 100G,Food & Snacks,6,29.15,2022-08-11,174.9,32
TXN-02026,Candle (6S),Household Supplies,4,47.07,2022-08-11,188.28,408
TXN-03417,Softdrink 1.5L,Food & Snacks,12,67.27,2022-08-11,807.24,167
TXN-04961,Laundry Detergent 500G,Household Supplies,2,84.23,2022-08-11,168.46,120
TXN-03709,Potato Chips 60G,Food & Snacks,12,36.71,2022-08-11,440.52,48
TXN-02324,Wireless Earbuds,Electronics,1,1267.59,2022-08-12,1267.59,261
TXN-01492,Shampoo Sachet,Personal Care,3,8.08,2022-08-12,24.24,130
TXN-01204,Ice Cream Cup,Food & Snacks,3,33.64,2022-08-12,100.92,420
TXN-03820,Juice Drink 250Ml,Food & Snacks,7,18.71,2022-08-12,130.97,3
TXN-05047,Ballpen (Black),School & Office Supplies,3,12.3,2022-08-13,36.9,253
TXN-05383,Laundry Detergent 500G,Household Supplies,4,88.52,2022-08-13,354.08,107
TXN-02589,Biscuit Pack,Food & Snacks,6,24.27,2022-08-13,145.62,356
TXN-03434,Vinegar 350Ml,Grocery,4,28.52,2022-08-13,114.08,102
TXN-05627,Toothpaste 75G,Personal Care,3,64.31,2022-08-14,192.93,113
TXN-04787,Bottled Water 1.5L,Grocery,11,26.08,2022-08-14,286.88,260
TXN-06332,Biscuit Pack,Food & Snacks,13,24.12,2022-08-14,313.56,149
TXN-02732,Fabric Conditioner 500Ml,Household Supplies,4,99.23,2022-08-14,396.92,275
TXN-04424,White Rice 2Kg,Grocery,4,117.15,2022-08-14,468.6,346
TXN-04692,Energy Drink 250Ml,Food & Snacks,3,45.68,2022-08-14,137.04,99
TXN-01648,Cotton Balls,Personal Care,1,35.82,2022-08-15,35.82,166
TXN-01698,Scotch Tape,School & Office Supplies,1,25.2,2022-08-15,25.2,333
TXN-05189,Sugar 1Kg,Grocery,5,74.09,2022-08-15,370.45,329
TXN-06168,Bread Loaf,Food & Snacks,13,62.56,2022-08-16,813.28,373
TXN-04600,Mosquito Coil (10S),Household Supplies,4,53.32,2022-08-16,213.28,424
TXN-01432,Soy Sauce 350Ml,Grocery,5,35.41,2022-08-16,177.05,247
TXN-01748,Lollipop Candy,Food & Snacks,13,5.1,2022-08-17,66.3,336
TXN-04818,Vinegar 350Ml,Grocery,11,30.59,2022-08-17,336.49,245
TXN-03402,Bottled Water 1.5L,Grocery,2,24.52,2022-08-17,49.04,76
TXN-02955,Led Desk Lamp,Electronics,2,538.52,2022-08-17,1077.04,450
TXN-05101,Potato Chips 60G,Food & Snacks,6,33.46,2022-08-17,200.76,356
TXN-01595,Potato Chips 60G,Food & Snacks,5,34.03,2022-08-17,170.15,302
TXN-03889,Sugar 1Kg,Grocery,9,72.15,2022-08-17,649.35,137
TXN-06204,Ballpen (Black),School & Office Supplies,6,11.71,2022-08-18,70.26,182
TXN-04269,Sugar 1Kg,Grocery,3,76.55,2022-08-18,229.65,58
TXN-02637,Chocolate Bar,Food & Snacks,11,29.97,2022-08-18,329.67,186
TXN-03207,Air Freshener Spray,Household Supplies,2,130.61,2022-08-19,261.22,116
TXN-03537,Lotion 200Ml,Personal Care,3,147.57,2022-08-19,442.71,93
TXN-03860,Softdrink 1.5L,Food & Snacks,5,63.68,2022-08-19,318.4,90
TXN-04842,Notebook 80 Leaves,School & Office Supplies,3,57.29,2022-08-20,171.87,284
TXN-04210,Potato Chips 60G,Food & Snacks,3,36.61,2022-08-21,109.83,448
TXN-06435,Bottled Water 1.5L,Grocery,9,25.11,2022-08-21,225.99,209
TXN-02244,Sponge Scrub (2S),Household Supplies,2,34.02,2022-08-21,68.04,269
TXN-01603,Evaporated Milk,Grocery,5,43.7,2022-08-22,218.5,170
TXN-05185,Led Desk Lamp,Electronics,3,568.35,2022-08-22,1705.05,419
TXN-04960,Energy Drink 250Ml,Food & Snacks,13,43.37,2022-08-23,563.81,75
TXN-02725,Toothpaste 75G,Personal Care,4,62.24,2022-08-23,248.96,236
TXN-04273,Canned Sardines,Grocery,8,29.78,2022-08-23,238.24,102
TXN-01613,Ice Cream Cup,Food & Snacks,4,34.31,2022-08-23,137.24,378
TXN-01036,Coffee Sachet (10S),Grocery,11,66.9,2022-08-23,735.9,447
TXN-05389,Cooking Oil 1L,Grocery,5,90.98,2022-08-23,454.9,22
TXN-05009,Energy Drink 250Ml,Food & Snacks,3,43.48,2022-08-23,130.44,60
TXN-03917,Soy Sauce 350Ml,Grocery,8,35.31,2022-08-23,282.48,260
TXN-03124,Juice Drink 250Ml,Food & Snacks,11,18.14,2022-08-24,199.54,145
TXN-03705,Phone Case,Electronics,1,190.98,2022-08-24,190.98,332
TXN-03494,Biscuit Pack,Food & Snacks,9,25.06,2022-08-24,225.54,156
TXN-01001,Sanitary Napkin (8S),Personal Care,5,78.14,2022-08-24,390.7,411
TXN-01899,Ice Cream Cup,Food & Snacks,13,36.6,2022-08-25,475.8,313
TXN-04120,Potato Chips 60G,Food & Snacks,9,33.5,2022-08-25,301.5,454
TXN-05644,Sugar 1Kg,Grocery,5,72.44,2022-08-25,362.2,241
TXN-06307,Instant Noodles (Pack),Grocery,7,14.95,2022-08-25,104.65,202
TXN-06400,Vinegar 350Ml,Grocery,4,31.15,2022-08-25,124.6,220
TXN-05870,Alcohol 70% 500Ml,Personal Care,3,95.33,2022-08-25,285.99,267
TXN-01647,Toothpaste 75G,Personal Care,3,63.62,2022-08-26,190.86,293
TXN-03727,Canned Sardines,Grocery,7,29.18,2022-08-26,204.26,172
TXN-01580,Staple Wire,School & Office Supplies,8,34.62,2022-08-27,276.96,323
TXN-02097,Chocolate Bar,Food & Snacks,6,30.48,2022-08-27,182.88,265
TXN-03694,Bottled Water 1.5L,Grocery,8,25.56,2022-08-27,204.48,4
TXN-02873,Vinegar 350Ml,Grocery,4,29.29,2022-08-27,117.16,155
TXN-05503,Cooking Oil 1L,Grocery,7,91.03,2022-08-27,637.21,343
TXN-02927,Toothpaste 75G,Personal Care,5,67.57,2022-08-27,337.85,225
TXN-03533,Broom (Walis Tingting),Household Supplies,4,61.96,2022-08-28,247.84,361
TXN-04945,Scotch Tape,School & Office Supplies,4,25.31,2022-08-28,101.24,132
TXN-03486,"Bond Paper (Short, 10S)",School & Office Supplies,6,30.29,2022-08-28,181.74,286
TXN-05478,Cooking Oil 1L,Grocery,9,85.45,2022-08-28,769.05,5
TXN-01799,Bread Loaf,Food & Snacks,11,65.4,2022-08-28,719.4,134
TXN-02022,Instant Noodles (Pack),Grocery,5,14.74,2022-08-29,73.7,455
TXN-04020,Cooking Oil 1L,Grocery,6,91.25,2022-08-29,547.5,195
TXN-04871,Lollipop Candy,Food & Snacks,5,4.8,2022-08-29,24.0,406
TXN-01301,White Rice 2Kg,Grocery,7,119.53,2022-08-30,836.71,381
TXN-06302,Mosquito Coil (10S),Household Supplies,1,57.2,2022-08-30,57.2,385
TXN-06382,Lotion 200Ml,Personal Care,3,150.19,2022-08-30,450.57,355
TXN-01715,Chocolate Bar,Food & Snacks,12,28.91,2022-08-30,346.92,306
TXN-05396,Vinegar 350Ml,Grocery,3,30.38,2022-08-30,91.14,137
TXN-02957,Alcohol 70% 500Ml,Personal Care,1,95.68,2022-08-30,95.68,343
TXN-05980,Eraser,School & Office Supplies,2,14.68,2022-08-31,29.36,451
TXN-04688,Canned Sardines,Grocery,2,29.08,2022-09-01,58.16,44
TXN-03065,Highlighter,School & Office Supplies,1,43.43,2022-09-01,43.43,94
TXN-06139,Canned Sardines,Grocery,3,29.77,2022-09-01,89.31,45
TXN-05006,Electric Fan (Desk),Electronics,3,816.42,2022-09-02,2449.26,388
TXN-01245,Candle (6S),Household Supplies,4,45.41,2022-09-02,181.64,431
TXN-01790,Staple Wire,School & Office Supplies,5,36.57,2022-09-02,182.85,310
TXN-03927,Bread Loaf,Food & Snacks,2,67.47,2022-09-02,134.94,232
TXN-04198,Floor Mop,Household Supplies,1,260.26,2022-09-02,260.26,201
TXN-05267,Vinegar 350Ml,Grocery,10,31.01,2022-09-02,310.1,150
TXN-06361,Bluetooth Speaker,Electronics,3,1448.21,2022-09-03,4344.63,206
TXN-04068,Soy Sauce 350Ml,Grocery,2,35.65,2022-09-03,71.3,247
TXN-05439,Chocolate Bar,Food & Snacks,2,28.81,2022-09-03,57.62,150
TXN-01959,Coffee Sachet (10S),Grocery,7,65.74,2022-09-03,460.18,258
TXN-05987,Dishwashing Liquid 500Ml,Household Supplies,4,71.85,2022-09-03,287.4,234
TXN-02607,Floor Mop,Household Supplies,1,260.53,2022-09-03,260.53,232
TXN-01265,Bath Soap,Personal Care,2,47.11,2022-09-03,94.22,252
TXN-02882,Canned Sardines,Grocery,2,28.12,2022-09-03,56.24,53
TXN-05554,Laundry Detergent 500G,Household Supplies,2,87.8,2022-09-03,175.6,99
TXN-02031,Deodorant Roll-On,Personal Care,2,90.81,2022-09-03,181.62,209
TXN-05970,Cooking Oil 1L,Grocery,3,92.33,2022-09-04,276.99,276
TXN-05719,Energy Drink 250Ml,Food & Snacks,12,45.73,2022-09-04,548.76,360
TXN-02407,Lotion 200Ml,Personal Care,1,148.6,2022-09-05,148.6,158
TXN-01071,Evaporated Milk,Grocery,4,41.0,2022-09-05,164.0,288
TXN-04006,Broom (Walis Tingting),Household Supplies,2,66.41,2022-09-05,132.82,353
TXN-01484,Deodorant Roll-On,Personal Care,4,88.93,2022-09-05,355.72,235
TXN-05017,Floor Mop,Household Supplies,2,258.87,2022-09-05,517.74,181
TXN-05219,Bottled Water 1.5L,Grocery,10,24.59,2022-09-06,245.9,187
TXN-01171,Facial Wash 50Ml,Personal Care,3,124.11,2022-09-06,372.33,435
TXN-06027,Facial Wash 50Ml,Personal Care,5,121.6,2022-09-06,608.0,211
TXN-04713,Eraser,School & Office Supplies,6,15.18,2022-09-07,91.08,28
TXN-02313,Facial Wash 50Ml,Personal Care,1,120.55,2022-09-07,120.55,396
TXN-02254,Dishwashing Liquid 500Ml,Household Supplies,2,75.79,2022-09-07,151.58,320
TXN-05475,Scotch Tape,School & Office Supplies,7,24.28,2022-09-07,169.96,87
TXN-05300,Evaporated Milk,Grocery,4,40.59,2022-09-07,162.36,120
TXN-02306,Cotton Balls,Personal Care,3,34.04,2022-09-08,102.12,138
TXN-01186,Toothbrush,Personal Care,3,56.36,2022-09-08,169.08,247
TXN-06363,Folder (Long),School & Office Supplies,3,17.63,2022-09-08,52.89,55
TXN-04522,Deodorant Roll-On,Personal Care,4,87.38,2022-09-08,349.52,108
TXN-06215,Mosquito Coil (10S),Household Supplies,1,53.6,2022-09-08,53.6,390
TXN-05635,Deodorant Roll-On,Personal Care,1,88.61,2022-09-08,88.61,52
TXN-01358,Soy Sauce 350Ml,Grocery,7,36.53,2022-09-09,255.71,266
TXN-02402,Shampoo Sachet,Personal Care,2,7.62,2022-09-09,15.24,88
TXN-04227,Coffee Sachet (10S),Grocery,6,63.81,2022-09-09,382.86,168
TXN-03969,Potato Chips 60G,Food & Snacks,2,34.92,2022-09-09,69.84,4
TXN-05664,Chocolate Bar,Food & Snacks,12,30.88,2022-09-09,370.56,94
TXN-03096,Highlighter,School & Office Supplies,2,46.21,2022-09-09,92.42,92
TXN-04776,Chocolate Bar,Food & Snacks,7,28.74,2022-09-09,201.18,212
TXN-01468,Alcohol 70% 500Ml,Personal Care,3,98.9,2022-09-09,296.7,403
TXN-04661,Juice Drink 250Ml,Food & Snacks,8,18.3,2022-09-09,146.4,117
TXN-04414,Extension Cord,Electronics,1,366.38,2022-09-09,366.38,127
TXN-05787,Pencil,School & Office Supplies,5,10.34,2022-09-09,51.7,104
TXN-02129,Potato Chips 60G,Food & Snacks,8,36.01,2022-09-10,288.08,196
TXN-01679,Soy Sauce 350Ml,Grocery,4,34.09,2022-09-10,136.36,224
TXN-02958,Led Desk Lamp,Electronics,3,532.97,2022-09-10,1598.91,447
TXN-06055,Candle (6S),Household Supplies,2,44.09,2022-09-10,88.18,323
TXN-03932,Potato Chips 60G,Food & Snacks,2,36.39,2022-09-11,72.78,6
TXN-03559,Stapler,School & Office Supplies,5,206.42,2022-09-11,1032.1,186
TXN-03186,"Bond Paper (Short, 10S)",School & Office Supplies,8,30.04,2022-09-12,240.32,292
TXN-02697,Lollipop Candy,Food & Snacks,4,5.11,2022-09-12,20.44,212
TXN-02188,Lollipop Candy,Food & Snacks,4,5.23,2022-09-12,20.92,293
TXN-06444,Chocolate Bar,Food & Snacks,4,28.98,2022-09-12,115.92,299
TXN-03621,Dishwashing Liquid 500Ml,Household Supplies,1,71.74,2022-09-13,71.74,290
TXN-04191,Dishwashing Liquid 500Ml,Household Supplies,4,71.68,2022-09-13,286.72,277
TXN-01060,Bath Soap,Personal Care,2,43.99,2022-09-13,87.98,262
TXN-02683,Floor Mop,Household Supplies,4,239.18,2022-09-14,956.72,227
TXN-05860,Potato Chips 60G,Food & Snacks,11,36.03,2022-09-14,396.33,227
TXN-05805,Air Freshener Spray,Household Supplies,2,125.85,2022-09-14,251.7,40
TXN-06157,Coffee Sachet (10S),Grocery,9,63.18,2022-09-14,568.62,61
TXN-04082,Fabric Conditioner 500Ml,Household Supplies,3,99.75,2022-09-14,299.25,248
TXN-02643,Lollipop Candy,Food & Snacks,12,5.11,2022-09-15,61.32,227
TXN-02266,Peanuts 100G,Food & Snacks,10,26.72,2022-09-15,267.2,97
TXN-02746,Evaporated Milk,Grocery,6,41.64,2022-09-16,249.84,23
TXN-04185,Potato Chips 60G,Food & Snacks,3,34.75,2022-09-16,104.25,451
TXN-02284,Deodorant Roll-On,Personal Care,3,91.63,2022-09-16,274.89,205
TXN-03338,Toothbrush,Personal Care,3,56.11,2022-09-16,168.33,148
TXN-02384,Energy Drink 250Ml,Food & Snacks,11,46.87,2022-09-17,515.57,51
TXN-05505,White Rice 2Kg,Grocery,2,118.87,2022-09-17,237.74,164
TXN-03603,Evaporated Milk,Grocery,9,40.99,2022-09-17,368.91,115
TXN-04151,White Rice 2Kg,Grocery,9,117.51,2022-09-17,1057.59,382
TXN-04158,Mosquito Coil (10S),Household Supplies,3,56.13,2022-09-17,168.39,432
TXN-02365,Usb Charging Cable,Electronics,1,147.01,2022-09-18,147.01,456
TXN-05932,Stapler,School & Office Supplies,2,208.3,2022-09-18,416.6,38
TXN-04539,Peanuts 100G,Food & Snacks,4,29.34,2022-09-18,117.36,198
TXN-03936,Cooking Oil 1L,Grocery,9,85.56,2022-09-18,770.04,211
TXN-02625,Vinegar 350Ml,Grocery,3,30.98,2022-09-18,92.94,186
TXN-03374,Chocolate Bar,Food & Snacks,5,30.36,2022-09-18,151.8,114
TXN-05536,Toothbrush,Personal Care,5,54.3,2022-09-19,271.5,19
TXN-02582,Cotton Balls,Personal Care,5,36.74,2022-09-19,183.7,119
TXN-05940,Fabric Conditioner 500Ml,Household Supplies,2,95.84,2022-09-19,191.68,216
TXN-05024,Facial Wash 50Ml,Personal Care,3,114.21,2022-09-19,342.63,270
TXN-05706,Evaporated Milk,Grocery,9,40.21,2022-09-19,361.89,29
TXN-02636,White Rice 2Kg,Grocery,5,123.49,2022-09-20,617.45,167
TXN-03327,Digital Alarm Clock,Electronics,3,287.72,2022-09-20,863.16,395
TXN-03888,White Rice 2Kg,Grocery,2,122.53,2022-09-20,245.06,427
TXN-05416,Vinegar 350Ml,Grocery,3,30.32,2022-09-20,90.96,127
TXN-05284,Phone Case,Electronics,1,205.27,2022-09-20,205.27,307
TXN-06137,Coffee Sachet (10S),Grocery,4,66.72,2022-09-20,266.88,70
TXN-05815,Notebook 80 Leaves,School & Office Supplies,2,54.66,2022-09-20,109.32,206
TXN-02832,Softdrink 1.5L,Food & Snacks,12,63.68,2022-09-21,764.16,65
TXN-04019,Notebook 80 Leaves,School & Office Supplies,4,57.28,2022-09-21,229.12,323
TXN-03779,Instant Noodles (Pack),Grocery,2,15.61,2022-09-21,31.22,214
TXN-05465,Sugar 1Kg,Grocery,2,74.05,2022-09-22,148.1,283
TXN-02309,Dishwashing Liquid 500Ml,Household Supplies,1,76.28,2022-09-22,76.28,319
TXN-04099,Peanuts 100G,Food & Snacks,4,27.01,2022-09-22,108.04,244
TXN-03008,Power Bank 10000Mah,Electronics,2,866.38,2022-09-22,1732.76,206
TXN-01136,Potato Chips 60G,Food & Snacks,12,36.41,2022-09-22,436.92,364
TXN-04968,Biscuit Pack,Food & Snacks,12,24.5,2022-09-22,294.0,327
TXN-02847,Lotion 200Ml,Personal Care,3,156.12,2022-09-22,468.36,119
TXN-01809,White Rice 2Kg,Grocery,4,121.82,2022-09-23,487.28,293
TXN-02385,"Bond Paper (Short, 10S)",School & Office Supplies,7,30.74,2022-09-23,215.18,348
TXN-06265,Bread Loaf,Food & Snacks,8,65.11,2022-09-23,520.88,363
TXN-03556,Sanitary Napkin (8S),Personal Care,4,76.81,2022-09-24,307.24,296
TXN-02558,Mosquito Coil (10S),Household Supplies,4,53.76,2022-09-24,215.04,464
TXN-01456,Wireless Earbuds,Electronics,1,1359.63,2022-09-24,1359.63,271
TXN-01100,Lotion 200Ml,Personal Care,2,152.48,2022-09-24,304.96,236
TXN-03738,White Rice 2Kg,Grocery,4,118.89,2022-09-24,475.56,4
TXN-03703,Lollipop Candy,Food & Snacks,9,5.25,2022-09-24,47.25,76
TXN-04991,Floor Mop,Household Supplies,1,241.43,2022-09-24,241.43,184
TXN-01828,Sponge Scrub (2S),Household Supplies,2,34.82,2022-09-25,69.64,284
TXN-05655,Bottled Water 1.5L,Grocery,4,24.03,2022-09-25,96.12,115
TXN-01400,Bluetooth Speaker,Electronics,3,1456.2,2022-09-25,4368.6,286
TXN-02146,Softdrink 1.5L,Food & Snacks,8,63.9,2022-09-25,511.2,171
TXN-05220,Alcohol 70% 500Ml,Personal Care,2,95.82,2022-09-26,191.64,279
TXN-02085,Bottled Water 1.5L,Grocery,6,25.06,2022-09-26,150.36,211
TXN-01856,Eraser,School & Office Supplies,5,14.5,2022-09-26,72.5,172
TXN-02218,Evaporated Milk,Grocery,8,43.45,2022-09-26,347.6,74
TXN-05775,Sanitary Napkin (8S),Personal Care,3,81.68,2022-09-27,245.04,209
TXN-04195,Sugar 1Kg,Grocery,8,71.72,2022-09-27,573.76,67
TXN-04660,Power Bank 10000Mah,Electronics,3,933.67,2022-09-27,2801.01,174
TXN-01569,Toothbrush,Personal Care,2,55.6,2022-09-28,111.2,234
TXN-04352,Wireless Earbuds,Electronics,2,1337.38,2022-09-28,2674.76,238
TXN-03112,Cotton Balls,Personal Care,1,36.29,2022-09-28,36.29,100
TXN-03892,Cooking Oil 1L,Grocery,5,86.54,2022-09-28,432.7,228
TXN-01457,Lotion 200Ml,Personal Care,5,149.68,2022-09-28,748.4,202
TXN-05119,Lollipop Candy,Food & Snacks,4,4.75,2022-09-29,19.0,375
TXN-03992,Canned Sardines,Grocery,7,27.78,2022-09-29,194.46,129
TXN-06067,Lollipop Candy,Food & Snacks,2,5.25,2022-09-29,10.5,275
TXN-02344,Ice Cream Cup,Food & Snacks,7,33.43,2022-09-30,234.01,236
TXN-02225,Scotch Tape,School & Office Supplies,6,25.33,2022-09-30,151.98,304
TXN-04541,Potato Chips 60G,Food & Snacks,7,33.81,2022-09-30,236.67,411
TXN-01699,Broom (Walis Tingting),Household Supplies,1,63.23,2022-09-30,63.23,401
TXN-06024,Coffee Sachet (10S),Grocery,10,66.2,2022-10-01,662.0,80
TXN-02593,Eraser,School & Office Supplies,3,15.37,2022-10-01,46.11,134
TXN-05373,Pencil,School & Office Supplies,1,10.08,2022-10-01,10.08,128
TXN-03182,Power Bank 10000Mah,Electronics,1,937.93,2022-10-01,937.93,204
TXN-01819,Screen Protector,Electronics,2,100.7,2022-10-01,201.4,250
TXN-01530,Lollipop Candy,Food & Snacks,9,5.19,2022-10-01,46.71,400
TXN-03534,Ballpen (Black),School & Office Supplies,1,11.59,2022-10-01,11.59,355
TXN-04356,Folder (Long),School & Office Supplies,7,17.7,2022-10-01,123.9,180
TXN-02154,Led Desk Lamp,Electronics,2,567.02,2022-10-02,1134.04,468
TXN-03911,Digital Alarm Clock,Electronics,3,288.31,2022-10-02,864.93,381
TXN-01971,Lotion 200Ml,Personal Care,1,143.13,2022-10-02,143.13,179
TXN-03851,Juice Drink 250Ml,Food & Snacks,12,18.05,2022-10-02,216.6,281
TXN-03593,Bread Loaf,Food & Snacks,11,67.52,2022-10-02,742.72,297
TXN-02720,Energy Drink 250Ml,Food & Snacks,7,46.13,2022-10-02,322.91,10
TXN-02243,Canned Sardines,Grocery,6,29.1,2022-10-03,174.6,159
TXN-02583,Highlighter,School & Office Supplies,7,44.33,2022-10-03,310.31,120
TXN-04022,Energy Drink 250Ml,Food & Snacks,2,46.95,2022-10-03,93.9,210
TXN-02253,Sponge Scrub (2S),Household Supplies,2,35.37,2022-10-03,70.74,267
TXN-01313,Trash Bag (10S),Household Supplies,3,57.75,2022-10-03,173.25,360
TXN-03033,Bluetooth Speaker,Electronics,2,1454.57,2022-10-03,2909.14,260
TXN-05078,Floor Mop,Household Supplies,3,247.09,2022-10-03,741.27,178
TXN-05030,Soy Sauce 350Ml,Grocery,2,33.61,2022-10-03,67.22,36
TXN-02978,Laundry Detergent 500G,Household Supplies,3,83.28,2022-10-04,249.84,155
TXN-04031,Alcohol 70% 500Ml,Personal Care,2,93.49,2022-10-04,186.98,301
TXN-04128,Sanitary Napkin (8S),Personal Care,3,76.13,2022-10-04,228.39,277
TXN-05903,Peanuts 100G,Food & Snacks,9,28.92,2022-10-04,260.28,71
TXN-02745,Sanitary Napkin (8S),Personal Care,3,75.49,2022-10-04,226.47,331
TXN-05198,Extension Cord,Electronics,2,360.14,2022-10-06,720.28,116
TXN-06368,Scotch Tape,School & Office Supplies,6,24.28,2022-10-06,145.68,53
TXN-04663,Soy Sauce 350Ml,Grocery,10,35.79,2022-10-06,357.9,130
TXN-04000,Energy Drink 250Ml,Food & Snacks,3,46.89,2022-10-06,140.67,212
TXN-05283,Highlighter,School & Office Supplies,1,46.85,2022-10-07,46.85,344
TXN-03549,Lollipop Candy,Food & Snacks,7,4.87,2022-10-07,34.09,88
TXN-06119,White Rice 2Kg,Grocery,9,119.62,2022-10-07,1076.58,61
TXN-05540,Toothbrush,Personal Care,2,55.74,2022-10-07,111.48,17
TXN-06130,Canned Sardines,Grocery,4,28.05,2022-10-07,112.2,48
TXN-01429,Lotion 200Ml,Personal Care,4,152.67,2022-10-07,610.68,211
TXN-01610,Electric Fan (Desk),Electronics,3,833.58,2022-10-07,2500.74,444
TXN-02007,Ice Cream Cup,Food & Snacks,9,36.62,2022-10-07,329.58,284
TXN-04478,White Rice 2Kg,Grocery,9,125.7,2022-10-08,1131.3,332
TXN-04291,Deodorant Roll-On,Personal Care,5,90.12,2022-10-08,450.6,118
TXN-02092,Bath Soap,Personal Care,4,46.64,2022-10-08,186.56,212
TXN-02874,Alcohol 70% 500Ml,Personal Care,4,94.34,2022-10-08,377.36,353
TXN-05178,Sugar 1Kg,Grocery,5,78.17,2022-10-08,390.85,334
TXN-01213,Fabric Conditioner 500Ml,Household Supplies,2,98.62,2022-10-08,197.24,322
TXN-01340,Alcohol 70% 500Ml,Personal Care,5,93.48,2022-10-09,467.4,412
TXN-05646,Potato Chips 60G,Food & Snacks,9,35.7,2022-10-09,321.3,274
TXN-04935,Biscuit Pack,Food & Snacks,7,24.0,2022-10-09,168.0,339
TXN-03401,Floor Mop,Household Supplies,2,248.43,2022-10-10,496.86,214
TXN-05991,Coffee Sachet (10S),Grocery,10,64.21,2022-10-10,642.1,102
TXN-02609,Notebook 80 Leaves,School & Office Supplies,8,52.93,2022-10-10,423.44,385
TXN-03782,Pencil,School & Office Supplies,1,9.99,2022-10-10,9.99,207
TXN-04079,Evaporated Milk,Grocery,3,43.63,2022-10-10,130.89,28
TXN-06262,Candle (6S),Household Supplies,3,44.52,2022-10-10,133.56,315
TXN-05723,Lotion 200Ml,Personal Care,3,149.63,2022-10-10,448.89,387
TXN-01849,Peanuts 100G,Food & Snacks,3,29.08,2022-10-10,87.24,166
TXN-02868,Staple Wire,School & Office Supplies,4,34.82,2022-10-10,139.28,254
TXN-03558,Peanuts 100G,Food & Snacks,9,28.86,2022-10-11,259.74,302
TXN-04933,Toothbrush,Personal Care,5,56.77,2022-10-11,283.85,41
TXN-02450,Vinegar 350Ml,Grocery,10,31.29,2022-10-11,312.9,230
TXN-06481,Broom (Walis Tingting),Household Supplies,1,67.48,2022-10-11,67.48,315
TXN-06187,Folder (Long),School & Office Supplies,3,18.83,2022-10-11,56.49,65
TXN-04869,Vinegar 350Ml,Grocery,7,30.81,2022-10-11,215.67,227
TXN-04799,Dishwashing Liquid 500Ml,Household Supplies,3,77.06,2022-10-11,231.18,264
TXN-05055,Vinegar 350Ml,Grocery,7,30.49,2022-10-12,213.43,203
TXN-02645,Ice Cream Cup,Food & Snacks,4,35.83,2022-10-12,143.32,214
TXN-03366,Softdrink 1.5L,Food & Snacks,7,64.57,2022-10-12,451.99,194
TXN-03457,Instant Noodles (Pack),Grocery,10,14.61,2022-10-12,146.1,268
TXN-05977,Coffee Sachet (10S),Grocery,10,67.98,2022-10-12,679.8,112
TXN-03838,Toothbrush,Personal Care,4,55.02,2022-10-12,220.08,110
TXN-06231,Canned Sardines,Grocery,2,28.38,2022-10-12,56.76,38
TXN-04222,Staple Wire,School & Office Supplies,7,36.25,2022-10-13,253.75,185
TXN-02597,Canned Sardines,Grocery,5,27.69,2022-10-13,138.45,124
TXN-06221,Cotton Balls,Personal Care,2,35.89,2022-10-13,71.78,323
TXN-01891,Energy Drink 250Ml,Food & Snacks,4,47.15,2022-10-13,188.6,142
TXN-01897,White Rice 2Kg,Grocery,3,120.18,2022-10-14,360.54,290
TXN-03191,Bread Loaf,Food & Snacks,5,66.0,2022-10-14,330.0,339
TXN-02331,Lollipop Candy,Food & Snacks,3,5.09,2022-10-14,15.27,259
TXN-05333,Extension Cord,Electronics,3,346.46,2022-10-14,1039.38,109
TXN-04048,Energy Drink 250Ml,Food & Snacks,3,43.04,2022-10-15,129.12,207
TXN-04738,White Rice 2Kg,Grocery,9,115.78,2022-10-15,1042.02,295
TXN-02543,Bottled Water 1.5L,Grocery,4,25.12,2022-10-15,100.48,187
TXN-03081,Biscuit Pack,Food & Snacks,12,24.44,2022-10-15,293.28,247
TXN-04510,Laundry Detergent 500G,Household Supplies,3,82.46,2022-10-15,247.38,129
TXN-06436,Sugar 1Kg,Grocery,8,77.92,2022-10-15,623.36,90
TXN-05782,Floor Mop,Household Supplies,4,257.79,2022-10-15,1031.16,159
TXN-02011,Juice Drink 250Ml,Food & Snacks,9,17.49,2022-10-15,157.41,331
TXN-02308,Coffee Sachet (10S),Grocery,5,66.43,2022-10-15,332.15,211
TXN-05753,Bottled Water 1.5L,Grocery,10,26.03,2022-10-15,260.3,92
TXN-03585,Usb Charging Cable,Electronics,2,145.34,2022-10-15,290.68,433
TXN-02833,Bath Soap,Personal Care,5,43.81,2022-10-15,219.05,191
TXN-01268,Facial Wash 50Ml,Personal Care,1,119.96,2022-10-16,119.96,426
TXN-04176,Evaporated Milk,Grocery,3,42.51,2022-10-16,127.53,277
TXN-04136,Bread Loaf,Food & Snacks,7,62.41,2022-10-17,436.87,203
TXN-03344,Bottled Water 1.5L,Grocery,6,24.3,2022-10-17,145.8,84
TXN-04849,Bottled Water 1.5L,Grocery,9,26.11,2022-10-17,234.99,239
TXN-03976,Bread Loaf,Food & Snacks,7,67.37,2022-10-17,471.59,225
TXN-06392,White Rice 2Kg,Grocery,7,121.71,2022-10-18,851.97,392
TXN-05015,Bottled Water 1.5L,Grocery,3,25.72,2022-10-18,77.16,204
TXN-01076,Led Desk Lamp,Electronics,3,524.26,2022-10-18,1572.78,483
TXN-05210,Facial Wash 50Ml,Personal Care,4,125.63,2022-10-19,502.52,254
TXN-04126,Cotton Balls,Personal Care,5,36.57,2022-10-19,182.85,69
TXN-03602,Ballpen (Black),School & Office Supplies,4,12.57,2022-10-19,50.28,351
TXN-04637,Wireless Earbuds,Electronics,2,1257.22,2022-10-19,2514.44,233
TXN-05260,Toothpaste 75G,Personal Care,2,66.93,2022-10-20,133.86,136
TXN-04691,Folder (Long),School & Office Supplies,1,17.11,2022-10-20,17.11,147
TXN-04739,Broom (Walis Tingting),Household Supplies,1,66.49,2022-10-20,66.49,346
TXN-03446,Folder (Long),School & Office Supplies,4,17.55,2022-10-20,70.2,260
TXN-05184,Toothbrush,Personal Care,3,54.14,2022-10-20,162.42,32
TXN-01633,Sugar 1Kg,Grocery,7,78.28,2022-10-20,547.96,152
TXN-05925,Power Bank 10000Mah,Electronics,3,883.74,2022-10-20,2651.22,155
TXN-06333,Bluetooth Speaker,Electronics,1,1554.13,2022-10-20,1554.13,209
TXN-02014,Broom (Walis Tingting),Household Supplies,2,64.96,2022-10-20,129.92,397
TXN-02382,Energy Drink 250Ml,Food & Snacks,2,45.9,2022-10-21,91.8,62
TXN-04872,Shampoo Sachet,Personal Care,2,7.8,2022-10-21,15.6,22
TXN-06474,Energy Drink 250Ml,Food & Snacks,3,47.25,2022-10-21,141.75,237
TXN-03948,Wireless Earbuds,Electronics,1,1320.45,2022-10-21,1320.45,248
TXN-06224,Vinegar 350Ml,Grocery,8,29.06,2022-10-21,232.48,243
TXN-05177,"Bond Paper (Short, 10S)",School & Office Supplies,2,29.1,2022-10-22,58.2,190
TXN-02005,Cooking Oil 1L,Grocery,7,89.21,2022-10-22,624.47,221
TXN-02525,Fabric Conditioner 500Ml,Household Supplies,4,99.54,2022-10-22,398.16,288
TXN-02340,Broom (Walis Tingting),Household Supplies,3,61.94,2022-10-22,185.82,382
TXN-03068,Soy Sauce 350Ml,Grocery,7,35.36,2022-10-22,247.52,38
TXN-02515,Scotch Tape,School & Office Supplies,4,25.31,2022-10-23,101.24,284
TXN-03528,Evaporated Milk,Grocery,9,42.62,2022-10-23,383.58,137
TXN-04451,Canned Sardines,Grocery,7,29.55,2022-10-23,206.85,58
TXN-03340,Energy Drink 250Ml,Food & Snacks,7,43.32,2022-10-23,303.24,290
TXN-02778,Instant Noodles (Pack),Grocery,3,14.89,2022-10-23,44.67,366
TXN-04553,Biscuit Pack,Food & Snacks,11,25.33,2022-10-23,278.63,402
TXN-04268,Biscuit Pack,Food & Snacks,8,25.71,2022-10-23,205.68,16
TXN-02542,Biscuit Pack,Food & Snacks,11,24.13,2022-10-23,265.43,362
TXN-03436,Alcohol 70% 500Ml,Personal Care,5,98.43,2022-10-24,492.15,328
TXN-03736,Electric Fan (Desk),Electronics,1,783.7,2022-10-24,783.7,410
TXN-02016,Electric Fan (Desk),Electronics,3,775.11,2022-10-25,2325.33,432
TXN-02598,Trash Bag (10S),Household Supplies,1,55.38,2022-10-25,55.38,343
TXN-06330,Shampoo Sachet,Personal Care,2,7.75,2022-10-25,15.5,284
TXN-06282,"Bond Paper (Short, 10S)",School & Office Supplies,5,29.95,2022-10-26,149.75,123
TXN-04094,Facial Wash 50Ml,Personal Care,1,118.37,2022-10-26,118.37,315
TXN-03017,Evaporated Milk,Grocery,5,40.03,2022-10-26,200.15,227
TXN-04518,Bread Loaf,Food & Snacks,4,65.73,2022-10-26,262.92,140
TXN-03480,Cooking Oil 1L,Grocery,10,85.82,2022-10-26,858.2,286
TXN-02619,Soy Sauce 350Ml,Grocery,10,35.23,2022-10-27,352.3,132
TXN-03487,Alcohol 70% 500Ml,Personal Care,4,99.41,2022-10-27,397.64,322
TXN-03447,Air Freshener Spray,Household Supplies,4,122.6,2022-10-27,490.4,104
TXN-06064,Juice Drink 250Ml,Food & Snacks,2,18.87,2022-10-28,37.74,179
TXN-03122,Cooking Oil 1L,Grocery,5,92.09,2022-10-28,460.45,32
TXN-05803,Canned Sardines,Grocery,4,27.55,2022-10-28,110.2,82
TXN-06376,Evaporated Milk,Grocery,10,43.54,2022-10-28,435.4,319
TXN-04592,Vinegar 350Ml,Grocery,10,28.67,2022-10-29,286.7,283
TXN-03693,Bread Loaf,Food & Snacks,11,66.39,2022-10-29,730.29,272
TXN-02787,Vinegar 350Ml,Grocery,8,28.64,2022-10-29,229.12,159
TXN-01515,White Rice 2Kg,Grocery,6,121.37,2022-10-29,728.22,341
TXN-03805,Coffee Sachet (10S),Grocery,9,66.18,2022-10-29,595.62,263
TXN-05032,Dishwashing Liquid 500Ml,Household Supplies,3,76.18,2022-10-29,228.54,260
TXN-06212,Canned Sardines,Grocery,5,29.3,2022-10-30,146.5,40
TXN-05823,Cooking Oil 1L,Grocery,5,89.32,2022-10-30,446.6,294
TXN-05929,Digital Alarm Clock,Electronics,2,287.51,2022-10-30,575.02,346
TXN-03475,Canned Sardines,Grocery,7,29.66,2022-10-30,207.62,193
TXN-05779,Stapler,School & Office Supplies,4,195.18,2022-10-31,780.72,45
TXN-04932,Bottled Water 1.5L,Grocery,9,25.2,2022-10-31,226.8,228
TXN-03466,Coffee Sachet (10S),Grocery,9,64.94,2022-10-31,584.46,316
TXN-02899,Bread Loaf,Food & Snacks,9,67.74,2022-10-31,609.66,35
TXN-03913,"Bond Paper (Short, 10S)",School & Office Supplies,7,29.07,2022-10-31,203.49,240
TXN-05687,Pencil,School & Office Supplies,1,10.22,2022-10-31,10.22,113
TXN-04858,Chocolate Bar,Food & Snacks,4,30.24,2022-11-02,120.96,201
TXN-01010,Notebook 80 Leaves,School & Office Supplies,3,56.77,2022-11-02,170.31,459
TXN-04756,Biscuit Pack,Food & Snacks,4,25.35,2022-11-02,101.4,377
TXN-03482,Bath Soap,Personal Care,4,43.78,2022-11-02,175.12,147
TXN-04145,Bath Soap,Personal Care,1,45.84,2022-11-02,45.84,121
TXN-02967,Screen Protector,Electronics,3,99.38,2022-11-03,298.14,218
TXN-06255,Soy Sauce 350Ml,Grocery,2,36.63,2022-11-03,73.26,415
TXN-03739,Ballpen (Black),School & Office Supplies,4,11.71,2022-11-03,46.84,341
TXN-06394,"Bond Paper (Short, 10S)",School & Office Supplies,1,31.46,2022-11-03,31.46,120
TXN-02004,Peanuts 100G,Food & Snacks,8,28.54,2022-11-03,228.32,143
TXN-01963,Floor Mop,Household Supplies,1,238.83,2022-11-03,238.83,247
TXN-03844,Vinegar 350Ml,Grocery,2,31.31,2022-11-03,62.62,58
TXN-05114,Energy Drink 250Ml,Food & Snacks,2,46.56,2022-11-03,93.12,49
TXN-02807,Bottled Water 1.5L,Grocery,12,24.06,2022-11-04,288.72,139
TXN-01368,Eraser,School & Office Supplies,4,14.41,2022-11-04,57.64,193
TXN-02695,Pencil,School & Office Supplies,8,9.98,2022-11-04,79.84,247
TXN-04689,Candle (6S),Household Supplies,3,46.53,2022-11-04,139.59,353
TXN-05224,Bluetooth Speaker,Electronics,2,1567.3,2022-11-04,3134.6,229
TXN-03183,Folder (Long),School & Office Supplies,2,17.96,2022-11-05,35.92,277
TXN-02057,Peanuts 100G,Food & Snacks,7,28.73,2022-11-05,201.11,136
TXN-05298,Pencil,School & Office Supplies,9,9.62,2022-11-05,86.58,135
TXN-04112,Instant Noodles (Pack),Grocery,6,14.62,2022-11-06,87.72,157
TXN-03495,Power Bank 10000Mah,Electronics,2,883.12,2022-11-06,1766.24,196
TXN-03334,Coffee Sachet (10S),Grocery,6,67.88,2022-11-06,407.28,0
TXN-03845,Sugar 1Kg,Grocery,4,76.32,2022-11-06,305.28,152
TXN-05956,Sponge Scrub (2S),Household Supplies,4,33.61,2022-11-07,134.44,175
TXN-05960,Sugar 1Kg,Grocery,6,75.01,2022-11-07,450.06,189
TXN-06437,Ice Cream Cup,Food & Snacks,7,34.33,2022-11-07,240.31,99
TXN-05497,Usb Charging Cable,Electronics,3,157.19,2022-11-07,471.57,407
TXN-01562,Toothpaste 75G,Personal Care,6,67.41,2022-11-07,404.46,301
TXN-05430,Cooking Oil 1L,Grocery,7,87.71,2022-11-08,613.97,14
TXN-06220,White Rice 2Kg,Grocery,12,120.56,2022-11-08,1446.72,30
TXN-06387,Facial Wash 50Ml,Personal Care,2,116.88,2022-11-08,233.76,205
TXN-05884,Instant Noodles (Pack),Grocery,2,15.42,2022-11-08,30.84,252
TXN-05988,Digital Alarm Clock,Electronics,2,296.88,2022-11-09,593.76,344
TXN-01611,Facial Wash 50Ml,Personal Care,2,124.87,2022-11-09,249.74,419
TXN-01272,Broom (Walis Tingting),Household Supplies,4,62.36,2022-11-09,249.44,409
TXN-01386,Staple Wire,School & Office Supplies,1,36.2,2022-11-09,36.2,347
TXN-05656,Potato Chips 60G,Food & Snacks,3,33.27,2022-11-09,99.81,271
TXN-01061,Vinegar 350Ml,Grocery,2,30.79,2022-11-10,61.58,435
TXN-03998,Candle (6S),Household Supplies,3,44.58,2022-11-10,133.74,373
TXN-03063,Facial Wash 50Ml,Personal Care,4,122.47,2022-11-10,489.88,352
TXN-03067,Lotion 200Ml,Personal Care,4,146.2,2022-11-10,584.8,113
TXN-01954,Extension Cord,Electronics,3,364.31,2022-11-10,1092.93,152
TXN-02557,Pencil,School & Office Supplies,7,9.63,2022-11-11,67.41,256
TXN-06354,Lollipop Candy,Food & Snacks,10,4.92,2022-11-11,49.2,225
TXN-03801,Softdrink 1.5L,Food & Snacks,6,62.74,2022-11-11,376.44,108
TXN-01564,Laundry Detergent 500G,Household Supplies,3,85.57,2022-11-11,256.71,179
TXN-02002,Bath Soap,Personal Care,6,47.18,2022-11-12,283.08,216
TXN-04708,Shampoo Sachet,Personal Care,1,7.72,2022-11-12,7.72,31
TXN-02727,Cooking Oil 1L,Grocery,12,88.41,2022-11-12,1060.92,88
TXN-01127,Soy Sauce 350Ml,Grocery,8,33.36,2022-11-12,266.88,313
TXN-02256,Lollipop Candy,Food & Snacks,6,5.12,2022-11-12,30.72,264
TXN-04865,Mosquito Coil (10S),Household Supplies,4,55.75,2022-11-12,223.0,419
TXN-04272,Vinegar 350Ml,Grocery,6,29.68,2022-11-13,178.08,349
TXN-01669,Sanitary Napkin (8S),Personal Care,3,76.91,2022-11-13,230.73,379
TXN-06081,Candle (6S),Household Supplies,2,43.47,2022-11-13,86.94,321
TXN-03751,Laundry Detergent 500G,Household Supplies,4,83.21,2022-11-13,332.84,141
TXN-04488,Peanuts 100G,Food & Snacks,2,28.61,2022-11-13,57.22,202
TXN-06439,Bath Soap,Personal Care,6,45.97,2022-11-13,275.82,10
TXN-05705,Cotton Balls,Personal Care,2,36.47,2022-11-14,72.94,4
TXN-01718,Biscuit Pack,Food & Snacks,3,26.19,2022-11-14,78.57,51
TXN-01855,Softdrink 1.5L,Food & Snacks,13,65.32,2022-11-14,849.16,206
TXN-05436,Coffee Sachet (10S),Grocery,7,62.17,2022-11-14,435.19,17
TXN-01582,Evaporated Milk,Grocery,12,44.05,2022-11-14,528.6,177
TXN-06039,Bluetooth Speaker,Electronics,3,1438.47,2022-11-14,4315.41,218
TXN-03039,Toothbrush,Personal Care,1,55.61,2022-11-15,55.61,162
TXN-05690,Juice Drink 250Ml,Food & Snacks,3,17.69,2022-11-15,53.07,23
TXN-03982,Fabric Conditioner 500Ml,Household Supplies,1,96.46,2022-11-15,96.46,254
TXN-04836,Pencil,School & Office Supplies,3,9.65,2022-11-15,28.95,178
TXN-01041,Extension Cord,Electronics,1,365.1,2022-11-15,365.1,166
TXN-03315,Instant Noodles (Pack),Grocery,6,14.84,2022-11-15,89.04,281
TXN-03571,Chocolate Bar,Food & Snacks,7,30.67,2022-11-16,214.69,78
TXN-04491,Sanitary Napkin (8S),Personal Care,1,77.86,2022-11-16,77.86,267
TXN-02854,Juice Drink 250Ml,Food & Snacks,9,17.13,2022-11-16,154.17,179
TXN-01884,Toothbrush,Personal Care,6,55.75,2022-11-16,334.5,211
TXN-03701,Chocolate Bar,Food & Snacks,7,29.44,2022-11-17,206.08,67
TXN-05134,Broom (Walis Tingting),Household Supplies,2,64.53,2022-11-17,129.06,340
TXN-03452,Ballpen (Black),School & Office Supplies,7,11.89,2022-11-17,83.23,356
TXN-01438,Instant Noodles (Pack),Grocery,6,15.15,2022-11-17,90.9,67
TXN-06138,Cotton Balls,Personal Care,6,34.77,2022-11-17,208.62,333
TXN-03526,Floor Mop,Household Supplies,2,260.24,2022-11-17,520.48,209
TXN-05463,"Bond Paper (Short, 10S)",School & Office Supplies,1,29.28,2022-11-17,29.28,173
TXN-03119,Evaporated Milk,Grocery,3,43.74,2022-11-17,131.22,197
TXN-03120,Toothpaste 75G,Personal Care,2,65.69,2022-11-17,131.38,217
TXN-04830,Lollipop Candy,Food & Snacks,4,4.97,2022-11-18,19.88,412
TXN-02880,Softdrink 1.5L,Food & Snacks,2,65.36,2022-11-18,130.72,52
TXN-01665,Trash Bag (10S),Household Supplies,4,53.25,2022-11-18,213.0,352
TXN-06232,Sugar 1Kg,Grocery,6,73.15,2022-11-18,438.9,124
TXN-05295,Sanitary Napkin (8S),Personal Care,6,80.62,2022-11-18,483.72,228
TXN-01644,Trash Bag (10S),Household Supplies,1,53.12,2022-11-19,53.12,356
TXN-04844,Deodorant Roll-On,Personal Care,6,85.44,2022-11-19,512.64,83
TXN-05357,Vinegar 350Ml,Grocery,10,28.81,2022-11-19,288.1,140
TXN-04419,Notebook 80 Leaves,School & Office Supplies,8,55.84,2022-11-19,446.72,298
TXN-03966,Softdrink 1.5L,Food & Snacks,7,62.89,2022-11-20,440.23,54
TXN-03774,Scotch Tape,School & Office Supplies,4,26.1,2022-11-20,104.4,213
TXN-01827,Potato Chips 60G,Food & Snacks,7,34.16,2022-11-20,239.12,254
TXN-04828,Toothpaste 75G,Personal Care,2,68.15,2022-11-20,136.3,158
TXN-05910,Power Bank 10000Mah,Electronics,1,900.26,2022-11-20,900.26,158
TXN-03868,White Rice 2Kg,Grocery,3,124.8,2022-11-20,374.4,436
TXN-02474,Soy Sauce 350Ml,Grocery,4,34.3,2022-11-21,137.2,158
TXN-02483,Lotion 200Ml,Personal Care,4,149.11,2022-11-21,596.44,148
TXN-01711,Bottled Water 1.5L,Grocery,9,26.11,2022-11-21,234.99,61
TXN-01226,Vinegar 350Ml,Grocery,7,29.59,2022-11-21,207.13,410
TXN-05916,Facial Wash 50Ml,Personal Care,4,116.29,2022-11-22,465.16,222
TXN-05201,Bread Loaf,Food & Snacks,3,62.37,2022-11-22,187.11,59
TXN-04971,Lotion 200Ml,Personal Care,1,153.38,2022-11-23,153.38,8
TXN-01371,Bottled Water 1.5L,Grocery,4,25.23,2022-11-23,100.92,97
TXN-06309,Vinegar 350Ml,Grocery,8,31.42,2022-11-23,251.36,226
TXN-04465,Staple Wire,School & Office Supplies,2,35.0,2022-11-23,70.0,177
TXN-03491,Potato Chips 60G,Food & Snacks,2,35.39,2022-11-23,70.78,86
TXN-05972,Toothbrush,Personal Care,1,53.76,2022-11-23,53.76,242
TXN-05274,Cooking Oil 1L,Grocery,9,88.91,2022-11-23,800.19,39
TXN-04400,Toothpaste 75G,Personal Care,2,66.42,2022-11-24,132.84,175
TXN-03040,Peanuts 100G,Food & Snacks,4,28.09,2022-11-24,112.36,0
TXN-02180,Peanuts 100G,Food & Snacks,3,28.58,2022-11-25,85.74,111
TXN-01842,Dishwashing Liquid 500Ml,Household Supplies,1,72.87,2022-11-25,72.87,326
TXN-05338,Eraser,School & Office Supplies,7,14.62,2022-11-25,102.34,473
TXN-04905,Broom (Walis Tingting),Household Supplies,1,63.24,2022-11-25,63.24,343
TXN-02531,Folder (Long),School & Office Supplies,1,18.63,2022-11-25,18.63,293
TXN-01921,Sponge Scrub (2S),Household Supplies,1,36.52,2022-11-25,36.52,282
TXN-04080,Potato Chips 60G,Food & Snacks,6,35.89,2022-11-26,215.34,463
TXN-03523,Ice Cream Cup,Food & Snacks,2,36.36,2022-11-26,72.72,84
TXN-03319,Bread Loaf,Food & Snacks,6,63.1,2022-11-26,378.6,319
TXN-06217,Dishwashing Liquid 500Ml,Household Supplies,4,76.06,2022-11-26,304.24,222
TXN-02202,Broom (Walis Tingting),Household Supplies,1,65.26,2022-11-27,65.26,387
TXN-01586,Shampoo Sachet,Personal Care,2,7.61,2022-11-27,15.22,128
TXN-01951,Peanuts 100G,Food & Snacks,7,27.05,2022-11-27,189.35,151
TXN-04926,Power Bank 10000Mah,Electronics,3,895.07,2022-11-27,2685.21,171
TXN-04411,Canned Sardines,Grocery,3,27.82,2022-11-27,83.46,83
TXN-01895,Stapler,School & Office Supplies,7,201.79,2022-11-27,1412.53,253
TXN-03357,Bread Loaf,Food & Snacks,2,65.11,2022-11-27,130.22,316
TXN-02345,Facial Wash 50Ml,Personal Care,1,116.0,2022-11-27,116.0,394
TXN-05966,Electric Fan (Desk),Electronics,2,813.24,2022-11-27,1626.48,372
TXN-05486,Toothpaste 75G,Personal Care,4,63.03,2022-11-28,252.12,119
TXN-04243,Candle (6S),Household Supplies,1,42.95,2022-11-28,42.95,371
TXN-01309,Scotch Tape,School & Office Supplies,8,24.65,2022-11-28,197.2,349
TXN-01965,Instant Noodles (Pack),Grocery,9,14.57,2022-11-28,131.13,467
TXN-01655,Stapler,School & Office Supplies,6,205.09,2022-11-28,1230.54,294
TXN-03728,Chocolate Bar,Food & Snacks,3,29.86,2022-11-28,89.58,64
TXN-06062,Ice Cream Cup,Food & Snacks,14,34.93,2022-11-28,489.02,159
TXN-01367,Pencil,School & Office Supplies,6,10.27,2022-11-30,61.62,323
TXN-05041,Alcohol 70% 500Ml,Personal Care,1,92.34,2022-11-30,92.34,281
TXN-06454,Facial Wash 50Ml,Personal Care,6,117.6,2022-11-30,705.6,199
TXN-03566,"Bond Paper (Short, 10S)",School & Office Supplies,7,30.43,2022-11-30,213.01,279
TXN-01412,Pencil,School & Office Supplies,6,9.85,2022-11-30,59.1,317
TXN-04797,Sanitary Napkin (8S),Personal Care,2,75.29,2022-12-01,150.58,256
TXN-01279,Bath Soap,Personal Care,5,45.14,2022-12-01,225.7,247
TXN-02951,Cooking Oil 1L,Grocery,4,89.11,2022-12-01,356.44,54
TXN-05994,Broom (Walis Tingting),Household Supplies,2,66.22,2022-12-01,132.44,320
TXN-04508,Chocolate Bar,Food & Snacks,5,31.45,2022-12-01,157.25,259
TXN-04470,Screen Protector,Electronics,1,97.5,2022-12-02,97.5,206
TXN-03422,Evaporated Milk,Grocery,4,41.51,2022-12-02,166.04,150
TXN-05617,Notebook 80 Leaves,School & Office Supplies,10,56.53,2022-12-03,565.3,208
TXN-03043,Eraser,School & Office Supplies,5,14.87,2022-12-03,74.35,120
TXN-02864,Canned Sardines,Grocery,6,28.3,2022-12-03,169.8,55
TXN-02879,Cooking Oil 1L,Grocery,8,85.29,2022-12-03,682.32,58
TXN-03924,Instant Noodles (Pack),Grocery,13,15.47,2022-12-03,201.11,180
TXN-06412,Bottled Water 1.5L,Grocery,5,24.39,2022-12-03,121.95,7
TXN-01050,Coffee Sachet (10S),Grocery,10,65.54,2022-12-03,655.4,437
TXN-03900,Evaporated Milk,Grocery,8,42.13,2022-12-03,337.04,74
TXN-05917,Bath Soap,Personal Care,2,43.1,2022-12-03,86.2,52
TXN-03215,Vinegar 350Ml,Grocery,9,29.73,2022-12-03,267.57,111
TXN-01735,Sugar 1Kg,Grocery,8,74.15,2022-12-03,593.2,131
TXN-01943,Vinegar 350Ml,Grocery,5,29.5,2022-12-03,147.5,328
TXN-04942,Instant Noodles (Pack),Grocery,9,15.01,2022-12-04,135.09,15
TXN-03171,Laundry Detergent 500G,Household Supplies,2,83.11,2022-12-04,166.22,149
TXN-02456,Led Desk Lamp,Electronics,1,522.58,2022-12-05,522.58,464
TXN-04800,Sanitary Napkin (8S),Personal Care,2,80.96,2022-12-05,161.92,254
TXN-02460,Chocolate Bar,Food & Snacks,9,28.78,2022-12-05,259.02,228
TXN-03419,Trash Bag (10S),Household Supplies,5,55.35,2022-12-05,276.75,319
TXN-04757,Cooking Oil 1L,Grocery,10,85.84,2022-12-06,858.4,101
TXN-02774,Cooking Oil 1L,Grocery,13,92.87,2022-12-06,1207.31,75
TXN-03519,Toothbrush,Personal Care,5,54.1,2022-12-06,270.5,123
TXN-03718,Toothbrush,Personal Care,1,53.26,2022-12-06,53.26,121
TXN-01932,Sugar 1Kg,Grocery,2,75.48,2022-12-07,150.96,91
TXN-02010,Wireless Earbuds,Electronics,2,1239.0,2022-12-07,2478.0,265
TXN-03509,Lollipop Candy,Food & Snacks,13,4.89,2022-12-07,63.57,95
TXN-01373,Wireless Earbuds,Electronics,1,1244.0,2022-12-07,1244.0,275
TXN-05077,Toothpaste 75G,Personal Care,2,64.79,2022-12-07,129.58,146
TXN-02804,Electric Fan (Desk),Electronics,2,763.42,2022-12-07,1526.84,423
TXN-04798,Bottled Water 1.5L,Grocery,5,25.26,2022-12-07,126.3,255
TXN-02902,Dishwashing Liquid 500Ml,Household Supplies,1,71.5,2022-12-07,71.5,310
TXN-04512,Energy Drink 250Ml,Food & Snacks,4,44.79,2022-12-07,179.16,133
TXN-05591,Electric Fan (Desk),Electronics,1,806.22,2022-12-08,806.22,379
TXN-02420,Stapler,School & Office Supplies,2,196.78,2022-12-08,393.56,243
TXN-01327,Potato Chips 60G,Food & Snacks,8,33.76,2022-12-08,270.08,340
TXN-04334,Toothpaste 75G,Personal Care,2,67.32,2022-12-08,134.64,178
TXN-01516,Ballpen (Black),School & Office Supplies,5,11.41,2022-12-08,57.05,445
TXN-02970,Coffee Sachet (10S),Grocery,13,64.27,2022-12-08,835.51,73
TXN-04930,Deodorant Roll-On,Personal Care,5,87.72,2022-12-08,438.6,77
TXN-06393,Led Desk Lamp,Electronics,2,553.9,2022-12-08,1107.8,404
TXN-04835,Staple Wire,School & Office Supplies,9,34.43,2022-12-09,309.87,153
TXN-05711,Cotton Balls,Personal Care,5,35.46,2022-12-09,177.3,380
TXN-06109,Evaporated Milk,Grocery,9,40.5,2022-12-09,364.5,388
TXN-03957,Stapler,School & Office Supplies,10,205.91,2022-12-09,2059.1,149
TXN-03750,Coffee Sachet (10S),Grocery,13,64.48,2022-12-09,838.24,278
TXN-01977,Fabric Conditioner 500Ml,Household Supplies,5,98.88,2022-12-09,494.4,300
TXN-03247,Sugar 1Kg,Grocery,13,71.96,2022-12-10,935.48,301
TXN-01974,Juice Drink 250Ml,Food & Snacks,5,18.51,2022-12-10,92.55,340
TXN-01291,Power Bank 10000Mah,Electronics,4,926.42,2022-12-10,3705.68,234
TXN-05394,Bottled Water 1.5L,Grocery,2,25.01,2022-12-10,50.02,169
TXN-06477,Soy Sauce 350Ml,Grocery,6,35.88,2022-12-10,215.28,375
TXN-01298,Ice Cream Cup,Food & Snacks,6,35.19,2022-12-10,211.14,405
TXN-04471,Energy Drink 250Ml,Food & Snacks,13,44.48,2022-12-11,578.24,137
TXN-01993,Bottled Water 1.5L,Grocery,6,24.61,2022-12-11,147.66,12
TXN-03498,Chocolate Bar,Food & Snacks,6,30.46,2022-12-11,182.76,97
TXN-01939,Bottled Water 1.5L,Grocery,10,23.94,2022-12-11,239.4,18
TXN-04010,Evaporated Milk,Grocery,10,43.29,2022-12-11,432.9,44
TXN-03581,Highlighter,School & Office Supplies,10,45.1,2022-12-11,451.0,72
TXN-03253,Alcohol 70% 500Ml,Personal Care,1,99.46,2022-12-11,99.46,334
TXN-03394,Coffee Sachet (10S),Grocery,13,64.09,2022-12-12,833.17,330
TXN-05097,Sponge Scrub (2S),Household Supplies,2,35.15,2022-12-12,70.3,201
TXN-02080,Chocolate Bar,Food & Snacks,8,31.4,2022-12-12,251.2,280
TXN-04205,Canned Sardines,Grocery,10,29.24,2022-12-12,292.4,110
TXN-01903,Coffee Sachet (10S),Grocery,13,65.93,2022-12-12,857.09,281
TXN-05311,Digital Alarm Clock,Electronics,4,290.71,2022-12-13,1162.84,353
TXN-06248,Sanitary Napkin (8S),Personal Care,5,77.37,2022-12-13,386.85,182
TXN-03827,Toothbrush,Personal Care,4,52.97,2022-12-13,211.88,115
TXN-02206,Lotion 200Ml,Personal Care,5,145.41,2022-12-13,727.05,170
TXN-02567,Coffee Sachet (10S),Grocery,10,67.9,2022-12-13,679.0,149
TXN-03144,Coffee Sachet (10S),Grocery,5,67.31,2022-12-13,336.55,44
TXN-01326,Biscuit Pack,Food & Snacks,5,26.15,2022-12-13,130.75,121
TXN-01583,Cooking Oil 1L,Grocery,5,86.05,2022-12-14,430.25,263
TXN-04582,Soy Sauce 350Ml,Grocery,4,36.12,2022-12-14,144.48,149
TXN-02738,Ice Cream Cup,Food & Snacks,6,35.87,2022-12-14,215.22,199
TXN-03674,Digital Alarm Clock,Electronics,1,294.74,2022-12-14,294.74,391
TXN-05521,Cooking Oil 1L,Grocery,6,87.72,2022-12-14,526.32,337
TXN-03089,Bath Soap,Personal Care,6,44.22,2022-12-14,265.32,179
TXN-03425,Alcohol 70% 500Ml,Personal Care,1,91.37,2022-12-15,91.37,333
TXN-05982,"Bond Paper (Short, 10S)",School & Office Supplies,6,30.94,2022-12-15,185.64,137
TXN-02766,Lollipop Candy,Food & Snacks,16,4.85,2022-12-15,77.6,182
TXN-01181,Lotion 200Ml,Personal Care,5,149.88,2022-12-16,749.4,227
TXN-01851,Facial Wash 50Ml,Personal Care,2,117.67,2022-12-16,235.34,411
TXN-03199,Bath Soap,Personal Care,2,45.19,2022-12-16,90.38,166
TXN-05440,Mosquito Coil (10S),Household Supplies,2,56.73,2022-12-17,113.46,400
TXN-03881,Deodorant Roll-On,Personal Care,5,93.19,2022-12-17,465.95,138
TXN-01109,White Rice 2Kg,Grocery,4,117.79,2022-12-17,471.16,415
TXN-03979,Canned Sardines,Grocery,12,27.7,2022-12-17,332.4,136
TXN-06145,Pencil,School & Office Supplies,2,9.75,2022-12-17,19.5,88
TXN-03220,Softdrink 1.5L,Food & Snacks,12,64.8,2022-12-18,777.6,32
TXN-05113,"Bond Paper (Short, 10S)",School & Office Supplies,9,29.97,2022-12-18,269.73,196
TXN-01209,Coffee Sachet (10S),Grocery,12,63.84,2022-12-19,766.08,400
TXN-03010,Soy Sauce 350Ml,Grocery,5,35.48,2022-12-19,177.4,57
TXN-01070,Bread Loaf,Food & Snacks,8,66.64,2022-12-19,533.12,182
TXN-04525,Air Freshener Spray,Household Supplies,5,132.37,2022-12-19,661.85,76
TXN-04722,Bluetooth Speaker,Electronics,4,1552.14,2022-12-19,6208.56,234
TXN-05673,Coffee Sachet (10S),Grocery,2,61.85,2022-12-19,123.7,187
TXN-04182,Evaporated Milk,Grocery,5,40.87,2022-12-20,204.35,272
TXN-06325,Electric Fan (Desk),Electronics,2,801.52,2022-12-20,1603.04,367
TXN-02161,Potato Chips 60G,Food & Snacks,8,35.7,2022-12-20,285.6,186
TXN-06188,Digital Alarm Clock,Electronics,1,286.31,2022-12-20,286.31,338
TXN-01893,Juice Drink 250Ml,Food & Snacks,16,18.75,2022-12-20,300.0,352
TXN-02966,Sponge Scrub (2S),Household Supplies,1,35.08,2022-12-21,35.08,248
TXN-01879,Staple Wire,School & Office Supplies,6,34.98,2022-12-21,209.88,304
TXN-02136,Chocolate Bar,Food & Snacks,14,29.28,2022-12-21,409.92,251
TXN-03110,Soy Sauce 350Ml,Grocery,4,36.44,2022-12-21,145.76,19
TXN-04966,Eraser,School & Office Supplies,9,15.31,2022-12-21,137.79,8
TXN-04887,Broom (Walis Tingting),Household Supplies,1,68.01,2022-12-21,68.01,344
TXN-02954,Stapler,School & Office Supplies,9,200.49,2022-12-22,1804.41,206
TXN-05658,Cotton Balls,Personal Care,6,36.74,2022-12-22,220.44,6
TXN-06090,Sugar 1Kg,Grocery,9,75.44,2022-12-23,678.96,167
TXN-05365,Cotton Balls,Personal Care,5,33.86,2022-12-23,169.3,29
TXN-05689,Electric Fan (Desk),Electronics,1,828.01,2022-12-23,828.01,378
TXN-04385,Juice Drink 250Ml,Food & Snacks,10,18.15,2022-12-23,181.5,179
TXN-03941,Coffee Sachet (10S),Grocery,4,66.35,2022-12-23,265.4,238
TXN-05340,Notebook 80 Leaves,School & Office Supplies,10,55.26,2022-12-23,552.6,235
TXN-05370,Alcohol 70% 500Ml,Personal Care,4,90.31,2022-12-23,361.24,275
TXN-04560,Lotion 200Ml,Personal Care,6,151.16,2022-12-23,906.96,31
TXN-05072,Evaporated Milk,Grocery,13,43.69,2022-12-23,567.97,159
TXN-02287,Softdrink 1.5L,Food & Snacks,6,66.63,2022-12-24,399.78,150
TXN-02849,White Rice 2Kg,Grocery,13,125.99,2022-12-24,1637.87,134
TXN-04415,Canned Sardines,Grocery,10,29.05,2022-12-24,290.5,73
TXN-02982,Wireless Earbuds,Electronics,1,1261.35,2022-12-25,1261.35,254
TXN-01607,White Rice 2Kg,Grocery,10,124.61,2022-12-25,1246.1,328
TXN-04485,Vinegar 350Ml,Grocery,9,28.95,2022-12-25,260.55,311
TXN-05330,Lollipop Candy,Food & Snacks,4,4.89,2022-12-25,19.56,347
TXN-05541,Instant Noodles (Pack),Grocery,4,14.31,2022-12-25,57.24,301
TXN-03407,Bottled Water 1.5L,Grocery,6,24.06,2022-12-26,144.36,70
TXN-05432,Vinegar 350Ml,Grocery,6,30.0,2022-12-26,180.0,115
TXN-06397,Instant Noodles (Pack),Grocery,9,14.58,2022-12-26,131.22,187
TXN-05255,Cooking Oil 1L,Grocery,6,84.7,2022-12-26,508.2,48
TXN-04137,Bath Soap,Personal Care,6,46.13,2022-12-26,276.78,122
TXN-01883,Sugar 1Kg,Grocery,5,75.89,2022-12-26,379.45,93
TXN-02881,Ice Cream Cup,Food & Snacks,8,33.38,2022-12-27,267.04,177
TXN-03266,Peanuts 100G,Food & Snacks,13,27.18,2022-12-27,353.34,331
TXN-05950,Facial Wash 50Ml,Personal Care,6,120.28,2022-12-27,721.68,216
TXN-04194,Bread Loaf,Food & Snacks,8,62.83,2022-12-28,502.64,195
TXN-03591,"Bond Paper (Short, 10S)",School & Office Supplies,6,29.72,2022-12-28,178.32,262
TXN-04747,Stapler,School & Office Supplies,1,207.53,2022-12-28,207.53,96
TXN-01252,Peanuts 100G,Food & Snacks,4,29.15,2022-12-28,116.6,267
TXN-06410,Canned Sardines,Grocery,12,28.54,2022-12-28,342.48,13
TXN-05115,Eraser,School & Office Supplies,8,14.49,2022-12-29,115.92,482
TXN-01944,Evaporated Milk,Grocery,6,42.28,2022-12-29,253.68,120
TXN-02897,Cotton Balls,Personal Care,2,36.19,2022-12-29,72.38,102
TXN-02819,Instant Noodles (Pack),Grocery,5,15.25,2022-12-29,76.25,361
TXN-04670,Evaporated Milk,Grocery,9,41.16,2022-12-29,370.44,217
TXN-01328,Evaporated Milk,Grocery,6,43.14,2022-12-29,258.84,236
TXN-01361,Lotion 200Ml,Personal Care,5,146.55,2022-12-30,732.75,216
TXN-04280,Deodorant Roll-On,Personal Care,4,84.96,2022-12-30,339.84,123
TXN-05054,Potato Chips 60G,Food & Snacks,2,33.67,2022-12-30,67.34,371
TXN-06342,Sanitary Napkin (8S),Personal Care,2,80.28,2022-12-30,160.56,168
TXN-05204,Shampoo Sachet,Personal Care,4,8.11,2022-12-31,32.44,15
TXN-04585,Extension Cord,Electronics,1,354.58,2022-12-31,354.58,126
TXN-03595,Potato Chips 60G,Food & Snacks,14,33.4,2022-12-31,467.6,70
TXN-04224,Folder (Long),School & Office Supplies,1,17.88,2023-01-01,17.88,202
TXN-01058,Evaporated Milk,Grocery,1,41.65,2023-01-01,41.65,292
TXN-01762,Extension Cord,Electronics,1,354.43,2023-01-01,354.43,157
TXN-06030,Deodorant Roll-On,Personal Care,2,90.17,2023-01-01,180.34,35
TXN-05145,Lollipop Candy,Food & Snacks,10,4.89,2023-01-01,48.9,365
TXN-04293,Coffee Sachet (10S),Grocery,2,63.13,2023-01-02,126.26,158
TXN-02987,Biscuit Pack,Food & Snacks,10,23.86,2023-01-02,238.6,269
TXN-05832,Highlighter,School & Office Supplies,1,43.34,2023-01-02,43.34,314
TXN-02461,Bottled Water 1.5L,Grocery,5,24.11,2023-01-02,120.55,191
TXN-02317,Phone Case,Electronics,1,205.42,2023-01-02,205.42,362
TXN-02274,Canned Sardines,Grocery,4,29.73,2023-01-03,118.92,155
TXN-01336,Peanuts 100G,Food & Snacks,1,27.14,2023-01-03,27.14,253
TXN-05735,Power Bank 10000Mah,Electronics,1,936.84,2023-01-03,936.84,160
TXN-04733,Sanitary Napkin (8S),Personal Care,1,81.54,2023-01-03,81.54,260
TXN-02494,Soy Sauce 350Ml,Grocery,4,34.13,2023-01-04,136.52,154
TXN-05092,Peanuts 100G,Food & Snacks,4,26.75,2023-01-04,107.0,147
TXN-01449,Toothbrush,Personal Care,1,55.6,2023-01-04,55.6,238
TXN-02089,Screen Protector,Electronics,1,101.37,2023-01-04,101.37,235
TXN-05584,Canned Sardines,Grocery,3,28.22,2023-01-05,84.66,111
TXN-01079,Fabric Conditioner 500Ml,Household Supplies,3,92.8,2023-01-05,278.4,325
TXN-04825,Scotch Tape,School & Office Supplies,5,25.33,2023-01-05,126.65,146
TXN-01480,Chocolate Bar,Food & Snacks,4,29.52,2023-01-06,118.08,347
TXN-04929,Canned Sardines,Grocery,3,28.33,2023-01-06,84.99,7
TXN-03854,Stapler,School & Office Supplies,5,203.92,2023-01-06,1019.6,159
TXN-05695,Evaporated Milk,Grocery,1,44.06,2023-01-06,44.06,38
TXN-05528,Led Desk Lamp,Electronics,1,527.07,2023-01-07,527.07,412
TXN-05492,Mosquito Coil (10S),Household Supplies,1,53.76,2023-01-07,53.76,398
TXN-06033,Softdrink 1.5L,Food & Snacks,5,65.95,2023-01-07,329.75,79
TXN-06374,Deodorant Roll-On,Personal Care,1,85.06,2023-01-07,85.06,25
TXN-04284,Toothpaste 75G,Personal Care,4,62.13,2023-01-08,248.52,180
TXN-04837,Digital Alarm Clock,Electronics,1,296.26,2023-01-08,296.26,361
TXN-04572,Bottled Water 1.5L,Grocery,2,24.5,2023-01-08,49.0,303
TXN-05088,Eraser,School & Office Supplies,3,14.88,2023-01-08,44.64,490
TXN-01689,Energy Drink 250Ml,Food & Snacks,6,44.51,2023-01-09,267.06,183
TXN-03859,Notebook 80 Leaves,School & Office Supplies,2,54.89,2023-01-09,109.78,327
TXN-01503,Stapler,School & Office Supplies,1,199.93,2023-01-09,199.93,307
TXN-05630,Candle (6S),Household Supplies,3,46.01,2023-01-09,138.03,332
TXN-06378,Sugar 1Kg,Grocery,3,73.63,2023-01-10,220.89,98
TXN-01137,Broom (Walis Tingting),Household Supplies,1,62.76,2023-01-11,62.76,415
TXN-05893,Chocolate Bar,Food & Snacks,6,30.46,2023-01-11,182.76,44
TXN-03826,Canned Sardines,Grocery,8,29.85,2023-01-11,238.8,164
TXN-01987,Coffee Sachet (10S),Grocery,8,65.67,2023-01-12,525.36,250
TXN-04178,Lotion 200Ml,Personal Care,1,152.37,2023-01-12,152.37,63
TXN-04306,Potato Chips 60G,Food & Snacks,1,33.63,2023-01-12,33.63,447
TXN-04439,Cooking Oil 1L,Grocery,5,91.07,2023-01-12,455.35,139
TXN-03757,Coffee Sachet (10S),Grocery,1,66.24,2023-01-12,66.24,277
TXN-01928,Lollipop Candy,Food & Snacks,5,4.86,2023-01-12,24.3,314
TXN-05455,Evaporated Milk,Grocery,2,40.32,2023-01-12,80.64,91
TXN-06131,Lotion 200Ml,Personal Care,1,143.49,2023-01-12,143.49,365
TXN-03099,Shampoo Sachet,Personal Care,1,7.65,2023-01-13,7.65,84
TXN-02421,Mosquito Coil (10S),Household Supplies,3,52.3,2023-01-13,156.9,471
TXN-01362,Toothbrush,Personal Care,1,55.63,2023-01-13,55.63,240
TXN-03013,Cooking Oil 1L,Grocery,7,86.38,2023-01-13,604.66,45
TXN-03583,Bottled Water 1.5L,Grocery,8,24.77,2023-01-13,198.16,36
TXN-01051,Biscuit Pack,Food & Snacks,3,25.14,2023-01-13,75.42,146
TXN-03545,Evaporated Milk,Grocery,1,40.94,2023-01-13,40.94,136
TXN-03179,Ballpen (Black),School & Office Supplies,6,11.75,2023-01-13,70.5,363
TXN-02888,Laundry Detergent 500G,Household Supplies,1,84.68,2023-01-13,84.68,159
TXN-06108,Sugar 1Kg,Grocery,6,76.5,2023-01-14,459.0,136
TXN-02071,Scotch Tape,School & Office Supplies,2,23.92,2023-01-14,47.84,314
TXN-01797,Instant Noodles (Pack),Grocery,2,14.42,2023-01-14,28.84,18
TXN-03555,Instant Noodles (Pack),Grocery,5,15.39,2023-01-14,76.95,255
TXN-04939,Soy Sauce 350Ml,Grocery,6,33.89,2023-01-14,203.34,61
TXN-01297,Evaporated Milk,Grocery,1,43.27,2023-01-15,43.27,242
TXN-04680,Usb Charging Cable,Electronics,1,143.74,2023-01-15,143.74,416
TXN-02918,White Rice 2Kg,Grocery,8,120.17,2023-01-15,961.36,114
TXN-01450,Lotion 200Ml,Personal Care,2,148.55,2023-01-15,297.1,207
TXN-02599,Biscuit Pack,Food & Snacks,1,24.67,2023-01-15,24.67,355
TXN-02713,Usb Charging Cable,Electronics,1,144.63,2023-01-15,144.63,454
TXN-05404,Vinegar 350Ml,Grocery,7,28.57,2023-01-16,199.99,130
TXN-05833,Coffee Sachet (10S),Grocery,4,64.47,2023-01-16,257.88,157
TXN-03747,Sugar 1Kg,Grocery,1,76.92,2023-01-16,76.92,170
TXN-01529,Dishwashing Liquid 500Ml,Household Supplies,1,76.35,2023-01-16,76.35,335
TXN-06312,Notebook 80 Leaves,School & Office Supplies,5,52.45,2023-01-16,262.25,183
TXN-03883,Instant Noodles (Pack),Grocery,6,14.93,2023-01-16,89.58,193
TXN-02262,White Rice 2Kg,Grocery,8,114.25,2023-01-16,914.0,217
TXN-01730,Instant Noodles (Pack),Grocery,2,14.84,2023-01-16,29.68,28
TXN-03546,Electric Fan (Desk),Electronics,1,830.59,2023-01-16,830.59,411
TXN-01561,Lotion 200Ml,Personal Care,3,145.38,2023-01-17,436.14,187
TXN-05512,Vinegar 350Ml,Grocery,5,30.92,2023-01-17,154.6,79
TXN-01108,Dishwashing Liquid 500Ml,Household Supplies,2,75.0,2023-01-17,150.0,344
TXN-02219,Bottled Water 1.5L,Grocery,6,25.94,2023-01-18,155.64,202
TXN-01768,Cotton Balls,Personal Care,2,36.14,2023-01-18,72.28,157
TXN-06196,Potato Chips 60G,Food & Snacks,2,34.77,2023-01-18,69.54,203
TXN-02432,Chocolate Bar,Food & Snacks,5,30.74,2023-01-19,153.7,237
TXN-05981,Ice Cream Cup,Food & Snacks,8,36.53,2023-01-19,292.24,174
TXN-04500,Vinegar 350Ml,Grocery,2,29.3,2023-01-19,58.6,309
TXN-02806,Eraser,School & Office Supplies,2,15.2,2023-01-19,30.4,125
TXN-05238,Juice Drink 250Ml,Food & Snacks,4,18.01,2023-01-20,72.04,84
TXN-05214,Screen Protector,Electronics,1,99.55,2023-01-20,99.55,192
TXN-01360,Instant Noodles (Pack),Grocery,5,15.07,2023-01-20,75.35,102
TXN-05604,Softdrink 1.5L,Food & Snacks,5,68.03,2023-01-20,340.15,118
TXN-05123,Peanuts 100G,Food & Snacks,1,29.08,2023-01-21,29.08,146
TXN-03205,Shampoo Sachet,Personal Care,3,8.24,2023-01-21,24.72,66
TXN-05714,Highlighter,School & Office Supplies,4,43.76,2023-01-21,175.04,322
TXN-05809,Sponge Scrub (2S),Household Supplies,3,34.59,2023-01-21,103.77,187
TXN-03025,Scotch Tape,School & Office Supplies,5,24.44,2023-01-21,122.2,252
TXN-03903,Alcohol 70% 500Ml,Personal Care,1,91.06,2023-01-22,91.06,309
TXN-04360,Softdrink 1.5L,Food & Snacks,1,64.71,2023-01-22,64.71,27
TXN-05914,Energy Drink 250Ml,Food & Snacks,5,46.26,2023-01-22,231.3,321
TXN-03971,Bluetooth Speaker,Electronics,1,1460.76,2023-01-22,1460.76,249
TXN-03726,Peanuts 100G,Food & Snacks,7,26.99,2023-01-22,188.93,284
TXN-03504,Chocolate Bar,Food & Snacks,1,30.12,2023-01-23,30.12,96
TXN-04571,Instant Noodles (Pack),Grocery,6,15.19,2023-01-23,91.14,62
TXN-04684,Scotch Tape,School & Office Supplies,4,26.07,2023-01-23,104.28,159
TXN-03423,Bath Soap,Personal Care,1,43.12,2023-01-23,43.12,151
TXN-03620,Biscuit Pack,Food & Snacks,6,24.07,2023-01-23,144.42,150
TXN-03843,Notebook 80 Leaves,School & Office Supplies,2,55.36,2023-01-23,110.72,329
TXN-06098,Cotton Balls,Personal Care,1,36.21,2023-01-23,36.21,342
TXN-04909,Electric Fan (Desk),Electronics,2,782.91,2023-01-23,1565.82,392
TXN-05061,Staple Wire,School & Office Supplies,6,34.53,2023-01-23,207.18,128
TXN-04805,Canned Sardines,Grocery,2,27.09,2023-01-23,54.18,19
TXN-03968,Lotion 200Ml,Personal Care,1,154.96,2023-01-24,154.96,80
TXN-04513,Bread Loaf,Food & Snacks,6,64.18,2023-01-25,385.08,144
TXN-03196,Fabric Conditioner 500Ml,Household Supplies,1,93.63,2023-01-25,93.63,265
TXN-04911,Biscuit Pack,Food & Snacks,4,25.77,2023-01-25,103.08,355
TXN-01652,Electric Fan (Desk),Electronics,2,815.35,2023-01-25,1630.7,441
TXN-03713,Toothpaste 75G,Personal Care,1,67.01,2023-01-25,67.01,194
TXN-06100,Softdrink 1.5L,Food & Snacks,4,68.12,2023-01-25,272.48,73
TXN-05941,Deodorant Roll-On,Personal Care,2,89.87,2023-01-26,179.74,45
TXN-05420,Bottled Water 1.5L,Grocery,3,25.93,2023-01-26,77.79,166
TXN-06141,Instant Noodles (Pack),Grocery,8,14.75,2023-01-26,118.0,231
TXN-01639,Wireless Earbuds,Electronics,1,1280.87,2023-01-26,1280.87,268
TXN-04662,Facial Wash 50Ml,Personal Care,3,121.92,2023-01-26,365.76,279
TXN-02848,Lollipop Candy,Food & Snacks,5,5.15,2023-01-26,25.75,163
TXN-03420,Bottled Water 1.5L,Grocery,8,25.73,2023-01-27,205.84,62
TXN-01961,Folder (Long),School & Office Supplies,5,17.45,2023-01-27,87.25,332
TXN-04409,Bread Loaf,Food & Snacks,7,64.55,2023-01-28,451.85,150
TXN-05005,Bread Loaf,Food & Snacks,2,67.95,2023-01-28,135.9,103
TXN-04862,Lotion 200Ml,Personal Care,3,146.27,2023-01-28,438.81,19
TXN-03897,Bluetooth Speaker,Electronics,2,1466.43,2023-01-28,2932.86,250
TXN-02865,Coffee Sachet (10S),Grocery,6,65.4,2023-01-29,392.4,86
TXN-02086,Fabric Conditioner 500Ml,Household Supplies,3,90.5,2023-01-29,271.5,297
TXN-04848,Sugar 1Kg,Grocery,5,74.63,2023-01-29,373.15,380
TXN-02662,Potato Chips 60G,Food & Snacks,8,36.26,2023-01-29,290.08,136
TXN-02817,Coffee Sachet (10S),Grocery,2,63.07,2023-01-29,126.14,99
TXN-01628,Toothpaste 75G,Personal Care,1,62.95,2023-01-29,62.95,300
TXN-04134,Bottled Water 1.5L,Grocery,6,25.93,2023-01-29,155.58,369
TXN-03815,Energy Drink 250Ml,Food & Snacks,5,45.77,2023-01-30,228.85,229
TXN-02478,Phone Case,Electronics,2,201.79,2023-01-30,403.58,360
TXN-06036,Candle (6S),Household Supplies,3,42.81,2023-01-30,128.43,325
TXN-03882,Softdrink 1.5L,Food & Snacks,9,66.67,2023-01-30,600.03,71
TXN-05937,Lotion 200Ml,Personal Care,2,149.92,2023-01-30,299.84,374
TXN-05269,Coffee Sachet (10S),Grocery,3,67.44,2023-01-30,202.32,32
TXN-03725,Trash Bag (10S),Household Supplies,2,54.1,2023-01-30,108.2,312
TXN-04628,Stapler,School & Office Supplies,3,190.15,2023-01-30,570.45,105
TXN-02503,Facial Wash 50Ml,Personal Care,1,125.02,2023-01-31,125.02,386
TXN-02615,Toothbrush,Personal Care,1,52.57,2023-01-31,52.57,178
TXN-02165,Vinegar 350Ml,Grocery,1,30.02,2023-01-31,30.02,280
TXN-05583,Soy Sauce 350Ml,Grocery,7,35.28,2023-01-31,246.96,454
TXN-04307,Bread Loaf,Food & Snacks,3,64.99,2023-01-31,194.97,169
TXN-04751,Toothbrush,Personal Care,3,56.05,2023-01-31,168.15,55
TXN-02959,Soy Sauce 350Ml,Grocery,6,34.18,2023-02-01,205.08,67
TXN-05257,Lollipop Candy,Food & Snacks,4,4.84,2023-02-01,19.36,351
TXN-03045,Instant Noodles (Pack),Grocery,8,15.74,2023-02-01,125.92,309
TXN-05963,Softdrink 1.5L,Food & Snacks,5,65.48,2023-02-01,327.4,91
TXN-04023,Instant Noodles (Pack),Grocery,4,14.8,2023-02-02,59.2,165
TXN-01485,Energy Drink 250Ml,Food & Snacks,5,46.6,2023-02-02,233.0,207
TXN-05160,Biscuit Pack,Food & Snacks,3,24.53,2023-02-02,73.59,320
TXN-04618,Bread Loaf,Food & Snacks,3,68.04,2023-02-02,204.12,137
TXN-05397,Folder (Long),School & Office Supplies,2,18.14,2023-02-02,36.28,122
TXN-05068,Lotion 200Ml,Personal Care,1,153.15,2023-02-02,153.15,437
TXN-06426,Cooking Oil 1L,Grocery,5,91.53,2023-02-02,457.65,154
TXN-05188,Vinegar 350Ml,Grocery,8,29.29,2023-02-03,234.32,176
TXN-04044,Toothpaste 75G,Personal Care,1,66.16,2023-02-03,66.16,191
TXN-06300,Lollipop Candy,Food & Snacks,4,4.84,2023-02-03,19.36,235
TXN-06296,Fabric Conditioner 500Ml,Household Supplies,1,95.12,2023-02-03,95.12,214
TXN-05329,Mosquito Coil (10S),Household Supplies,1,56.28,2023-02-03,56.28,405
TXN-01190,Canned Sardines,Grocery,1,27.37,2023-02-03,27.37,335
TXN-01936,Ice Cream Cup,Food & Snacks,7,34.92,2023-02-03,244.44,306
TXN-05975,Ice Cream Cup,Food & Snacks,4,33.43,2023-02-04,133.72,182
TXN-04244,Lotion 200Ml,Personal Care,1,153.32,2023-02-04,153.32,61
TXN-02782,Lollipop Candy,Food & Snacks,4,4.83,2023-02-04,19.32,178
TXN-02623,White Rice 2Kg,Grocery,8,114.23,2023-02-04,913.84,172
TXN-05141,Instant Noodles (Pack),Grocery,5,14.56,2023-02-04,72.8,386
TXN-05390,Bluetooth Speaker,Electronics,2,1448.09,2023-02-04,2896.18,227
TXN-04111,Eraser,School & Office Supplies,4,15.51,2023-02-04,62.04,53
TXN-06473,Soy Sauce 350Ml,Grocery,1,34.68,2023-02-04,34.68,381
TXN-04329,Potato Chips 60G,Food & Snacks,5,35.02,2023-02-04,175.1,442
TXN-05406,Sanitary Napkin (8S),Personal Care,1,75.29,2023-02-04,75.29,222
TXN-01349,Potato Chips 60G,Food & Snacks,3,35.28,2023-02-04,105.84,336
TXN-04142,Energy Drink 250Ml,Food & Snacks,2,46.09,2023-02-04,92.18,197
TXN-02175,Ballpen (Black),School & Office Supplies,4,11.56,2023-02-05,46.24,410
TXN-01104,Sugar 1Kg,Grocery,2,74.69,2023-02-05,149.38,217
TXN-03328,Shampoo Sachet,Personal Care,1,7.76,2023-02-05,7.76,65
TXN-04719,Folder (Long),School & Office Supplies,2,17.21,2023-02-05,34.42,142
TXN-05801,White Rice 2Kg,Grocery,4,120.93,2023-02-05,483.72,123
TXN-03690,Energy Drink 250Ml,Food & Snacks,4,43.73,2023-02-05,174.92,242
TXN-03363,Sugar 1Kg,Grocery,4,73.32,2023-02-05,293.28,264
TXN-02934,Peanuts 100G,Food & Snacks,6,26.9,2023-02-06,161.4,26
TXN-04412,Sugar 1Kg,Grocery,4,71.53,2023-02-06,286.12,34
TXN-02522,Led Desk Lamp,Electronics,1,534.37,2023-02-06,534.37,460
TXN-03625,Fabric Conditioner 500Ml,Household Supplies,3,91.26,2023-02-06,273.78,256
TXN-02965,Bread Loaf,Food & Snacks,2,68.19,2023-02-06,136.38,16
TXN-01775,Staple Wire,School & Office Supplies,4,35.41,2023-02-06,141.64,315
TXN-06257,White Rice 2Kg,Grocery,8,118.06,2023-02-06,944.48,22
TXN-06159,Electric Fan (Desk),Electronics,2,821.44,2023-02-07,1642.88,369
TXN-01904,Canned Sardines,Grocery,3,27.95,2023-02-07,83.85,223
TXN-03012,Sugar 1Kg,Grocery,2,71.54,2023-02-07,143.08,361
TXN-02997,Lollipop Candy,Food & Snacks,4,4.8,2023-02-07,19.2,155
TXN-01202,Canned Sardines,Grocery,7,28.1,2023-02-07,196.7,328
TXN-06416,Softdrink 1.5L,Food & Snacks,8,65.83,2023-02-08,526.64,28
TXN-05773,Bottled Water 1.5L,Grocery,8,24.26,2023-02-08,194.08,84
TXN-06267,Vinegar 350Ml,Grocery,4,31.35,2023-02-08,125.4,234
TXN-03852,Ballpen (Black),School & Office Supplies,3,12.15,2023-02-08,36.45,326
TXN-03499,Softdrink 1.5L,Food & Snacks,1,66.85,2023-02-08,66.85,142
TXN-06014,Digital Alarm Clock,Electronics,2,311.93,2023-02-08,623.86,340
TXN-03432,Sugar 1Kg,Grocery,8,72.75,2023-02-08,582.0,248
TXN-02433,Evaporated Milk,Grocery,2,43.14,2023-02-08,86.28,61
TXN-05281,Wireless Earbuds,Electronics,2,1358.52,2023-02-08,2717.04,227
TXN-05468,White Rice 2Kg,Grocery,5,115.94,2023-02-09,579.7,166
TXN-05110,Energy Drink 250Ml,Food & Snacks,9,44.68,2023-02-09,402.12,51
TXN-01803,Lollipop Candy,Food & Snacks,7,5.12,2023-02-09,35.84,322
TXN-05280,Bread Loaf,Food & Snacks,1,64.07,2023-02-09,64.07,36
TXN-01179,Biscuit Pack,Food & Snacks,9,25.76,2023-02-10,231.84,126
TXN-02453,Staple Wire,School & Office Supplies,6,34.77,2023-02-10,208.62,274
TXN-05598,Bottled Water 1.5L,Grocery,6,24.96,2023-02-10,149.76,124
TXN-02222,Notebook 80 Leaves,School & Office Supplies,1,57.05,2023-02-10,57.05,420
TXN-03263,Evaporated Milk,Grocery,4,43.76,2023-02-11,175.04,175
TXN-01343,Softdrink 1.5L,Food & Snacks,8,63.0,2023-02-11,504.0,283
TXN-02757,Scotch Tape,School & Office Supplies,2,24.97,2023-02-11,49.94,267
TXN-02245,Sugar 1Kg,Grocery,1,72.9,2023-02-12,72.9,65
TXN-02601,Bread Loaf,Food & Snacks,8,62.68,2023-02-12,501.44,61
TXN-03775,Bread Loaf,Food & Snacks,8,62.98,2023-02-12,503.84,257
TXN-06229,Shampoo Sachet,Personal Care,2,7.77,2023-02-12,15.54,289
TXN-01599,White Rice 2Kg,Grocery,3,118.69,2023-02-12,356.07,338
TXN-02240,Candle (6S),Household Supplies,1,46.19,2023-02-13,46.19,405
TXN-01129,Sugar 1Kg,Grocery,5,75.48,2023-02-13,377.4,212
TXN-01813,Eraser,School & Office Supplies,3,15.06,2023-02-13,45.18,177
TXN-01275,Power Bank 10000Mah,Electronics,1,920.52,2023-02-13,920.52,238
TXN-05199,Juice Drink 250Ml,Food & Snacks,1,18.77,2023-02-14,18.77,94
TXN-03376,Soy Sauce 350Ml,Grocery,4,35.23,2023-02-14,140.92,313
TXN-04819,Ice Cream Cup,Food & Snacks,3,33.29,2023-02-14,99.87,291
TXN-03871,Bread Loaf,Food & Snacks,4,65.19,2023-02-14,260.76,244
TXN-01223,Bottled Water 1.5L,Grocery,8,24.6,2023-02-15,196.8,128
TXN-06009,Pencil,School & Office Supplies,5,10.25,2023-02-15,51.25,96
TXN-02574,Lollipop Candy,Food & Snacks,7,5.22,2023-02-15,36.54,241
TXN-05409,Power Bank 10000Mah,Electronics,1,891.74,2023-02-16,891.74,163
TXN-03380,Toothbrush,Personal Care,4,54.71,2023-02-16,218.84,142
TXN-05996,Dishwashing Liquid 500Ml,Household Supplies,3,77.32,2023-02-16,231.96,231
TXN-03297,Cotton Balls,Personal Care,4,33.83,2023-02-16,135.32,90
TXN-01147,Evaporated Milk,Grocery,7,40.69,2023-02-16,284.83,277
TXN-03542,Peanuts 100G,Food & Snacks,7,28.2,2023-02-16,197.4,314
TXN-02000,Deodorant Roll-On,Personal Care,1,85.7,2023-02-17,85.7,215
TXN-05856,Sugar 1Kg,Grocery,1,74.04,2023-02-17,74.04,226
TXN-05741,Evaporated Milk,Grocery,4,44.03,2023-02-17,176.12,25
TXN-04839,Phone Case,Electronics,1,205.96,2023-02-18,205.96,322
TXN-04217,Soy Sauce 350Ml,Grocery,1,33.59,2023-02-18,33.59,213
TXN-05371,Cooking Oil 1L,Grocery,7,89.26,2023-02-18,624.82,27
TXN-02930,Instant Noodles (Pack),Grocery,4,14.57,2023-02-19,58.28,341
TXN-03428,Canned Sardines,Grocery,8,28.01,2023-02-19,224.08,201
TXN-06252,Potato Chips 60G,Food & Snacks,4,33.99,2023-02-19,135.96,183
TXN-03615,Chocolate Bar,Food & Snacks,4,29.79,2023-02-19,119.16,74
TXN-01870,Coffee Sachet (10S),Grocery,4,64.46,2023-02-20,257.84,300
TXN-03443,Air Freshener Spray,Household Supplies,3,124.76,2023-02-20,374.28,108
TXN-05844,Instant Noodles (Pack),Grocery,4,15.71,2023-02-20,62.84,267
TXN-04407,Bluetooth Speaker,Electronics,1,1554.98,2023-02-20,1554.98,240
TXN-05172,Potato Chips 60G,Food & Snacks,8,36.47,2023-02-22,291.76,340
TXN-04644,Fabric Conditioner 500Ml,Household Supplies,1,94.66,2023-02-22,94.66,242
TXN-01087,Folder (Long),School & Office Supplies,6,18.68,2023-02-22,112.08,354
TXN-02350,Air Freshener Spray,Household Supplies,1,125.63,2023-02-22,125.63,130
TXN-01922,Soy Sauce 350Ml,Grocery,4,35.08,2023-02-22,140.32,200
TXN-06286,White Rice 2Kg,Grocery,2,120.17,2023-02-22,240.34,20
TXN-02336,Toothpaste 75G,Personal Care,1,67.56,2023-02-23,67.56,261
TXN-03607,Bottled Water 1.5L,Grocery,4,24.09,2023-02-23,96.36,32
TXN-01602,Bottled Water 1.5L,Grocery,3,25.75,2023-02-23,77.25,78
TXN-04599,Coffee Sachet (10S),Grocery,1,63.3,2023-02-23,63.3,133
TXN-02980,Phone Case,Electronics,1,190.06,2023-02-23,190.06,343
TXN-03935,Vinegar 350Ml,Grocery,5,30.99,2023-02-24,154.95,53
TXN-05813,Cotton Balls,Personal Care,1,33.64,2023-02-24,33.64,362
TXN-05691,Dishwashing Liquid 500Ml,Household Supplies,3,77.01,2023-02-24,231.03,248
TXN-03842,Potato Chips 60G,Food & Snacks,8,33.38,2023-02-24,267.04,15
TXN-05510,Potato Chips 60G,Food & Snacks,4,35.58,2023-02-24,142.32,289
TXN-02706,Biscuit Pack,Food & Snacks,8,24.55,2023-02-24,196.4,327
TXN-01114,Biscuit Pack,Food & Snacks,2,26.06,2023-02-24,52.12,144
TXN-04568,Lollipop Candy,Food & Snacks,5,4.86,2023-02-25,24.3,441
TXN-04938,Ballpen (Black),School & Office Supplies,4,11.73,2023-02-25,46.92,256
TXN-04796,Sanitary Napkin (8S),Personal Care,1,80.67,2023-02-25,80.67,258
TXN-03314,Laundry Detergent 500G,Household Supplies,3,89.01,2023-02-25,267.03,146
TXN-02688,Peanuts 100G,Food & Snacks,8,28.35,2023-02-25,226.8,71
TXN-05998,Cotton Balls,Personal Care,4,34.27,2023-02-26,137.08,350
TXN-06244,Toothbrush,Personal Care,1,52.28,2023-02-26,52.28,241
TXN-02018,Bluetooth Speaker,Electronics,2,1424.96,2023-02-26,2849.92,279
TXN-05494,Soy Sauce 350Ml,Grocery,4,33.44,2023-02-26,133.76,461
TXN-05130,Air Freshener Spray,Household Supplies,3,133.54,2023-02-26,400.62,61
TXN-03511,Cooking Oil 1L,Grocery,5,89.59,2023-02-26,447.95,281
TXN-02310,Lollipop Candy,Food & Snacks,2,5.16,2023-02-26,10.32,262
TXN-03113,White Rice 2Kg,Grocery,6,117.92,2023-02-26,707.52,92
TXN-04028,Evaporated Milk,Grocery,4,41.02,2023-02-26,164.08,40
TXN-05661,Chocolate Bar,Food & Snacks,7,29.34,2023-02-27,205.38,106
TXN-05033,Phone Case,Electronics,2,194.92,2023-02-27,389.84,312
TXN-01950,Vinegar 350Ml,Grocery,2,28.86,2023-02-27,57.72,326
TXN-03438,Softdrink 1.5L,Food & Snacks,9,66.5,2023-02-27,598.5,158
TXN-03922,Scotch Tape,School & Office Supplies,5,23.82,2023-02-27,119.1,208
TXN-06153,Peanuts 100G,Food & Snacks,3,28.26,2023-02-27,84.78,38
TXN-06270,Shampoo Sachet,Personal Care,3,7.83,2023-02-27,23.49,286
TXN-06258,Softdrink 1.5L,Food & Snacks,5,67.41,2023-02-28,337.05,44
TXN-03176,Cotton Balls,Personal Care,4,34.1,2023-02-28,136.4,96
TXN-06191,Alcohol 70% 500Ml,Personal Care,1,92.52,2023-02-28,92.52,251
TXN-01764,Coffee Sachet (10S),Grocery,7,68.17,2023-02-28,477.19,313
TXN-01080,Shampoo Sachet,Personal Care,1,8.18,2023-02-28,8.18,150
TXN-04332,Vinegar 350Ml,Grocery,4,29.85,2023-02-28,119.4,345
TXN-02887,Evaporated Milk,Grocery,3,42.39,2023-02-28,127.17,2
TXN-01752,Toothpaste 75G,Personal Care,1,66.62,2023-02-28,66.62,286
TXN-04951,Extension Cord,Electronics,1,337.61,2023-03-01,337.61,118
TXN-03224,Bath Soap,Personal Care,4,45.69,2023-03-01,182.76,162
TXN-01440,Evaporated Milk,Grocery,5,41.74,2023-03-01,208.7,229
TXN-01303,Power Bank 10000Mah,Electronics,2,869.38,2023-03-01,1738.76,232
TXN-02595,"Bond Paper (Short, 10S)",School & Office Supplies,4,30.6,2023-03-02,122.4,331
TXN-05821,"Bond Paper (Short, 10S)",School & Office Supplies,2,30.45,2023-03-02,60.9,159
TXN-03745,Sugar 1Kg,Grocery,8,76.14,2023-03-02,609.12,180
TXN-01756,Stapler,School & Office Supplies,7,191.53,2023-03-02,1340.71,260
TXN-04700,Candle (6S),Household Supplies,3,46.72,2023-03-03,140.16,350
TXN-02518,Lotion 200Ml,Personal Care,4,150.41,2023-03-04,601.64,144
TXN-02499,Digital Alarm Clock,Electronics,1,284.93,2023-03-04,284.93,412
TXN-04561,Electric Fan (Desk),Electronics,1,836.89,2023-03-04,836.89,396
TXN-01142,Eraser,School & Office Supplies,6,15.7,2023-03-04,94.2,227
TXN-04897,Scotch Tape,School & Office Supplies,3,25.38,2023-03-04,76.14,136
TXN-01732,Coffee Sachet (10S),Grocery,2,65.98,2023-03-05,131.96,325
TXN-06323,Alcohol 70% 500Ml,Personal Care,4,90.53,2023-03-05,362.12,247
TXN-02487,Bath Soap,Personal Care,1,43.02,2023-03-05,43.02,202
TXN-05368,Energy Drink 250Ml,Food & Snacks,1,43.54,2023-03-05,43.54,19
TXN-01700,Canned Sardines,Grocery,8,27.84,2023-03-05,222.72,263
TXN-01381,Canned Sardines,Grocery,7,27.32,2023-03-05,191.24,299
TXN-03454,Canned Sardines,Grocery,1,28.25,2023-03-06,28.25,200
TXN-03082,Energy Drink 250Ml,Food & Snacks,4,46.79,2023-03-06,187.16,312
TXN-02892,Vinegar 350Ml,Grocery,4,29.41,2023-03-06,117.64,151
TXN-06115,White Rice 2Kg,Grocery,8,124.64,2023-03-06,997.12,70
TXN-04007,Lollipop Candy,Food & Snacks,9,5.18,2023-03-06,46.62,17
TXN-02314,Coffee Sachet (10S),Grocery,7,63.24,2023-03-08,442.68,204
TXN-04910,Screen Protector,Electronics,1,96.82,2023-03-08,96.82,200
TXN-01597,Sugar 1Kg,Grocery,3,73.09,2023-03-08,219.27,159
TXN-03700,Cooking Oil 1L,Grocery,5,86.34,2023-03-08,431.7,258
TXN-04877,Softdrink 1.5L,Food & Snacks,9,63.68,2023-03-08,573.12,209
TXN-04545,Cooking Oil 1L,Grocery,5,85.27,2023-03-09,426.35,134
TXN-04304,Bread Loaf,Food & Snacks,1,66.57,2023-03-09,66.57,172
TXN-03505,Staple Wire,School & Office Supplies,2,34.34,2023-03-09,68.68,236
TXN-01741,"Bond Paper (Short, 10S)",School & Office Supplies,1,30.31,2023-03-09,30.31,401
TXN-06037,Biscuit Pack,Food & Snacks,9,25.83,2023-03-09,232.47,198
TXN-05840,Coffee Sachet (10S),Grocery,7,67.63,2023-03-09,473.41,148
TXN-03364,Evaporated Milk,Grocery,8,42.09,2023-03-10,336.72,154
TXN-01090,Sugar 1Kg,Grocery,4,78.2,2023-03-10,312.8,219
TXN-03951,Wireless Earbuds,Electronics,2,1299.49,2023-03-10,2598.98,246
TXN-02265,Chocolate Bar,Food & Snacks,2,28.56,2023-03-11,57.12,242
TXN-05144,Facial Wash 50Ml,Personal Care,1,120.19,2023-03-11,120.19,264
TXN-02449,Deodorant Roll-On,Personal Care,2,85.36,2023-03-11,170.72,194
TXN-04701,Mosquito Coil (10S),Household Supplies,1,56.85,2023-03-12,56.85,423
TXN-06210,Scotch Tape,School & Office Supplies,1,24.81,2023-03-12,24.81,65
TXN-05737,Bath Soap,Personal Care,1,44.92,2023-03-12,44.92,66
TXN-01402,"Bond Paper (Short, 10S)",School & Office Supplies,2,30.68,2023-03-13,61.36,420
TXN-03141,Electric Fan (Desk),Electronics,1,811.62,2023-03-13,811.62,417
TXN-04742,Sponge Scrub (2S),Household Supplies,2,34.36,2023-03-13,68.72,216
TXN-05912,Dishwashing Liquid 500Ml,Household Supplies,3,73.69,2023-03-13,221.07,238
TXN-05309,Bottled Water 1.5L,Grocery,3,26.09,2023-03-13,78.27,180
TXN-01062,Energy Drink 250Ml,Food & Snacks,8,45.59,2023-03-13,364.72,276
TXN-01308,Electric Fan (Desk),Electronics,1,791.7,2023-03-13,791.7,449
TXN-01431,Eraser,School & Office Supplies,7,15.53,2023-03-13,108.71,186
TXN-04519,Trash Bag (10S),Household Supplies,1,53.03,2023-03-14,53.03,295
TXN-04509,Facial Wash 50Ml,Personal Care,1,116.84,2023-03-14,116.84,291
TXN-04947,Scotch Tape,School & Office Supplies,3,24.76,2023-03-14,74.28,129
TXN-03706,Power Bank 10000Mah,Electronics,1,871.45,2023-03-14,871.45,190
TXN-06214,Chocolate Bar,Food & Snacks,8,30.14,2023-03-15,241.12,312
TXN-01292,Cooking Oil 1L,Grocery,5,85.81,2023-03-15,429.05,281
TXN-02059,Cotton Balls,Personal Care,1,33.53,2023-03-15,33.53,150
TXN-01626,Ice Cream Cup,Food & Snacks,7,33.36,2023-03-15,233.52,358
TXN-04226,Bread Loaf,Food & Snacks,4,67.54,2023-03-16,270.16,188
TXN-02326,Canned Sardines,Grocery,1,28.86,2023-03-16,28.86,154
TXN-03578,Canned Sardines,Grocery,9,27.89,2023-03-16,251.01,179
TXN-05943,Deodorant Roll-On,Personal Care,3,90.47,2023-03-16,271.41,42
TXN-04534,Air Freshener Spray,Household Supplies,3,125.19,2023-03-16,375.57,73
TXN-03305,Dishwashing Liquid 500Ml,Household Supplies,3,77.87,2023-03-16,233.61,300
TXN-01746,Sugar 1Kg,Grocery,2,72.04,2023-03-16,144.08,124
TXN-02458,Cotton Balls,Personal Care,1,35.67,2023-03-16,35.67,129
TXN-05625,Soy Sauce 350Ml,Grocery,1,33.83,2023-03-16,33.83,444
TXN-02268,Folder (Long),School & Office Supplies,7,17.18,2023-03-16,120.26,308
TXN-01056,Cotton Balls,Personal Care,1,36.5,2023-03-17,36.5,179
TXN-04856,Potato Chips 60G,Food & Snacks,5,35.07,2023-03-17,175.35,389
TXN-01380,Vinegar 350Ml,Grocery,7,30.72,2023-03-17,215.04,388
TXN-06127,Potato Chips 60G,Food & Snacks,3,35.35,2023-03-17,106.05,205
TXN-06414,Soy Sauce 350Ml,Grocery,5,36.21,2023-03-18,181.05,393
TXN-03905,Sponge Scrub (2S),Household Supplies,3,36.08,2023-03-18,108.24,226
TXN-01221,Canned Sardines,Grocery,4,27.43,2023-03-18,109.72,324
TXN-04712,Evaporated Milk,Grocery,8,41.85,2023-03-18,334.8,200
TXN-01945,Extension Cord,Electronics,1,349.85,2023-03-19,349.85,155
TXN-04967,Softdrink 1.5L,Food & Snacks,7,63.21,2023-03-19,442.47,195
TXN-06194,Coffee Sachet (10S),Grocery,9,66.57,2023-03-19,599.13,52
TXN-03260,Folder (Long),School & Office Supplies,2,17.94,2023-03-20,35.88,268
TXN-01938,Toothbrush,Personal Care,1,55.89,2023-03-20,55.89,210
TXN-04529,Folder (Long),School & Office Supplies,3,17.89,2023-03-20,53.67,159
TXN-01511,Peanuts 100G,Food & Snacks,5,28.67,2023-03-20,143.35,230
TXN-04998,Mosquito Coil (10S),Household Supplies,1,54.43,2023-03-20,54.43,416
TXN-04480,Folder (Long),School & Office Supplies,5,18.62,2023-03-21,93.1,162
TXN-06181,Cotton Balls,Personal Care,3,34.16,2023-03-21,102.48,330
TXN-03731,Pencil,School & Office Supplies,5,10.16,2023-03-21,50.8,208
TXN-05322,Usb Charging Cable,Electronics,2,155.61,2023-03-21,311.22,410
TXN-04246,Instant Noodles (Pack),Grocery,4,14.34,2023-03-21,57.36,118
TXN-04891,Softdrink 1.5L,Food & Snacks,2,63.8,2023-03-21,127.6,207
TXN-03780,Staple Wire,School & Office Supplies,1,35.24,2023-03-22,35.24,223
TXN-01733,Potato Chips 60G,Food & Snacks,5,36.43,2023-03-22,182.15,261
TXN-03343,Soy Sauce 350Ml,Grocery,1,36.53,2023-03-22,36.53,324
TXN-05096,Digital Alarm Clock,Electronics,1,312.21,2023-03-23,312.21,360
TXN-03974,Peanuts 100G,Food & Snacks,6,27.25,2023-03-23,163.5,257
TXN-03245,Toothbrush,Personal Care,2,53.1,2023-03-23,106.2,157
TXN-04314,Lollipop Candy,Food & Snacks,7,5.23,2023-03-23,36.61,466
TXN-01047,Potato Chips 60G,Food & Snacks,3,35.94,2023-03-24,107.82,380
TXN-02948,Laundry Detergent 500G,Household Supplies,1,88.12,2023-03-24,88.12,158
TXN-02289,Ice Cream Cup,Food & Snacks,9,35.42,2023-03-24,318.78,254
TXN-01461,Toothbrush,Personal Care,2,57.67,2023-03-24,115.34,236
TXN-04820,Sugar 1Kg,Grocery,5,78.61,2023-03-25,393.05,391
TXN-01028,Alcohol 70% 500Ml,Personal Care,1,97.48,2023-03-25,97.48,421
TXN-02216,Fabric Conditioner 500Ml,Household Supplies,1,93.17,2023-03-25,93.17,292
TXN-03665,Folder (Long),School & Office Supplies,7,18.89,2023-03-25,132.23,237
TXN-04721,Highlighter,School & Office Supplies,7,45.17,2023-03-25,316.19,17
TXN-04437,Bluetooth Speaker,Electronics,1,1436.79,2023-03-25,1436.79,239
TXN-02258,Coffee Sachet (10S),Grocery,7,63.64,2023-03-27,445.48,220
TXN-03715,Mosquito Coil (10S),Household Supplies,2,53.36,2023-03-27,106.72,443
TXN-04900,Ballpen (Black),School & Office Supplies,1,12.6,2023-03-27,12.6,260
TXN-04556,Ballpen (Black),School & Office Supplies,4,11.41,2023-03-28,45.64,284
TXN-06379,Cooking Oil 1L,Grocery,9,84.75,2023-03-28,762.75,168
TXN-01093,Bottled Water 1.5L,Grocery,3,26.12,2023-03-28,78.36,155
TXN-04943,Electric Fan (Desk),Electronics,1,763.29,2023-03-28,763.29,391
TXN-04179,Phone Case,Electronics,1,196.04,2023-03-28,196.04,328
TXN-05335,Laundry Detergent 500G,Household Supplies,3,86.66,2023-03-28,259.98,116
TXN-06101,Toothpaste 75G,Personal Care,1,63.23,2023-03-29,63.23,88
TXN-01454,Scotch Tape,School & Office Supplies,2,25.15,2023-03-29,50.3,342
TXN-05835,Coffee Sachet (10S),Grocery,2,64.41,2023-03-30,128.82,155
TXN-05282,Soy Sauce 350Ml,Grocery,6,34.59,2023-03-30,207.54,4
TXN-04085,Evaporated Milk,Grocery,2,41.41,2023-03-30,82.82,26
TXN-02911,Bottled Water 1.5L,Grocery,5,26.02,2023-03-30,130.1,134
TXN-06419,Extension Cord,Electronics,1,358.18,2023-03-30,358.18,101
TXN-01659,Scotch Tape,School & Office Supplies,1,24.38,2023-03-30,24.38,341
TXN-04294,Lotion 200Ml,Personal Care,1,149.23,2023-03-30,149.23,53
TXN-05766,Energy Drink 250Ml,Food & Snacks,7,46.94,2023-03-30,328.58,336
TXN-01563,Canned Sardines,Grocery,1,28.45,2023-03-30,28.45,289
TXN-01661,White Rice 2Kg,Grocery,9,114.58,2023-03-30,1031.22,312
TXN-06133,Lollipop Candy,Food & Snacks,7,4.8,2023-03-31,33.6,253
TXN-04366,Sugar 1Kg,Grocery,7,75.49,2023-03-31,528.43,45
TXN-01270,Evaporated Milk,Grocery,1,43.3,2023-03-31,43.3,243
TXN-06295,Air Freshener Spray,Household Supplies,3,127.56,2023-03-31,382.68,30
TXN-02093,Scotch Tape,School & Office Supplies,2,23.81,2023-04-01,47.62,311
TXN-03520,Shampoo Sachet,Personal Care,4,7.78,2023-04-01,31.12,61
TXN-01284,Bath Soap,Personal Care,4,46.34,2023-04-01,185.36,243
TXN-02555,Sponge Scrub (2S),Household Supplies,3,35.24,2023-04-02,105.72,254
TXN-02401,Sponge Scrub (2S),Household Supplies,1,36.09,2023-04-02,36.09,263
TXN-03232,Sponge Scrub (2S),Household Supplies,1,34.68,2023-04-02,34.68,243
TXN-04630,Eraser,School & Office Supplies,1,14.4,2023-04-02,14.4,34
TXN-02772,Scotch Tape,School & Office Supplies,7,23.83,2023-04-03,166.81,257
TXN-05029,Sanitary Napkin (8S),Personal Care,4,76.77,2023-04-03,307.08,237
TXN-05086,Coffee Sachet (10S),Grocery,8,66.96,2023-04-03,535.68,54
TXN-03777,Ballpen (Black),School & Office Supplies,3,12.25,2023-04-03,36.75,336
TXN-05167,Instant Noodles (Pack),Grocery,3,15.62,2023-04-03,46.86,381
TXN-01175,Evaporated Milk,Grocery,6,41.59,2023-04-04,249.54,268
TXN-03445,Sugar 1Kg,Grocery,1,73.2,2023-04-04,73.2,247
TXN-06136,Evaporated Milk,Grocery,7,40.22,2023-04-04,281.54,378
TXN-04666,Lotion 200Ml,Personal Care,1,150.7,2023-04-04,150.7,29
TXN-01830,Energy Drink 250Ml,Food & Snacks,7,43.01,2023-04-04,301.07,152
TXN-01811,Laundry Detergent 500G,Household Supplies,3,87.97,2023-04-04,263.91,175
TXN-04953,Lotion 200Ml,Personal Care,3,155.66,2023-04-04,466.98,9
TXN-05909,Staple Wire,School & Office Supplies,3,36.49,2023-04-05,109.47,102
TXN-05607,Energy Drink 250Ml,Food & Snacks,9,42.98,2023-04-05,386.82,388
TXN-06403,Ballpen (Black),School & Office Supplies,1,11.66,2023-04-05,11.66,176
TXN-01523,Soy Sauce 350Ml,Grocery,6,35.37,2023-04-05,212.22,231
TXN-04779,Peanuts 100G,Food & Snacks,7,29.16,2023-04-06,204.12,174
TXN-04440,Ice Cream Cup,Food & Snacks,9,34.15,2023-04-06,307.35,329
TXN-06061,Led Desk Lamp,Electronics,1,536.81,2023-04-06,536.81,408
TXN-04438,Candle (6S),Household Supplies,3,43.85,2023-04-06,131.55,356
TXN-02348,Extension Cord,Electronics,2,343.08,2023-04-07,686.16,149
TXN-04106,Vinegar 350Ml,Grocery,1,29.8,2023-04-07,29.8,29
TXN-04364,Energy Drink 250Ml,Food & Snacks,6,42.82,2023-04-07,256.92,173
TXN-03435,Notebook 80 Leaves,School & Office Supplies,1,52.48,2023-04-08,52.48,352
TXN-04095,Coffee Sachet (10S),Grocery,3,66.48,2023-04-08,199.44,214
TXN-05060,Folder (Long),School & Office Supplies,1,17.38,2023-04-08,17.38,133
TXN-03934,Staple Wire,School & Office Supplies,3,33.41,2023-04-08,100.23,205
TXN-02316,Ice Cream Cup,Food & Snacks,3,35.77,2023-04-09,107.31,243
TXN-05350,Coffee Sachet (10S),Grocery,3,62.42,2023-04-09,187.26,29
TXN-04199,Bread Loaf,Food & Snacks,3,66.59,2023-04-09,199.77,192
TXN-02048,Canned Sardines,Grocery,7,27.2,2023-04-09,190.4,198
TXN-01338,Alcohol 70% 500Ml,Personal Care,2,90.28,2023-04-09,180.56,417
TXN-02226,Sponge Scrub (2S),Household Supplies,1,33.89,2023-04-09,33.89,271
TXN-01664,Bottled Water 1.5L,Grocery,8,24.73,2023-04-09,197.84,70
TXN-03409,Biscuit Pack,Food & Snacks,2,24.48,2023-04-09,48.96,193
TXN-01132,Energy Drink 250Ml,Food & Snacks,3,44.15,2023-04-09,132.45,251
TXN-06185,Biscuit Pack,Food & Snacks,7,26.01,2023-04-09,182.07,171
TXN-01937,Notebook 80 Leaves,School & Office Supplies,1,54.61,2023-04-10,54.61,425
TXN-05683,Canned Sardines,Grocery,7,29.57,2023-04-11,206.99,94
TXN-04906,Soy Sauce 350Ml,Grocery,5,33.62,2023-04-11,168.1,68
TXN-02462,Instant Noodles (Pack),Grocery,3,14.36,2023-04-11,43.08,400
TXN-01234,Bottled Water 1.5L,Grocery,6,25.81,2023-04-11,154.86,122
TXN-02576,Floor Mop,Household Supplies,1,260.25,2023-04-11,260.25,233
TXN-02100,Cotton Balls,Personal Care,2,34.24,2023-04-11,68.48,148
TXN-03567,Highlighter,School & Office Supplies,1,44.1,2023-04-12,44.1,82
TXN-06029,Alcohol 70% 500Ml,Personal Care,3,92.22,2023-04-12,276.66,259
TXN-05446,Broom (Walis Tingting),Household Supplies,1,64.16,2023-04-12,64.16,333
TXN-02890,Bread Loaf,Food & Snacks,4,63.9,2023-04-12,255.6,44
TXN-02796,Staple Wire,School & Office Supplies,5,34.76,2023-04-12,173.8,258
TXN-04699,Juice Drink 250Ml,Food & Snacks,6,18.84,2023-04-12,113.04,96
TXN-03514,Notebook 80 Leaves,School & Office Supplies,1,53.69,2023-04-12,53.69,345
TXN-05203,Toothpaste 75G,Personal Care,3,65.25,2023-04-13,195.75,143
TXN-05473,Bluetooth Speaker,Electronics,2,1427.0,2023-04-13,2854.0,225
TXN-05788,Facial Wash 50Ml,Personal Care,2,125.13,2023-04-13,250.26,231
TXN-02822,Notebook 80 Leaves,School & Office Supplies,7,55.55,2023-04-13,388.85,367
TXN-02242,Peanuts 100G,Food & Snacks,4,27.67,2023-04-14,110.68,107
TXN-03396,Toothbrush,Personal Care,4,55.43,2023-04-14,221.72,138
TXN-02399,White Rice 2Kg,Grocery,8,121.14,2023-04-14,969.12,203
TXN-04718,Alcohol 70% 500Ml,Personal Care,3,93.5,2023-04-14,280.5,286
TXN-05429,Cooking Oil 1L,Grocery,1,91.88,2023-04-14,91.88,21
TXN-03553,Pencil,School & Office Supplies,3,10.46,2023-04-14,31.38,221
TXN-02663,Instant Noodles (Pack),Grocery,6,14.39,2023-04-14,86.34,382
TXN-02992,Folder (Long),School & Office Supplies,2,17.73,2023-04-15,35.46,286
TXN-02101,Power Bank 10000Mah,Electronics,2,896.72,2023-04-15,1793.44,223
TXN-03740,Sanitary Napkin (8S),Personal Care,1,75.88,2023-04-15,75.88,289
TXN-05209,Bread Loaf,Food & Snacks,4,66.51,2023-04-15,266.04,55
TXN-01772,Scotch Tape,School & Office Supplies,3,23.87,2023-04-15,71.61,330
TXN-03359,White Rice 2Kg,Grocery,3,121.32,2023-04-16,363.96,62
TXN-01889,Ice Cream Cup,Food & Snacks,9,33.47,2023-04-16,301.23,328
TXN-04583,Highlighter,School & Office Supplies,2,44.62,2023-04-16,89.24,30
TXN-06234,Power Bank 10000Mah,Electronics,2,910.78,2023-04-16,1821.56,146
TXN-01145,Led Desk Lamp,Electronics,1,526.61,2023-04-16,526.61,481
TXN-04382,Juice Drink 250Ml,Food & Snacks,7,17.84,2023-04-16,124.88,189
TXN-01476,Evaporated Milk,Grocery,4,40.67,2023-04-16,162.68,198
TXN-01490,Mosquito Coil (10S),Household Supplies,1,55.82,2023-04-16,55.82,482
TXN-05547,Broom (Walis Tingting),Household Supplies,1,61.81,2023-04-17,61.81,331
TXN-04388,Scotch Tape,School & Office Supplies,2,25.3,2023-04-17,50.6,175
TXN-05919,Cooking Oil 1L,Grocery,6,93.24,2023-04-17,559.44,279
TXN-03873,Air Freshener Spray,Household Supplies,2,132.4,2023-04-17,264.8,100
TXN-02908,Instant Noodles (Pack),Grocery,3,15.7,2023-04-18,47.1,345
TXN-01499,Notebook 80 Leaves,School & Office Supplies,3,53.41,2023-04-18,160.23,440
TXN-05567,Biscuit Pack,Food & Snacks,7,24.04,2023-04-18,168.28,265
TXN-06134,Chocolate Bar,Food & Snacks,6,29.39,2023-04-18,176.34,5
TXN-05799,Mosquito Coil (10S),Household Supplies,1,55.82,2023-04-18,55.82,395
TXN-01318,Ice Cream Cup,Food & Snacks,7,33.48,2023-04-18,234.36,394
TXN-02936,Canned Sardines,Grocery,5,29.76,2023-04-18,148.8,46
TXN-04516,Lotion 200Ml,Personal Care,2,151.21,2023-04-19,302.42,37
TXN-03604,Softdrink 1.5L,Food & Snacks,5,66.81,2023-04-19,334.05,130
TXN-04788,Shampoo Sachet,Personal Care,4,7.73,2023-04-19,30.92,25
TXN-02559,Lotion 200Ml,Personal Care,2,153.94,2023-04-19,307.88,138
TXN-04367,Trash Bag (10S),Household Supplies,1,56.61,2023-04-19,56.61,303
TXN-05471,Soy Sauce 350Ml,Grocery,7,35.99,2023-04-19,251.93,465
TXN-05162,Ballpen (Black),School & Office Supplies,7,12.18,2023-04-19,85.26,240
TXN-05959,Coffee Sachet (10S),Grocery,3,65.9,2023-04-19,197.7,122
TXN-05743,Bottled Water 1.5L,Grocery,4,24.39,2023-04-20,97.56,102
TXN-03449,Softdrink 1.5L,Food & Snacks,9,64.42,2023-04-20,579.78,149
TXN-03180,Juice Drink 250Ml,Food & Snacks,9,17.65,2023-04-20,158.85,119
TXN-03714,Evaporated Milk,Grocery,3,41.51,2023-04-20,124.53,101
TXN-02192,Vinegar 350Ml,Grocery,7,28.85,2023-04-20,201.95,273
TXN-02411,Canned Sardines,Grocery,7,29.47,2023-04-20,206.29,143
TXN-05514,Coffee Sachet (10S),Grocery,3,62.79,2023-04-20,188.37,12
TXN-02875,Evaporated Milk,Grocery,8,43.56,2023-04-20,348.48,5
TXN-02352,Vinegar 350Ml,Grocery,8,30.84,2023-04-21,246.72,246
TXN-04188,Softdrink 1.5L,Food & Snacks,7,65.9,2023-04-21,461.3,28
TXN-04767,Evaporated Milk,Grocery,3,41.52,2023-04-21,124.56,192
TXN-04288,Alcohol 70% 500Ml,Personal Care,1,99.56,2023-04-21,99.56,295
TXN-05930,Broom (Walis Tingting),Household Supplies,3,61.77,2023-04-21,185.31,322
TXN-03853,Toothbrush,Personal Care,1,52.53,2023-04-21,52.53,109
TXN-04918,Sanitary Napkin (8S),Personal Care,4,74.4,2023-04-21,297.6,247
TXN-02288,Cooking Oil 1L,Grocery,5,92.08,2023-04-22,460.4,147
TXN-03921,Canned Sardines,Grocery,7,28.95,2023-04-22,202.65,152
TXN-04609,Evaporated Milk,Grocery,7,40.63,2023-04-22,284.41,231
TXN-02444,Folder (Long),School & Office Supplies,4,18.52,2023-04-22,74.08,297
TXN-06305,Chocolate Bar,Food & Snacks,2,30.29,2023-04-22,60.58,310
TXN-01865,Bread Loaf,Food & Snacks,9,67.67,2023-04-22,609.03,125
TXN-02083,Scotch Tape,School & Office Supplies,1,25.92,2023-04-22,25.92,313
TXN-02878,Cotton Balls,Personal Care,3,33.34,2023-04-23,100.02,104
TXN-02547,Cotton Balls,Personal Care,1,33.31,2023-04-24,33.31,125
TXN-03502,Sanitary Napkin (8S),Personal Care,1,77.78,2023-04-24,77.78,304
TXN-03915,Mosquito Coil (10S),Household Supplies,2,52.87,2023-04-24,105.74,440
TXN-05285,Potato Chips 60G,Food & Snacks,7,36.42,2023-04-24,254.94,304
TXN-03358,Biscuit Pack,Food & Snacks,2,25.21,2023-04-24,50.42,222
TXN-05112,Sponge Scrub (2S),Household Supplies,2,34.91,2023-04-24,69.82,199
TXN-02451,Toothpaste 75G,Personal Care,1,64.73,2023-04-24,64.73,255
TXN-04614,Sanitary Napkin (8S),Personal Care,2,76.92,2023-04-25,153.84,263
TXN-05277,Deodorant Roll-On,Personal Care,2,85.09,2023-04-25,170.18,62
TXN-03018,Bottled Water 1.5L,Grocery,2,25.92,2023-04-26,51.84,132
TXN-06453,Dishwashing Liquid 500Ml,Household Supplies,3,71.98,2023-04-26,215.94,219
TXN-01917,Juice Drink 250Ml,Food & Snacks,7,18.13,2023-04-26,126.91,345
TXN-01894,Bottled Water 1.5L,Grocery,4,26.11,2023-04-26,104.44,31
TXN-03292,Sugar 1Kg,Grocery,7,75.27,2023-04-26,526.89,286
TXN-02724,Lotion 200Ml,Personal Care,4,145.55,2023-04-26,582.2,122
TXN-05942,Candle (6S),Household Supplies,1,43.94,2023-04-27,43.94,330
TXN-05093,Led Desk Lamp,Electronics,1,556.34,2023-04-27,556.34,422
TXN-05724,Coffee Sachet (10S),Grocery,1,66.7,2023-04-27,66.7,186
TXN-05307,Canned Sardines,Grocery,6,29.29,2023-04-27,175.74,153
TXN-04340,Juice Drink 250Ml,Food & Snacks,2,17.33,2023-04-27,34.66,207
TXN-03636,Notebook 80 Leaves,School & Office Supplies,6,54.14,2023-04-28,324.84,339
TXN-04097,Coffee Sachet (10S),Grocery,4,61.79,2023-04-28,247.16,210
TXN-02465,Sponge Scrub (2S),Household Supplies,3,34.33,2023-04-28,102.99,257
TXN-03877,Sponge Scrub (2S),Household Supplies,1,36.16,2023-04-28,36.16,229
TXN-03158,Shampoo Sachet,Personal Care,4,8.15,2023-04-28,32.6,73
TXN-03459,Toothpaste 75G,Personal Care,2,63.49,2023-04-28,126.98,198
TXN-04577,Ice Cream Cup,Food & Snacks,4,35.87,2023-04-28,143.48,305
TXN-01314,Instant Noodles (Pack),Grocery,6,15.37,2023-04-29,92.22,107
TXN-03483,Chocolate Bar,Food & Snacks,4,29.57,2023-04-29,118.28,105
TXN-06128,White Rice 2Kg,Grocery,4,117.43,2023-04-29,469.72,50
TXN-01462,Notebook 80 Leaves,School & Office Supplies,5,52.71,2023-04-30,263.55,443
TXN-01504,White Rice 2Kg,Grocery,3,122.14,2023-04-30,366.42,365
TXN-05795,Bath Soap,Personal Care,2,44.14,2023-04-30,88.28,59
TXN-02319,Vinegar 350Ml,Grocery,1,29.51,2023-04-30,29.51,254
TXN-06251,Eraser,School & Office Supplies,2,14.32,2023-04-30,28.64,449
TXN-05228,Coffee Sachet (10S),Grocery,8,64.88,2023-04-30,519.04,43
TXN-04811,Eraser,School & Office Supplies,7,15.58,2023-04-30,109.06,21
TXN-02986,Deodorant Roll-On,Personal Care,2,89.71,2023-04-30,179.42,167
TXN-05938,Ballpen (Black),School & Office Supplies,1,12.11,2023-04-30,12.11,209
TXN-02481,Coffee Sachet (10S),Grocery,8,63.29,2023-05-01,506.32,174
TXN-01325,Peanuts 100G,Food & Snacks,1,26.7,2023-05-01,26.7,266
TXN-01871,Canned Sardines,Grocery,7,28.38,2023-05-01,198.66,236
TXN-01266,Eraser,School & Office Supplies,1,15.34,2023-05-01,15.34,210
TXN-04520,Toothpaste 75G,Personal Care,4,68.1,2023-05-01,272.4,171
TXN-04093,Bath Soap,Personal Care,3,42.87,2023-05-01,128.61,128
TXN-05522,Trash Bag (10S),Household Supplies,3,56.31,2023-05-02,168.93,276
TXN-03051,Sugar 1Kg,Grocery,9,77.48,2023-05-02,697.32,331
TXN-02672,Bottled Water 1.5L,Grocery,8,24.49,2023-05-02,195.92,167
TXN-01731,Peanuts 100G,Food & Snacks,8,27.5,2023-05-02,220.0,180
TXN-01350,Bluetooth Speaker,Electronics,2,1571.38,2023-05-02,3142.76,290
TXN-04922,Sanitary Napkin (8S),Personal Care,2,80.69,2023-05-02,161.38,245
TXN-03308,Bottled Water 1.5L,Grocery,3,24.44,2023-05-02,73.32,90
TXN-05372,Fabric Conditioner 500Ml,Household Supplies,2,91.16,2023-05-03,182.32,222
TXN-03098,Softdrink 1.5L,Food & Snacks,8,65.33,2023-05-03,522.64,44
TXN-04029,Lotion 200Ml,Personal Care,2,154.75,2023-05-03,309.5,78
TXN-04616,Soy Sauce 350Ml,Grocery,5,35.78,2023-05-03,178.9,144
TXN-02602,Biscuit Pack,Food & Snacks,9,24.44,2023-05-03,219.96,339
TXN-05004,Cotton Balls,Personal Care,1,34.28,2023-05-04,34.28,41
TXN-03923,Evaporated Milk,Grocery,6,44.03,2023-05-04,264.18,58
TXN-02074,Coffee Sachet (10S),Grocery,5,63.02,2023-05-04,315.1,238
TXN-05326,Notebook 80 Leaves,School & Office Supplies,6,57.23,2023-05-04,343.38,245
TXN-02111,Peanuts 100G,Food & Snacks,10,27.86,2023-05-04,278.6,121
TXN-04292,Led Desk Lamp,Electronics,1,545.9,2023-05-04,545.9,433
TXN-03538,Dishwashing Liquid 500Ml,Household Supplies,2,71.55,2023-05-04,143.1,292
TXN-03126,Biscuit Pack,Food & Snacks,8,25.26,2023-05-05,202.08,239
TXN-06197,Soy Sauce 350Ml,Grocery,2,34.52,2023-05-05,69.04,422
TXN-02194,Lollipop Candy,Food & Snacks,11,5.24,2023-05-05,57.64,282
TXN-04098,Lollipop Candy,Food & Snacks,10,4.94,2023-05-05,49.4,473
TXN-02740,Peanuts 100G,Food & Snacks,2,27.31,2023-05-05,54.62,62
TXN-01912,Screen Protector,Electronics,1,97.07,2023-05-05,97.07,242
TXN-06373,Toothpaste 75G,Personal Care,1,62.68,2023-05-05,62.68,81
TXN-02654,Soy Sauce 350Ml,Grocery,8,33.74,2023-05-05,269.92,124
TXN-01898,White Rice 2Kg,Grocery,4,114.85,2023-05-05,459.4,286
TXN-01983,White Rice 2Kg,Grocery,4,122.59,2023-05-06,490.36,268
TXN-05589,Chocolate Bar,Food & Snacks,6,30.98,2023-05-06,185.88,113
TXN-05577,Folder (Long),School & Office Supplies,4,18.0,2023-05-06,72.0,108
TXN-01073,Coffee Sachet (10S),Grocery,1,64.98,2023-05-06,64.98,428
TXN-01919,Highlighter,School & Office Supplies,4,43.01,2023-05-06,172.04,148
TXN-03016,White Rice 2Kg,Grocery,1,124.81,2023-05-07,124.81,105
TXN-03076,Energy Drink 250Ml,Food & Snacks,6,45.75,2023-05-07,274.5,329
TXN-01528,Coffee Sachet (10S),Grocery,7,63.31,2023-05-07,443.17,363
TXN-03014,Trash Bag (10S),Household Supplies,1,57.64,2023-05-07,57.64,336
TXN-01770,Facial Wash 50Ml,Personal Care,1,117.56,2023-05-07,117.56,413
TXN-04118,Sugar 1Kg,Grocery,5,76.11,2023-05-07,380.55,100
TXN-04653,Shampoo Sachet,Personal Care,1,7.87,2023-05-07,7.87,32
TXN-06150,Bluetooth Speaker,Electronics,2,1524.84,2023-05-07,3049.68,214
TXN-04832,Canned Sardines,Grocery,9,27.13,2023-05-08,244.17,10
TXN-05631,"Bond Paper (Short, 10S)",School & Office Supplies,5,31.04,2023-05-08,155.2,163
TXN-03474,Energy Drink 250Ml,Food & Snacks,10,44.57,2023-05-08,445.7,280
TXN-03169,Lollipop Candy,Food & Snacks,10,5.07,2023-05-08,50.7,136
TXN-02212,Vinegar 350Ml,Grocery,5,28.64,2023-05-08,143.2,268
TXN-04948,Led Desk Lamp,Electronics,2,524.18,2023-05-08,1048.36,423
TXN-05642,Vinegar 350Ml,Grocery,8,28.79,2023-05-08,230.32,56
TXN-04247,Juice Drink 250Ml,Food & Snacks,11,18.14,2023-05-08,199.54,215
TXN-04764,Sanitary Napkin (8S),Personal Care,1,75.22,2023-05-08,75.22,259
TXN-01138,Dishwashing Liquid 500Ml,Household Supplies,1,78.24,2023-05-08,78.24,343
TXN-05590,Digital Alarm Clock,Electronics,1,289.25,2023-05-09,289.25,351
TXN-02506,Evaporated Milk,Grocery,2,43.57,2023-05-09,87.14,54
TXN-01082,Instant Noodles (Pack),Grocery,5,15.38,2023-05-09,76.9,155
TXN-04514,Energy Drink 250Ml,Food & Snacks,4,44.03,2023-05-09,176.12,129
TXN-04391,Instant Noodles (Pack),Grocery,4,14.5,2023-05-09,58.0,91
TXN-01112,Laundry Detergent 500G,Household Supplies,2,87.36,2023-05-09,174.72,188
TXN-01729,Highlighter,School & Office Supplies,2,44.37,2023-05-09,88.74,155
TXN-05122,Softdrink 1.5L,Food & Snacks,1,65.16,2023-05-09,65.16,183
TXN-01094,Sanitary Napkin (8S),Personal Care,4,80.55,2023-05-10,322.2,403
TXN-03743,Bottled Water 1.5L,Grocery,2,25.52,2023-05-10,51.04,2
TXN-05342,Toothpaste 75G,Personal Care,1,67.07,2023-05-10,67.07,134
TXN-02755,Peanuts 100G,Food & Snacks,5,27.55,2023-05-10,137.75,57
TXN-04138,Deodorant Roll-On,Personal Care,1,92.52,2023-05-10,92.52,128
TXN-01053,White Rice 2Kg,Grocery,3,121.44,2023-05-10,364.32,436
TXN-03598,Stapler,School & Office Supplies,7,195.35,2023-05-10,1367.45,172
TXN-04517,Bottled Water 1.5L,Grocery,1,24.06,2023-05-11,24.06,318
TXN-01774,Peanuts 100G,Food & Snacks,11,28.31,2023-05-11,311.41,169
TXN-06015,Chocolate Bar,Food & Snacks,5,29.24,2023-05-11,146.2,19
TXN-02214,Canned Sardines,Grocery,1,27.54,2023-05-11,27.54,169
TXN-04245,Dishwashing Liquid 500Ml,Household Supplies,2,78.06,2023-05-11,156.12,273
TXN-05534,Bath Soap,Personal Care,4,45.58,2023-05-11,182.32,74
TXN-05132,Usb Charging Cable,Electronics,1,143.39,2023-05-11,143.39,412
TXN-02840,Biscuit Pack,Food & Snacks,9,24.98,2023-05-11,224.82,291
TXN-02655,Potato Chips 60G,Food & Snacks,4,36.1,2023-05-12,144.4,144
TXN-01744,Lotion 200Ml,Personal Care,1,146.38,2023-05-12,146.38,183
TXN-01107,Toothpaste 75G,Personal Care,1,62.29,2023-05-13,62.29,317
TXN-05953,Wireless Earbuds,Electronics,1,1339.11,2023-05-13,1339.11,222
TXN-04874,Notebook 80 Leaves,School & Office Supplies,3,55.17,2023-05-13,165.51,274
TXN-01335,Peanuts 100G,Food & Snacks,2,29.15,2023-05-13,58.3,254
TXN-03588,Cotton Balls,Personal Care,2,33.92,2023-05-13,67.84,86
TXN-04531,Pencil,School & Office Supplies,1,10.13,2023-05-13,10.13,189
TXN-03284,Ice Cream Cup,Food & Snacks,5,35.68,2023-05-14,178.4,108
TXN-02328,Softdrink 1.5L,Food & Snacks,8,65.22,2023-05-14,521.76,142
TXN-06479,Stapler,School & Office Supplies,6,206.91,2023-05-14,1241.46,3
TXN-05044,Pencil,School & Office Supplies,3,9.83,2023-05-14,29.49,162
TXN-06046,Deodorant Roll-On,Personal Care,4,89.28,2023-05-14,357.12,31
TXN-05143,Peanuts 100G,Food & Snacks,9,28.43,2023-05-14,255.87,137
TXN-03586,Wireless Earbuds,Electronics,1,1355.76,2023-05-15,1355.76,252
TXN-03626,Wireless Earbuds,Electronics,1,1326.6,2023-05-15,1326.6,251
TXN-03156,Biscuit Pack,Food & Snacks,6,25.24,2023-05-15,151.44,233
TXN-01197,Energy Drink 250Ml,Food & Snacks,7,42.8,2023-05-15,299.6,221
TXN-03697,Shampoo Sachet,Personal Care,2,7.65,2023-05-15,15.3,59
TXN-05738,Ice Cream Cup,Food & Snacks,1,35.73,2023-05-16,35.73,214
TXN-03262,Coffee Sachet (10S),Grocery,8,65.19,2023-05-16,521.52,27
TXN-05852,Bread Loaf,Food & Snacks,3,63.04,2023-05-16,189.12,423
TXN-05197,Facial Wash 50Ml,Personal Care,3,118.8,2023-05-16,356.4,258
TXN-05532,Mosquito Coil (10S),Household Supplies,1,52.65,2023-05-16,52.65,397
TXN-03661,Biscuit Pack,Food & Snacks,11,25.14,2023-05-16,276.54,139
TXN-05087,Ice Cream Cup,Food & Snacks,2,35.24,2023-05-16,70.48,268
TXN-01022,Shampoo Sachet,Personal Care,4,8.32,2023-05-16,33.28,151
TXN-04843,Bottled Water 1.5L,Grocery,2,23.8,2023-05-16,47.6,248
TXN-05900,Floor Mop,Household Supplies,2,261.38,2023-05-16,522.76,154
TXN-03493,White Rice 2Kg,Grocery,5,116.47,2023-05-17,582.35,35
TXN-01418,Laundry Detergent 500G,Household Supplies,1,87.11,2023-05-17,87.11,182
TXN-01671,Sugar 1Kg,Grocery,7,76.1,2023-05-17,532.7,139
TXN-02640,Mosquito Coil (10S),Household Supplies,3,57.12,2023-05-17,171.36,461
TXN-02076,Trash Bag (10S),Household Supplies,3,56.19,2023-05-17,168.57,346
TXN-05135,Deodorant Roll-On,Personal Care,4,92.57,2023-05-17,370.28,70
TXN-06082,Lotion 200Ml,Personal Care,2,154.72,2023-05-17,309.44,366
TXN-02393,Floor Mop,Household Supplies,2,259.68,2023-05-18,519.36,237
TXN-03355,Chocolate Bar,Food & Snacks,8,28.76,2023-05-18,230.08,119
TXN-02687,Lollipop Candy,Food & Snacks,11,5.19,2023-05-18,57.09,216
TXN-01524,Peanuts 100G,Food & Snacks,9,27.35,2023-05-18,246.15,221
TXN-05261,Soy Sauce 350Ml,Grocery,6,35.39,2023-05-18,212.34,10
TXN-01460,Alcohol 70% 500Ml,Personal Care,4,93.84,2023-05-18,375.36,406
TXN-05751,Pencil,School & Office Supplies,1,10.39,2023-05-18,10.39,109
TXN-05438,Sanitary Napkin (8S),Personal Care,1,81.61,2023-05-18,81.61,221
TXN-02714,Peanuts 100G,Food & Snacks,7,26.89,2023-05-18,188.23,64
TXN-03413,Toothpaste 75G,Personal Care,2,68.19,2023-05-19,136.38,201
TXN-01475,Biscuit Pack,Food & Snacks,7,24.61,2023-05-19,172.27,89
TXN-03371,Candle (6S),Household Supplies,1,46.16,2023-05-19,46.16,385
TXN-01124,Bread Loaf,Food & Snacks,5,62.66,2023-05-19,313.3,177
TXN-04594,Cotton Balls,Personal Care,3,33.99,2023-05-19,101.97,57
TXN-02135,Biscuit Pack,Food & Snacks,9,25.54,2023-05-19,229.86,420
TXN-05324,Bread Loaf,Food & Snacks,6,62.97,2023-05-19,377.82,25
TXN-04418,Coffee Sachet (10S),Grocery,4,61.85,2023-05-19,247.4,142
TXN-05018,Air Freshener Spray,Household Supplies,2,131.69,2023-05-20,263.38,66
TXN-05538,Evaporated Milk,Grocery,8,40.13,2023-05-20,321.04,59
TXN-02886,Sugar 1Kg,Grocery,8,75.39,2023-05-20,603.12,382
TXN-05085,Scotch Tape,School & Office Supplies,2,24.01,2023-05-20,48.02,119
TXN-02114,Shampoo Sachet,Personal Care,1,7.76,2023-05-20,7.76,103
TXN-01618,Instant Noodles (Pack),Grocery,2,15.08,2023-05-21,30.16,47
TXN-03492,Instant Noodles (Pack),Grocery,8,15.58,2023-05-21,124.64,260
TXN-02298,Shampoo Sachet,Personal Care,1,7.71,2023-05-21,7.71,98
TXN-02712,Juice Drink 250Ml,Food & Snacks,7,18.64,2023-05-21,130.48,208
TXN-05533,White Rice 2Kg,Grocery,4,121.51,2023-05-22,486.04,160
TXN-03311,Juice Drink 250Ml,Food & Snacks,10,18.04,2023-05-22,180.4,99
TXN-01574,Air Freshener Spray,Household Supplies,2,124.79,2023-05-22,249.58,147
TXN-03273,Vinegar 350Ml,Grocery,3,29.48,2023-05-22,88.44,108
TXN-04058,Vinegar 350Ml,Grocery,7,30.56,2023-05-22,213.92,30
TXN-04840,Trash Bag (10S),Household Supplies,2,54.64,2023-05-23,109.28,285
TXN-02221,Canned Sardines,Grocery,4,29.26,2023-05-23,117.04,165
TXN-05408,Bread Loaf,Food & Snacks,4,66.16,2023-05-23,264.64,7
TXN-05507,Juice Drink 250Ml,Food & Snacks,10,18.26,2023-05-23,182.6,31
TXN-04511,Facial Wash 50Ml,Personal Care,3,118.85,2023-05-24,356.55,288
TXN-02658,Vinegar 350Ml,Grocery,3,31.37,2023-05-24,94.11,183
TXN-01627,Softdrink 1.5L,Food & Snacks,8,65.61,2023-05-25,524.88,235
TXN-04155,Bottled Water 1.5L,Grocery,9,24.17,2023-05-25,217.53,360
TXN-02390,Bread Loaf,Food & Snacks,4,65.5,2023-05-25,262.0,93
TXN-04782,Staple Wire,School & Office Supplies,1,34.37,2023-05-25,34.37,162
TXN-01531,Energy Drink 250Ml,Food & Snacks,1,46.53,2023-05-25,46.53,206
TXN-03670,Sugar 1Kg,Grocery,8,74.1,2023-05-26,592.8,197
TXN-01737,Digital Alarm Clock,Electronics,1,297.4,2023-05-26,297.4,414
TXN-06218,Softdrink 1.5L,Food & Snacks,4,64.17,2023-05-26,256.68,65
TXN-04033,Chocolate Bar,Food & Snacks,5,29.18,2023-05-26,145.9,22
TXN-01044,Folder (Long),School & Office Supplies,4,18.49,2023-05-27,73.96,360
TXN-05356,Canned Sardines,Grocery,5,27.74,2023-05-27,138.7,138
TXN-05523,Cotton Balls,Personal Care,3,34.31,2023-05-27,102.93,13
TXN-02586,Chocolate Bar,Food & Snacks,2,30.11,2023-05-27,60.22,210
TXN-04429,Coffee Sachet (10S),Grocery,8,66.01,2023-05-28,528.08,134
TXN-02442,Juice Drink 250Ml,Food & Snacks,11,17.53,2023-05-28,192.83,267
TXN-01483,Bread Loaf,Food & Snacks,9,62.78,2023-05-28,565.02,162
TXN-01401,Staple Wire,School & Office Supplies,6,34.19,2023-05-28,205.14,341
TXN-06069,Vinegar 350Ml,Grocery,9,28.64,2023-05-28,257.76,260
TXN-01300,Pencil,School & Office Supplies,1,9.92,2023-05-28,9.92,329
TXN-03785,Juice Drink 250Ml,Food & Snacks,5,18.19,2023-05-29,90.95,17
TXN-02825,Air Freshener Spray,Household Supplies,1,131.66,2023-05-29,131.66,125
TXN-03210,Chocolate Bar,Food & Snacks,2,30.15,2023-05-29,60.3,133
TXN-03746,Sugar 1Kg,Grocery,9,73.04,2023-05-29,657.36,171
TXN-02701,Bread Loaf,Food & Snacks,1,64.85,2023-05-30,64.85,60
TXN-03749,"Bond Paper (Short, 10S)",School & Office Supplies,6,29.39,2023-05-30,176.34,251
TXN-06091,Lollipop Candy,Food & Snacks,11,4.99,2023-05-30,54.89,260
TXN-02123,Cooking Oil 1L,Grocery,9,88.78,2023-05-30,799.02,195
TXN-03770,Lollipop Candy,Food & Snacks,9,5.18,2023-05-30,46.62,67
TXN-03146,Laundry Detergent 500G,Household Supplies,1,81.2,2023-05-31,81.2,151
TXN-03630,Cotton Balls,Personal Care,2,34.8,2023-05-31,69.6,84
TXN-02529,Coffee Sachet (10S),Grocery,4,62.71,2023-05-31,250.84,170
TXN-02272,Air Freshener Spray,Household Supplies,1,134.58,2023-05-31,134.58,131
TXN-05412,Canned Sardines,Grocery,5,29.5,2023-05-31,147.5,133
TXN-03894,Toothbrush,Personal Care,3,54.45,2023-05-31,163.35,106
TXN-06004,Folder (Long),School & Office Supplies,4,17.45,2023-05-31,69.8,70
TXN-02259,Ice Cream Cup,Food & Snacks,8,34.87,2023-06-01,278.96,273
TXN-03109,Shampoo Sachet,Personal Care,3,7.72,2023-06-01,23.16,81
TXN-02246,Cooking Oil 1L,Grocery,7,85.42,2023-06-01,597.94,162
TXN-01372,Vinegar 350Ml,Grocery,8,30.0,2023-06-02,240.0,402
TXN-05147,Instant Noodles (Pack),Grocery,2,14.67,2023-06-03,29.34,384
TXN-01598,Chocolate Bar,Food & Snacks,7,31.06,2023-06-03,217.42,330
TXN-01227,Sugar 1Kg,Grocery,8,72.5,2023-06-03,580.0,204
TXN-04912,Lollipop Candy,Food & Snacks,7,5.0,2023-06-03,35.0,393
TXN-02676,Deodorant Roll-On,Personal Care,1,92.67,2023-06-03,92.67,181
TXN-05125,White Rice 2Kg,Grocery,9,119.6,2023-06-03,1076.4,234
TXN-03540,Bottled Water 1.5L,Grocery,6,24.52,2023-06-03,147.12,56
TXN-01113,Cooking Oil 1L,Grocery,9,84.93,2023-06-03,764.37,300
TXN-06372,Soy Sauce 350Ml,Grocery,4,33.9,2023-06-03,135.6,398
TXN-03508,Staple Wire,School & Office Supplies,2,35.66,2023-06-04,71.32,234
TXN-02993,Canned Sardines,Grocery,2,27.18,2023-06-04,54.36,44
TXN-03416,Chocolate Bar,Food & Snacks,3,29.58,2023-06-04,88.74,109
TXN-01040,Instant Noodles (Pack),Grocery,3,14.36,2023-06-04,43.08,168
TXN-03600,Floor Mop,Household Supplies,3,255.85,2023-06-05,767.55,205
TXN-05742,Facial Wash 50Ml,Personal Care,1,115.64,2023-06-05,115.64,238
TXN-02176,Potato Chips 60G,Food & Snacks,7,34.7,2023-06-05,242.9,172
TXN-01667,Potato Chips 60G,Food & Snacks,10,35.63,2023-06-05,356.3,270
TXN-02937,Bluetooth Speaker,Electronics,1,1468.28,2023-06-05,1468.28,263
TXN-06222,Sanitary Napkin (8S),Personal Care,3,78.04,2023-06-05,234.12,187
TXN-04761,Chocolate Bar,Food & Snacks,5,29.92,2023-06-05,149.6,226
TXN-03412,Ice Cream Cup,Food & Snacks,11,33.39,2023-06-05,367.29,86
TXN-02905,Deodorant Roll-On,Personal Care,3,91.51,2023-06-06,274.53,171
TXN-05195,Bread Loaf,Food & Snacks,4,62.7,2023-06-06,250.8,62
TXN-03963,Peanuts 100G,Food & Snacks,9,28.31,2023-06-06,254.79,263
TXN-04552,Pencil,School & Office Supplies,1,10.25,2023-06-06,10.25,188
TXN-03984,Potato Chips 60G,Food & Snacks,6,33.52,2023-06-06,201.12,476
TXN-04013,Candle (6S),Household Supplies,1,46.33,2023-06-06,46.33,372
TXN-01366,Coffee Sachet (10S),Grocery,2,66.01,2023-06-06,132.02,377
TXN-01924,Vinegar 350Ml,Grocery,6,31.08,2023-06-07,186.48,333
TXN-06310,Cooking Oil 1L,Grocery,7,85.87,2023-06-07,601.09,182
TXN-03267,Digital Alarm Clock,Electronics,1,302.69,2023-06-07,302.69,399
TXN-03898,Bread Loaf,Food & Snacks,10,66.57,2023-06-08,665.7,234
TXN-04327,Cooking Oil 1L,Grocery,6,87.92,2023-06-08,527.52,171
TXN-05546,Cooking Oil 1L,Grocery,6,89.62,2023-06-08,537.72,323
TXN-05459,Sugar 1Kg,Grocery,5,78.43,2023-06-08,392.15,285
TXN-03516,Chocolate Bar,Food & Snacks,11,30.41,2023-06-09,334.51,85
TXN-01706,Coffee Sachet (10S),Grocery,8,61.91,2023-06-09,495.28,327
TXN-04034,Soy Sauce 350Ml,Grocery,2,33.7,2023-06-09,67.4,249
TXN-01033,Broom (Walis Tingting),Household Supplies,1,63.34,2023-06-09,63.34,416
TXN-03368,Toothbrush,Personal Care,2,56.03,2023-06-09,112.06,146
TXN-01486,Power Bank 10000Mah,Electronics,2,864.78,2023-06-09,1729.56,228
TXN-02497,Softdrink 1.5L,Food & Snacks,1,64.1,2023-06-10,64.1,124
TXN-03463,Floor Mop,Household Supplies,3,255.24,2023-06-10,765.72,211
TXN-04956,Fabric Conditioner 500Ml,Household Supplies,1,93.44,2023-06-10,93.44,234
TXN-03348,Eraser,School & Office Supplies,4,14.95,2023-06-10,59.8,98
TXN-03164,Evaporated Milk,Grocery,9,44.07,2023-06-11,396.63,188
TXN-04980,Screen Protector,Electronics,2,102.09,2023-06-11,204.18,198
TXN-03184,Coffee Sachet (10S),Grocery,9,65.77,2023-06-11,591.93,35
TXN-01210,Bluetooth Speaker,Electronics,2,1438.02,2023-06-11,2876.04,297
TXN-06315,Phone Case,Electronics,1,193.29,2023-06-12,193.29,297
TXN-05500,Phone Case,Electronics,1,189.96,2023-06-12,189.96,305
TXN-05986,Bottled Water 1.5L,Grocery,4,26.2,2023-06-12,104.8,62
TXN-03648,Potato Chips 60G,Food & Snacks,10,34.56,2023-06-12,345.6,60
TXN-05720,Instant Noodles (Pack),Grocery,1,15.44,2023-06-12,15.44,279
TXN-04038,Biscuit Pack,Food & Snacks,11,25.44,2023-06-12,279.84,63
TXN-01940,Coffee Sachet (10S),Grocery,7,63.56,2023-06-12,444.92,265
TXN-02430,Laundry Detergent 500G,Household Supplies,1,82.05,2023-06-12,82.05,163
TXN-02107,Bread Loaf,Food & Snacks,2,67.52,2023-06-13,135.04,120
TXN-02816,Bluetooth Speaker,Electronics,1,1504.6,2023-06-13,1504.6,266
TXN-02771,Highlighter,School & Office Supplies,5,46.5,2023-06-13,232.5,114
TXN-03190,Bottled Water 1.5L,Grocery,7,25.36,2023-06-13,177.52,114
TXN-06497,"Bond Paper (Short, 10S)",School & Office Supplies,1,30.53,2023-06-14,30.53,119
TXN-02191,Air Freshener Spray,Household Supplies,1,131.67,2023-06-14,131.67,135
TXN-01867,Fabric Conditioner 500Ml,Household Supplies,1,93.58,2023-06-14,93.58,308
TXN-02419,Alcohol 70% 500Ml,Personal Care,4,94.49,2023-06-15,377.96,381
TXN-06466,Ballpen (Black),School & Office Supplies,1,12.02,2023-06-15,12.02,168
TXN-02963,Juice Drink 250Ml,Food & Snacks,2,18.43,2023-06-15,36.86,175
TXN-01077,Eraser,School & Office Supplies,4,15.27,2023-06-15,61.08,233
TXN-02041,Evaporated Milk,Grocery,1,42.18,2023-06-15,42.18,102
TXN-05810,Mosquito Coil (10S),Household Supplies,1,53.69,2023-06-15,53.69,394
TXN-01779,Biscuit Pack,Food & Snacks,10,23.94,2023-06-16,239.4,41
TXN-04705,Sugar 1Kg,Grocery,9,73.24,2023-06-16,659.16,415
TXN-01225,Ballpen (Black),School & Office Supplies,2,11.74,2023-06-16,23.48,455
TXN-02429,Stapler,School & Office Supplies,7,197.09,2023-06-16,1379.63,236
TXN-06161,Evaporated Milk,Grocery,8,40.11,2023-06-16,320.88,370
TXN-05704,Vinegar 350Ml,Grocery,6,30.97,2023-06-16,185.82,32
TXN-02423,Deodorant Roll-On,Personal Care,2,86.37,2023-06-17,172.74,200
TXN-03772,Alcohol 70% 500Ml,Personal Care,3,96.88,2023-06-17,290.64,310
TXN-02235,Trash Bag (10S),Household Supplies,2,53.32,2023-06-17,106.64,344
TXN-05213,Lotion 200Ml,Personal Care,2,147.31,2023-06-18,294.62,428
TXN-01720,Peanuts 100G,Food & Snacks,3,26.76,2023-06-18,80.28,188
TXN-02037,Soy Sauce 350Ml,Grocery,9,33.52,2023-06-18,301.68,190
TXN-05575,Chocolate Bar,Food & Snacks,11,30.38,2023-06-18,334.18,119
TXN-04174,Folder (Long),School & Office Supplies,7,18.25,2023-06-19,127.75,203
TXN-05152,Cooking Oil 1L,Grocery,2,90.07,2023-06-19,180.14,60
TXN-03178,Juice Drink 250Ml,Food & Snacks,9,17.85,2023-06-19,160.65,128
TXN-03469,Eraser,School & Office Supplies,4,14.89,2023-06-19,59.56,94
TXN-05529,Sugar 1Kg,Grocery,4,77.49,2023-06-19,309.96,267
TXN-01997,Toothbrush,Personal Care,3,55.17,2023-06-19,165.51,207
TXN-04462,Soy Sauce 350Ml,Grocery,1,34.35,2023-06-19,34.35,174
TXN-01984,Air Freshener Spray,Household Supplies,3,131.82,2023-06-19,395.46,142
TXN-03734,White Rice 2Kg,Grocery,8,120.69,2023-06-20,965.52,8
TXN-03326,Floor Mop,Household Supplies,1,257.65,2023-06-20,257.65,217
TXN-04211,White Rice 2Kg,Grocery,2,120.04,2023-06-20,240.08,364
TXN-05448,Staple Wire,School & Office Supplies,2,33.74,2023-06-20,67.48,126
TXN-02866,Peanuts 100G,Food & Snacks,3,28.72,2023-06-20,86.16,48
TXN-03424,Toothbrush,Personal Care,1,54.1,2023-06-20,54.1,137
TXN-03211,Eraser,School & Office Supplies,4,14.93,2023-06-20,59.72,105
TXN-03367,Coffee Sachet (10S),Grocery,1,67.5,2023-06-21,67.5,343
TXN-04318,Folder (Long),School & Office Supplies,7,18.12,2023-06-21,126.84,194
TXN-05962,Stapler,School & Office Supplies,6,193.5,2023-06-21,1161.0,28
TXN-04655,Vinegar 350Ml,Grocery,9,30.1,2023-06-21,270.9,274
TXN-05700,Potato Chips 60G,Food & Snacks,5,35.87,2023-06-21,179.35,255
TXN-04981,Scotch Tape,School & Office Supplies,4,23.81,2023-06-21,95.24,125
TXN-01055,Evaporated Milk,Grocery,4,44.09,2023-06-21,176.36,293
TXN-02990,Peanuts 100G,Food & Snacks,6,27.67,2023-06-21,166.02,16
TXN-03643,Bottled Water 1.5L,Grocery,6,24.63,2023-06-21,147.78,20
TXN-04486,Power Bank 10000Mah,Electronics,1,930.78,2023-06-22,930.78,179
TXN-05808,Bread Loaf,Food & Snacks,4,67.37,2023-06-22,269.48,426
TXN-05685,Laundry Detergent 500G,Household Supplies,3,88.33,2023-06-22,264.99,93
TXN-05136,"Bond Paper (Short, 10S)",School & Office Supplies,4,29.28,2023-06-23,117.12,192
TXN-03560,Folder (Long),School & Office Supplies,4,17.86,2023-06-23,71.44,248
TXN-01796,Bath Soap,Personal Care,1,43.25,2023-06-23,43.25,222
TXN-01716,Stapler,School & Office Supplies,6,195.38,2023-06-23,1172.28,283
TXN-03028,Energy Drink 250Ml,Food & Snacks,9,43.82,2023-06-23,394.38,339
TXN-05688,Air Freshener Spray,Household Supplies,1,134.41,2023-06-23,134.41,45
TXN-02960,Deodorant Roll-On,Personal Care,1,93.26,2023-06-23,93.26,170
TXN-04864,Vinegar 350Ml,Grocery,8,28.87,2023-06-24,230.96,234
TXN-02376,Notebook 80 Leaves,School & Office Supplies,1,52.8,2023-06-24,52.8,407
TXN-06427,Toothpaste 75G,Personal Care,3,65.44,2023-06-24,196.32,78
TXN-01489,Sugar 1Kg,Grocery,3,73.35,2023-06-24,220.05,167
TXN-03079,Digital Alarm Clock,Electronics,2,311.07,2023-06-24,622.14,402
TXN-03887,Ice Cream Cup,Food & Snacks,4,34.15,2023-06-24,136.6,31
TXN-02090,Vinegar 350Ml,Grocery,5,29.99,2023-06-24,149.95,299
TXN-02120,Toothpaste 75G,Personal Care,2,67.94,2023-06-25,135.88,272
TXN-01482,Softdrink 1.5L,Food & Snacks,7,63.99,2023-06-25,447.93,272
TXN-04651,Bottled Water 1.5L,Grocery,3,25.51,2023-06-25,76.53,295
TXN-01038,Bluetooth Speaker,Electronics,1,1501.9,2023-06-25,1501.9,299
TXN-02780,Stapler,School & Office Supplies,4,204.38,2023-06-25,817.52,221
TXN-03100,Electric Fan (Desk),Electronics,1,786.52,2023-06-25,786.52,422
TXN-01254,Bottled Water 1.5L,Grocery,6,25.48,2023-06-25,152.88,116
TXN-04339,Deodorant Roll-On,Personal Care,3,88.96,2023-06-26,266.88,115
TXN-04026,Scotch Tape,School & Office Supplies,1,24.25,2023-06-26,24.25,202
TXN-02620,Coffee Sachet (10S),Grocery,5,67.59,2023-06-26,337.95,144
TXN-02682,Coffee Sachet (10S),Grocery,7,65.09,2023-06-26,455.63,133
TXN-01192,Potato Chips 60G,Food & Snacks,1,36.28,2023-06-26,36.28,363
TXN-05121,White Rice 2Kg,Grocery,8,125.31,2023-06-26,1002.48,243
TXN-03243,Toothpaste 75G,Personal Care,3,66.98,2023-06-27,200.94,208
TXN-01074,Evaporated Milk,Grocery,4,43.88,2023-06-27,175.52,284
TXN-03530,Cooking Oil 1L,Grocery,3,88.4,2023-06-27,265.2,278
TXN-01821,Evaporated Milk,Grocery,5,43.62,2023-06-27,218.1,144
TXN-05348,Eraser,School & Office Supplies,2,14.48,2023-06-28,28.96,471
TXN-03198,Mosquito Coil (10S),Household Supplies,2,57.66,2023-06-28,115.32,454
TXN-05544,Sugar 1Kg,Grocery,6,71.69,2023-06-28,430.14,261
TXN-04537,Facial Wash 50Ml,Personal Care,1,124.86,2023-06-28,124.86,282
TXN-03864,Bread Loaf,Food & Snacks,9,66.06,2023-06-28,594.54,248
TXN-02579,Canned Sardines,Grocery,4,27.72,2023-06-28,110.88,139
TXN-03218,Folder (Long),School & Office Supplies,1,18.49,2023-06-28,18.49,273
TXN-02447,Coffee Sachet (10S),Grocery,5,62.23,2023-06-28,311.15,184
TXN-02353,Bath Soap,Personal Care,3,44.47,2023-06-29,133.41,208
TXN-02947,"Bond Paper (Short, 10S)",School & Office Supplies,6,31.33,2023-06-29,187.98,307
TXN-04881,Scotch Tape,School & Office Supplies,7,24.47,2023-06-29,171.29,139
TXN-05913,Staple Wire,School & Office Supplies,1,35.69,2023-06-29,35.69,101
TXN-02017,Juice Drink 250Ml,Food & Snacks,5,17.62,2023-06-30,88.1,326
TXN-05747,Shampoo Sachet,Personal Care,2,7.78,2023-07-01,15.56,298
TXN-02406,Candle (6S),Household Supplies,3,45.34,2023-07-01,136.02,402
TXN-01189,Highlighter,School & Office Supplies,2,44.5,2023-07-01,89.0,205
TXN-02492,Notebook 80 Leaves,School & Office Supplies,1,56.33,2023-07-01,56.33,406
TXN-04659,Biscuit Pack,Food & Snacks,10,24.74,2023-07-01,247.4,388
TXN-04982,Phone Case,Electronics,1,208.78,2023-07-01,208.78,314
TXN-05138,Stapler,School & Office Supplies,7,202.7,2023-07-01,1418.9,69
TXN-03277,Bath Soap,Personal Care,2,46.8,2023-07-01,93.6,160
TXN-04736,Instant Noodles (Pack),Grocery,9,15.54,2023-07-01,139.86,30
TXN-05641,Scotch Tape,School & Office Supplies,1,25.12,2023-07-02,25.12,78
TXN-01658,Sponge Scrub (2S),Household Supplies,1,36.4,2023-07-02,36.4,287
TXN-06490,Sponge Scrub (2S),Household Supplies,1,33.8,2023-07-02,33.8,163
TXN-04781,Coffee Sachet (10S),Grocery,9,62.19,2023-07-02,559.71,116
TXN-05551,Evaporated Milk,Grocery,2,40.73,2023-07-02,81.46,57
TXN-04994,Bottled Water 1.5L,Grocery,2,25.61,2023-07-02,51.22,207
TXN-04919,Cotton Balls,Personal Care,2,36.17,2023-07-02,72.34,47
TXN-04640,Sanitary Napkin (8S),Personal Care,2,76.79,2023-07-02,153.58,261
TXN-05100,Potato Chips 60G,Food & Snacks,9,33.28,2023-07-02,299.52,362
TXN-05449,Bath Soap,Personal Care,1,45.42,2023-07-03,45.42,79
TXN-04976,Notebook 80 Leaves,School & Office Supplies,5,54.37,2023-07-04,271.85,269
TXN-03975,Lollipop Candy,Food & Snacks,7,4.86,2023-07-04,34.02,33
TXN-02431,Instant Noodles (Pack),Grocery,9,15.36,2023-07-04,138.24,403
TXN-05476,Deodorant Roll-On,Personal Care,1,86.59,2023-07-04,86.59,54
TXN-06213,Instant Noodles (Pack),Grocery,1,14.41,2023-07-04,14.41,224
TXN-05552,Biscuit Pack,Food & Snacks,7,23.95,2023-07-04,167.65,276
TXN-02311,Lotion 200Ml,Personal Care,3,149.93,2023-07-04,449.79,165
TXN-05484,Chocolate Bar,Food & Snacks,4,29.16,2023-07-05,116.64,143
TXN-04263,Highlighter,School & Office Supplies,1,46.88,2023-07-05,46.88,32
TXN-04420,Deodorant Roll-On,Personal Care,3,85.55,2023-07-05,256.65,112
TXN-06031,Toothpaste 75G,Personal Care,4,62.38,2023-07-06,249.52,92
TXN-03752,Cooking Oil 1L,Grocery,7,84.86,2023-07-06,594.02,251
TXN-02307,Folder (Long),School & Office Supplies,1,18.59,2023-07-06,18.59,307
TXN-05765,Eraser,School & Office Supplies,6,14.49,2023-07-06,86.94,455
TXN-04249,Instant Noodles (Pack),Grocery,2,14.59,2023-07-06,29.18,116
TXN-02360,Floor Mop,Household Supplies,3,245.85,2023-07-06,737.55,239
TXN-02921,Energy Drink 250Ml,Food & Snacks,2,46.53,2023-07-06,93.06,358
TXN-03252,Cotton Balls,Personal Care,2,36.33,2023-07-06,72.66,94
TXN-01834,Instant Noodles (Pack),Grocery,7,14.43,2023-07-07,101.01,11
TXN-04277,Juice Drink 250Ml,Food & Snacks,6,18.01,2023-07-07,108.06,209
TXN-05587,Evaporated Milk,Grocery,4,40.06,2023-07-08,160.24,53
TXN-03128,Dishwashing Liquid 500Ml,Household Supplies,1,73.19,2023-07-08,73.19,304
TXN-01785,White Rice 2Kg,Grocery,5,125.53,2023-07-08,627.65,297
TXN-04821,Chocolate Bar,Food & Snacks,7,30.67,2023-07-09,214.69,205
TXN-01946,Mosquito Coil (10S),Household Supplies,3,55.65,2023-07-09,166.95,476
TXN-01152,Juice Drink 250Ml,Food & Snacks,4,17.52,2023-07-09,70.08,444
TXN-05564,Folder (Long),School & Office Supplies,6,17.73,2023-07-09,106.38,112
TXN-05985,Softdrink 1.5L,Food & Snacks,7,62.16,2023-07-09,435.12,84
TXN-02459,Led Desk Lamp,Electronics,1,560.68,2023-07-09,560.68,463
TXN-01151,Softdrink 1.5L,Food & Snacks,8,65.64,2023-07-09,525.12,311
TXN-03846,White Rice 2Kg,Grocery,9,123.81,2023-07-09,1114.29,439
TXN-01424,Power Bank 10000Mah,Electronics,1,894.08,2023-07-09,894.08,230
TXN-04985,Cooking Oil 1L,Grocery,5,88.91,2023-07-09,444.55,80
TXN-04963,Cooking Oil 1L,Grocery,1,87.17,2023-07-09,87.17,85
TXN-02694,Digital Alarm Clock,Electronics,2,293.4,2023-07-10,586.8,404
TXN-01378,Usb Charging Cable,Electronics,2,145.73,2023-07-10,291.46,468
TXN-05090,Stapler,School & Office Supplies,6,193.54,2023-07-10,1161.24,76
TXN-03655,Instant Noodles (Pack),Grocery,6,14.61,2023-07-10,87.66,234
TXN-05382,Shampoo Sachet,Personal Care,4,8.28,2023-07-11,33.12,10
TXN-01115,Potato Chips 60G,Food & Snacks,4,35.28,2023-07-11,141.12,376
TXN-05906,Sponge Scrub (2S),Household Supplies,2,35.71,2023-07-11,71.42,183
TXN-01122,Stapler,School & Office Supplies,1,208.43,2023-07-12,208.43,333
TXN-05515,Bath Soap,Personal Care,1,44.02,2023-07-13,44.02,78
TXN-02823,Fabric Conditioner 500Ml,Household Supplies,3,97.12,2023-07-13,291.36,272
TXN-05594,Digital Alarm Clock,Electronics,1,287.65,2023-07-13,287.65,350
TXN-05889,Evaporated Milk,Grocery,8,43.44,2023-07-13,347.52,407
TXN-06155,Notebook 80 Leaves,School & Office Supplies,1,53.53,2023-07-14,53.53,199
TXN-06072,Bottled Water 1.5L,Grocery,3,24.74,2023-07-14,74.22,33
TXN-04593,Instant Noodles (Pack),Grocery,3,14.43,2023-07-14,43.29,59
TXN-01086,Air Freshener Spray,Household Supplies,2,127.82,2023-07-14,255.64,158
TXN-06176,Sanitary Napkin (8S),Personal Care,1,79.75,2023-07-14,79.75,190
TXN-02286,White Rice 2Kg,Grocery,1,124.0,2023-07-14,124.0,216
TXN-06207,Bluetooth Speaker,Electronics,2,1424.68,2023-07-14,2849.36,212
TXN-03909,Deodorant Roll-On,Personal Care,3,88.8,2023-07-14,266.4,133
TXN-04535,Deodorant Roll-On,Personal Care,3,85.53,2023-07-14,256.59,105
TXN-01341,Eraser,School & Office Supplies,4,15.41,2023-07-14,61.64,200
TXN-02232,Stapler,School & Office Supplies,2,192.14,2023-07-14,384.28,247
TXN-05580,Toothpaste 75G,Personal Care,3,67.28,2023-07-15,201.84,116
TXN-03518,Sanitary Napkin (8S),Personal Care,3,78.5,2023-07-15,235.5,300
TXN-02527,Vinegar 350Ml,Grocery,9,29.46,2023-07-15,265.14,217
TXN-03212,White Rice 2Kg,Grocery,5,117.54,2023-07-15,587.7,81
TXN-01494,Biscuit Pack,Food & Snacks,8,25.35,2023-07-15,202.8,81
TXN-02252,Energy Drink 250Ml,Food & Snacks,9,46.52,2023-07-15,418.68,88
TXN-05058,Juice Drink 250Ml,Food & Snacks,1,18.63,2023-07-16,18.63,95
TXN-05755,Fabric Conditioner 500Ml,Household Supplies,1,90.98,2023-07-16,90.98,219
TXN-03074,Coffee Sachet (10S),Grocery,5,64.0,2023-07-16,320.0,49
TXN-06066,Fabric Conditioner 500Ml,Household Supplies,1,92.91,2023-07-16,92.91,215
TXN-04946,Usb Charging Cable,Electronics,1,151.82,2023-07-16,151.82,413
TXN-03513,Deodorant Roll-On,Personal Care,3,92.91,2023-07-16,278.73,152
TXN-01271,Power Bank 10000Mah,Electronics,1,930.43,2023-07-17,930.43,239
TXN-04308,Ice Cream Cup,Food & Snacks,10,36.13,2023-07-18,361.3,338
TXN-03906,Potato Chips 60G,Food & Snacks,3,33.48,2023-07-18,100.44,8
TXN-03867,Pencil,School & Office Supplies,7,10.15,2023-07-18,71.05,200
TXN-01637,Potato Chips 60G,Food & Snacks,8,34.66,2023-07-18,277.28,294
TXN-06060,Bottled Water 1.5L,Grocery,8,23.89,2023-07-19,191.12,36
TXN-06070,Cotton Balls,Personal Care,1,34.84,2023-07-19,34.84,343
TXN-01845,Softdrink 1.5L,Food & Snacks,2,63.95,2023-07-19,127.9,219
TXN-02741,Coffee Sachet (10S),Grocery,7,66.24,2023-07-19,463.68,115
TXN-04735,Peanuts 100G,Food & Snacks,4,27.57,2023-07-19,110.28,181
TXN-05849,Chocolate Bar,Food & Snacks,9,29.71,2023-07-19,267.39,70
TXN-02734,Alcohol 70% 500Ml,Personal Care,4,94.91,2023-07-20,379.64,362
TXN-06417,Bluetooth Speaker,Electronics,1,1536.48,2023-07-20,1536.48,205
TXN-01035,Digital Alarm Clock,Electronics,1,299.74,2023-07-20,299.74,421
TXN-05885,Scotch Tape,School & Office Supplies,5,24.72,2023-07-20,123.6,70
TXN-05718,Folder (Long),School & Office Supplies,2,18.63,2023-07-20,37.26,92
TXN-02500,Instant Noodles (Pack),Grocery,3,15.31,2023-07-21,45.93,397
TXN-03962,Sponge Scrub (2S),Household Supplies,2,34.0,2023-07-21,68.0,223
TXN-05874,Facial Wash 50Ml,Personal Care,1,125.42,2023-07-21,125.42,226
TXN-05699,Folder (Long),School & Office Supplies,7,17.19,2023-07-21,120.33,94
TXN-06026,Bread Loaf,Food & Snacks,9,63.01,2023-07-22,567.09,408
TXN-03192,Bread Loaf,Food & Snacks,6,65.83,2023-07-22,394.98,333
TXN-01258,Bottled Water 1.5L,Grocery,7,24.55,2023-07-22,171.85,109
TXN-01425,"Bond Paper (Short, 10S)",School & Office Supplies,6,31.22,2023-07-22,187.32,414
TXN-03699,Coffee Sachet (10S),Grocery,4,64.92,2023-07-23,259.68,291
TXN-03298,Soy Sauce 350Ml,Grocery,8,33.4,2023-07-23,267.2,339
TXN-06276,Juice Drink 250Ml,Food & Snacks,6,18.0,2023-07-23,108.0,173
TXN-05848,Stapler,School & Office Supplies,4,196.07,2023-07-23,784.28,40
TXN-01304,Cotton Balls,Personal Care,1,35.54,2023-07-23,35.54,174
TXN-03972,Potato Chips 60G,Food & Snacks,8,36.68,2023-07-23,293.44,482
TXN-02439,"Bond Paper (Short, 10S)",School & Office Supplies,3,30.68,2023-07-23,92.04,343
TXN-03370,Air Freshener Spray,Household Supplies,1,123.9,2023-07-24,123.9,112
TXN-03938,Highlighter,School & Office Supplies,6,46.65,2023-07-24,279.9,51
TXN-04676,Instant Noodles (Pack),Grocery,3,14.37,2023-07-24,43.11,42
TXN-03130,Shampoo Sachet,Personal Care,3,8.31,2023-07-24,24.93,78
TXN-01557,Staple Wire,School & Office Supplies,2,36.29,2023-07-25,72.58,331
TXN-05059,Bread Loaf,Food & Snacks,9,64.35,2023-07-25,579.15,94
TXN-03347,Phone Case,Electronics,2,198.5,2023-07-25,397.0,335
TXN-03385,White Rice 2Kg,Grocery,4,117.09,2023-07-25,468.36,58
TXN-02715,Biscuit Pack,Food & Snacks,9,24.63,2023-07-25,221.67,318
TXN-06334,Led Desk Lamp,Electronics,2,572.9,2023-07-26,1145.8,406
TXN-04328,Soy Sauce 350Ml,Grocery,6,35.15,2023-07-26,210.9,196
TXN-01636,Sugar 1Kg,Grocery,3,77.55,2023-07-26,232.65,149
TXN-04978,Bottled Water 1.5L,Grocery,4,24.47,2023-07-26,97.88,214
TXN-02189,Notebook 80 Leaves,School & Office Supplies,1,55.53,2023-07-26,55.53,421
TXN-02250,Scotch Tape,School & Office Supplies,6,24.92,2023-07-26,149.52,298
TXN-04986,Canned Sardines,Grocery,8,28.73,2023-07-26,229.84,185
TXN-02236,Vinegar 350Ml,Grocery,9,28.79,2023-07-27,259.11,259
TXN-05020,Facial Wash 50Ml,Personal Care,2,123.92,2023-07-27,247.84,273
TXN-04368,Toothpaste 75G,Personal Care,1,62.44,2023-07-27,62.44,177
TXN-03647,Highlighter,School & Office Supplies,1,46.84,2023-07-27,46.84,71
TXN-05968,Extension Cord,Electronics,2,355.91,2023-07-27,711.82,103
TXN-03925,Energy Drink 250Ml,Food & Snacks,2,47.18,2023-07-27,94.36,224
TXN-05715,Mosquito Coil (10S),Household Supplies,1,53.2,2023-07-27,53.2,396
TXN-02534,Chocolate Bar,Food & Snacks,3,29.14,2023-07-28,87.42,212
TXN-06016,Bottled Water 1.5L,Grocery,3,23.88,2023-07-28,71.64,59
TXN-01250,Peanuts 100G,Food & Snacks,3,26.78,2023-07-28,80.34,271
TXN-04884,Cooking Oil 1L,Grocery,3,85.69,2023-07-28,257.07,87
TXN-03288,Chocolate Bar,Food & Snacks,6,29.45,2023-07-28,176.7,127
TXN-02585,Pencil,School & Office Supplies,1,10.32,2023-07-28,10.32,255
TXN-01158,Sponge Scrub (2S),Household Supplies,1,36.58,2023-07-28,36.58,297
TXN-03577,Extension Cord,Electronics,1,338.93,2023-07-28,338.93,135
TXN-06006,Digital Alarm Clock,Electronics,2,309.99,2023-07-29,619.98,342
TXN-03656,Laundry Detergent 500G,Household Supplies,1,82.51,2023-07-29,82.51,145
TXN-04620,Instant Noodles (Pack),Grocery,8,15.13,2023-07-29,121.04,48
TXN-05075,Cooking Oil 1L,Grocery,7,88.3,2023-07-30,618.1,66
TXN-03294,Usb Charging Cable,Electronics,2,150.64,2023-07-30,301.28,439
TXN-02961,Instant Noodles (Pack),Grocery,4,15.34,2023-07-30,61.36,324
TXN-03933,Ballpen (Black),School & Office Supplies,5,12.11,2023-07-30,60.55,321
TXN-02489,Led Desk Lamp,Electronics,1,530.13,2023-07-31,530.13,462
TXN-05107,Screen Protector,Electronics,1,98.4,2023-07-31,98.4,194
TXN-04731,Cotton Balls,Personal Care,1,36.55,2023-07-31,36.55,50
TXN-06369,Cooking Oil 1L,Grocery,1,90.03,2023-07-31,90.03,180
TXN-05410,Potato Chips 60G,Food & Snacks,9,33.57,2023-07-31,302.13,293
TXN-05306,Instant Noodles (Pack),Grocery,8,15.41,2023-08-01,123.28,350
TXN-06148,Lotion 200Ml,Personal Care,4,148.03,2023-08-01,592.12,361
TXN-04732,White Rice 2Kg,Grocery,6,120.3,2023-08-01,721.8,304
TXN-03531,Staple Wire,School & Office Supplies,7,36.42,2023-08-01,254.94,227
TXN-04298,Power Bank 10000Mah,Electronics,3,860.46,2023-08-01,2581.38,183
TXN-01976,Phone Case,Electronics,3,205.23,2023-08-02,615.69,365
TXN-03418,Stapler,School & Office Supplies,1,207.3,2023-08-02,207.3,197
TXN-01125,Staple Wire,School & Office Supplies,6,33.32,2023-08-03,199.92,352
TXN-05778,Bath Soap,Personal Care,5,44.02,2023-08-03,220.1,61
TXN-05984,Deodorant Roll-On,Personal Care,5,86.8,2023-08-03,434.0,37
TXN-03623,Sugar 1Kg,Grocery,7,71.54,2023-08-03,500.78,205
TXN-04035,Sanitary Napkin (8S),Personal Care,5,80.89,2023-08-03,404.45,280
TXN-06303,Cooking Oil 1L,Grocery,8,93.14,2023-08-04,745.12,189
TXN-06401,Mosquito Coil (10S),Household Supplies,4,53.9,2023-08-04,215.6,377
TXN-05215,Evaporated Milk,Grocery,2,43.55,2023-08-04,87.1,132
TXN-01452,Cooking Oil 1L,Grocery,5,85.11,2023-08-04,425.55,268
TXN-04504,Sugar 1Kg,Grocery,6,75.94,2023-08-04,455.64,24
TXN-01567,Peanuts 100G,Food & Snacks,12,27.75,2023-08-04,333.0,209
TXN-06084,Lollipop Candy,Food & Snacks,4,5.01,2023-08-05,20.04,271
TXN-03301,Coffee Sachet (10S),Grocery,5,61.83,2023-08-05,309.15,15
TXN-05757,Laundry Detergent 500G,Household Supplies,1,89.2,2023-08-05,89.2,91
TXN-06366,Stapler,School & Office Supplies,2,189.18,2023-08-05,378.36,17
TXN-04206,Chocolate Bar,Food & Snacks,11,30.42,2023-08-06,334.62,7
TXN-05654,Vinegar 350Ml,Grocery,9,30.28,2023-08-06,272.52,47
TXN-02162,White Rice 2Kg,Grocery,5,118.72,2023-08-06,593.6,248
TXN-05470,Juice Drink 250Ml,Food & Snacks,2,17.5,2023-08-06,35.0,55
TXN-04254,Bread Loaf,Food & Snacks,5,64.35,2023-08-07,321.75,183
TXN-06261,Toothpaste 75G,Personal Care,1,67.95,2023-08-07,67.95,85
TXN-01687,Eraser,School & Office Supplies,6,15.54,2023-08-07,93.24,180
TXN-05847,Lollipop Candy,Food & Snacks,12,5.09,2023-08-07,61.08,295
TXN-02541,Coffee Sachet (10S),Grocery,11,66.97,2023-08-07,736.67,159
TXN-05000,Staple Wire,School & Office Supplies,8,36.43,2023-08-07,291.44,144
TXN-02769,Bottled Water 1.5L,Grocery,7,24.76,2023-08-07,173.32,154
TXN-05158,Sponge Scrub (2S),Household Supplies,4,36.14,2023-08-07,144.56,195
TXN-05286,Shampoo Sachet,Personal Care,1,8.05,2023-08-08,8.05,14
TXN-04804,Notebook 80 Leaves,School & Office Supplies,8,55.81,2023-08-08,446.48,290
TXN-03465,Lotion 200Ml,Personal Care,4,153.57,2023-08-08,614.28,96
TXN-02405,Peanuts 100G,Food & Snacks,2,26.86,2023-08-08,53.72,95
TXN-04148,Sanitary Napkin (8S),Personal Care,1,76.91,2023-08-08,76.91,276
TXN-01676,Stapler,School & Office Supplies,5,195.16,2023-08-08,975.8,289
TXN-02072,Shampoo Sachet,Personal Care,2,7.7,2023-08-08,15.4,107
TXN-03673,Lollipop Candy,Food & Snacks,3,4.8,2023-08-08,14.4,85
TXN-02117,Fabric Conditioner 500Ml,Household Supplies,3,95.94,2023-08-09,287.82,293
TXN-06288,Bread Loaf,Food & Snacks,13,64.89,2023-08-09,843.57,350
TXN-01605,Sanitary Napkin (8S),Personal Care,3,80.45,2023-08-09,241.35,382
TXN-02394,Cooking Oil 1L,Grocery,11,86.69,2023-08-09,953.59,120
TXN-05279,Instant Noodles (Pack),Grocery,7,15.19,2023-08-09,106.33,358
TXN-05200,Evaporated Milk,Grocery,9,41.71,2023-08-09,375.39,134
TXN-01537,Instant Noodles (Pack),Grocery,7,15.61,2023-08-09,109.27,60
TXN-06283,Phone Case,Electronics,2,195.75,2023-08-10,391.5,299
TXN-03378,Softdrink 1.5L,Food & Snacks,12,66.57,2023-08-10,798.84,182
TXN-02378,"Bond Paper (Short, 10S)",School & Office Supplies,1,31.27,2023-08-10,31.27,355
TXN-03154,Highlighter,School & Office Supplies,1,42.94,2023-08-10,42.94,91
TXN-01419,Folder (Long),School & Office Supplies,4,17.37,2023-08-10,69.48,342
TXN-06328,Eraser,School & Office Supplies,4,14.94,2023-08-11,59.76,443
TXN-04084,Energy Drink 250Ml,Food & Snacks,2,46.88,2023-08-11,93.76,205
TXN-06469,Cooking Oil 1L,Grocery,8,86.18,2023-08-11,689.44,145
TXN-05508,Softdrink 1.5L,Food & Snacks,8,63.85,2023-08-11,510.8,123
TXN-02023,Deodorant Roll-On,Personal Care,4,89.22,2023-08-11,356.88,211
TXN-04861,Stapler,School & Office Supplies,6,198.8,2023-08-11,1192.8,89
TXN-02843,Phone Case,Electronics,2,200.35,2023-08-11,400.7,352
TXN-02387,Scotch Tape,School & Office Supplies,6,24.65,2023-08-11,147.9,288
TXN-03663,Highlighter,School & Office Supplies,2,44.25,2023-08-12,88.5,69
TXN-05825,Coffee Sachet (10S),Grocery,6,64.26,2023-08-12,385.56,163
TXN-04729,Bread Loaf,Food & Snacks,9,65.7,2023-08-12,591.3,116
TXN-06236,Lollipop Candy,Food & Snacks,5,5.2,2023-08-12,26.0,239
TXN-02383,Sugar 1Kg,Grocery,2,72.94,2023-08-12,145.88,63
TXN-06080,Bread Loaf,Food & Snacks,2,64.65,2023-08-12,129.3,406
TXN-03650,Scotch Tape,School & Office Supplies,7,24.82,2023-08-12,173.74,217
TXN-04030,Digital Alarm Clock,Electronics,1,296.28,2023-08-12,296.28,380
TXN-04447,Stapler,School & Office Supplies,8,201.18,2023-08-12,1609.44,125
TXN-03453,Notebook 80 Leaves,School & Office Supplies,6,52.61,2023-08-13,315.66,346
TXN-03291,Canned Sardines,Grocery,8,29.86,2023-08-13,238.88,14
TXN-03551,Staple Wire,School & Office Supplies,3,35.49,2023-08-13,106.47,224
TXN-06146,Peanuts 100G,Food & Snacks,3,26.96,2023-08-13,80.88,41
TXN-04236,Facial Wash 50Ml,Personal Care,4,121.88,2023-08-13,487.52,307
TXN-01106,Softdrink 1.5L,Food & Snacks,9,68.23,2023-08-13,614.07,319
TXN-01218,Bluetooth Speaker,Electronics,2,1539.22,2023-08-14,3078.44,295
TXN-02677,Mosquito Coil (10S),Household Supplies,4,53.35,2023-08-14,213.4,457
TXN-06186,Stapler,School & Office Supplies,4,203.86,2023-08-14,815.44,20
TXN-06500,Bread Loaf,Food & Snacks,13,67.38,2023-08-15,875.94,329
TXN-02994,Lotion 200Ml,Personal Care,2,149.8,2023-08-15,299.6,117
TXN-04725,Vinegar 350Ml,Grocery,11,31.0,2023-08-15,341.0,256
TXN-02642,Floor Mop,Household Supplies,1,251.83,2023-08-16,251.83,231
TXN-04924,Ice Cream Cup,Food & Snacks,5,36.47,2023-08-16,182.35,275
TXN-01777,Cotton Balls,Personal Care,2,34.8,2023-08-16,69.6,155
TXN-06304,Biscuit Pack,Food & Snacks,9,24.66,2023-08-16,221.94,162
TXN-02109,Staple Wire,School & Office Supplies,3,34.01,2023-08-17,102.03,290
TXN-01384,Canned Sardines,Grocery,4,28.2,2023-08-17,112.8,295
TXN-03818,"Bond Paper (Short, 10S)",School & Office Supplies,1,29.04,2023-08-17,29.04,250
TXN-03967,Evaporated Milk,Grocery,4,43.16,2023-08-17,172.64,54
TXN-06455,Soy Sauce 350Ml,Grocery,11,36.17,2023-08-17,397.87,382
TXN-03987,Energy Drink 250Ml,Food & Snacks,6,46.73,2023-08-18,280.38,218
TXN-04603,Coffee Sachet (10S),Grocery,6,63.56,2023-08-18,381.36,127
TXN-02686,Coffee Sachet (10S),Grocery,11,67.15,2023-08-18,738.65,122
TXN-06337,Instant Noodles (Pack),Grocery,6,14.53,2023-08-18,87.18,196
TXN-02824,Facial Wash 50Ml,Personal Care,1,116.9,2023-08-18,116.9,369
TXN-04423,Toothbrush,Personal Care,4,53.84,2023-08-18,215.36,76
TXN-03400,Biscuit Pack,Food & Snacks,13,25.43,2023-08-18,330.59,195
TXN-06167,Cooking Oil 1L,Grocery,11,90.79,2023-08-19,998.69,219
TXN-01526,Lollipop Candy,Food & Snacks,2,5.0,2023-08-20,10.0,409
TXN-02213,Cooking Oil 1L,Grocery,2,86.46,2023-08-21,172.92,173
TXN-04305,Ice Cream Cup,Food & Snacks,13,36.61,2023-08-21,475.93,348
TXN-04403,Folder (Long),School & Office Supplies,8,18.6,2023-08-21,148.8,172
TXN-04066,Eraser,School & Office Supplies,3,15.16,2023-08-21,45.48,64
TXN-03042,Floor Mop,Household Supplies,2,239.3,2023-08-21,478.6,223
TXN-03302,Evaporated Milk,Grocery,7,41.82,2023-08-21,292.74,168
TXN-05744,Coffee Sachet (10S),Grocery,3,66.54,2023-08-21,199.62,183
TXN-05897,Lollipop Candy,Food & Snacks,5,5.11,2023-08-22,25.55,290
TXN-04463,Laundry Detergent 500G,Household Supplies,3,88.54,2023-08-22,265.62,132
TXN-02528,Bath Soap,Personal Care,5,44.31,2023-08-23,221.55,196
TXN-02237,Cotton Balls,Personal Care,1,34.62,2023-08-23,34.62,142
TXN-05927,Coffee Sachet (10S),Grocery,3,65.39,2023-08-23,196.17,128
TXN-04950,Bread Loaf,Food & Snacks,4,62.52,2023-08-23,250.08,105
TXN-02366,Led Desk Lamp,Electronics,1,565.39,2023-08-23,565.39,467
TXN-05542,Lotion 200Ml,Personal Care,1,154.05,2023-08-24,154.05,400
TXN-02160,Sponge Scrub (2S),Household Supplies,3,34.88,2023-08-24,104.64,272
TXN-01208,"Bond Paper (Short, 10S)",School & Office Supplies,5,28.72,2023-08-24,143.6,432
TXN-05525,Extension Cord,Electronics,1,363.39,2023-08-24,363.39,105
TXN-02569,Cotton Balls,Personal Care,1,35.75,2023-08-25,35.75,124
TXN-04904,Highlighter,School & Office Supplies,8,45.8,2023-08-25,366.4,3
TXN-05183,Scotch Tape,School & Office Supplies,7,25.23,2023-08-25,176.61,104
TXN-01493,Coffee Sachet (10S),Grocery,7,67.69,2023-08-25,473.83,370
TXN-01765,Soy Sauce 350Ml,Grocery,7,35.42,2023-08-26,247.94,209
TXN-01941,Biscuit Pack,Food & Snacks,3,25.12,2023-08-26,75.36,8
TXN-05670,Laundry Detergent 500G,Household Supplies,2,84.09,2023-08-27,168.18,96
TXN-04590,Energy Drink 250Ml,Food & Snacks,11,44.48,2023-08-27,489.28,102
TXN-02561,Energy Drink 250Ml,Food & Snacks,4,46.95,2023-08-27,187.8,39
TXN-06184,Scotch Tape,School & Office Supplies,4,24.75,2023-08-28,99.0,66
TXN-01064,White Rice 2Kg,Grocery,11,125.18,2023-08-28,1376.98,425
TXN-03153,Sugar 1Kg,Grocery,7,71.28,2023-08-28,498.96,324
TXN-02777,Coffee Sachet (10S),Grocery,11,65.45,2023-08-29,719.95,104
TXN-04240,Dishwashing Liquid 500Ml,Household Supplies,2,78.29,2023-08-29,156.58,275
TXN-04523,Facial Wash 50Ml,Personal Care,5,118.28,2023-08-29,591.4,283
TXN-01622,Candle (6S),Household Supplies,3,46.31,2023-08-29,138.93,414
TXN-04466,White Rice 2Kg,Grocery,5,123.19,2023-08-29,615.95,341
TXN-01566,Bath Soap,Personal Care,4,45.44,2023-08-29,181.76,230
TXN-01670,Canned Sardines,Grocery,3,29.89,2023-08-29,89.67,271
TXN-02452,Juice Drink 250Ml,Food & Snacks,13,17.38,2023-08-29,225.94,254
TXN-02098,Vinegar 350Ml,Grocery,8,31.49,2023-08-30,251.92,291
TXN-05288,Broom (Walis Tingting),Household Supplies,3,65.37,2023-08-30,196.11,334
TXN-05376,Notebook 80 Leaves,School & Office Supplies,3,54.77,2023-08-30,164.31,232
TXN-04012,Chocolate Bar,Food & Snacks,9,29.68,2023-08-30,267.12,39
TXN-04347,Candle (6S),Household Supplies,2,45.27,2023-08-30,90.54,363
TXN-01269,Power Bank 10000Mah,Electronics,1,927.9,2023-08-30,927.9,240
TXN-06326,Eraser,School & Office Supplies,2,15.36,2023-08-30,30.72,447
TXN-06405,Peanuts 100G,Food & Snacks,12,27.08,2023-08-30,324.96,25
TXN-03149,Facial Wash 50Ml,Personal Care,3,125.15,2023-08-31,375.45,349
TXN-03087,Instant Noodles (Pack),Grocery,6,15.4,2023-08-31,92.4,303
TXN-02914,Energy Drink 250Ml,Food & Snacks,4,46.28,2023-08-31,185.12,360
TXN-04645,Lollipop Candy,Food & Snacks,5,5.08,2023-08-31,25.4,424
TXN-01742,Energy Drink 250Ml,Food & Snacks,9,43.44,2023-08-31,390.96,172
TXN-04695,White Rice 2Kg,Grocery,2,123.77,2023-08-31,247.54,310
TXN-01736,Screen Protector,Electronics,2,101.81,2023-09-01,203.62,253
TXN-06158,Stapler,School & Office Supplies,2,204.24,2023-09-01,408.48,24
TXN-04251,Soy Sauce 350Ml,Grocery,3,35.76,2023-09-01,107.28,210
TXN-01877,Instant Noodles (Pack),Grocery,6,14.27,2023-09-01,85.62,489
TXN-04629,Juice Drink 250Ml,Food & Snacks,5,18.58,2023-09-01,92.9,137
TXN-04707,"Bond Paper (Short, 10S)",School & Office Supplies,1,29.89,2023-09-02,29.89,212
TXN-01334,Candle (6S),Household Supplies,2,44.58,2023-09-02,89.16,429
TXN-02718,Lotion 200Ml,Personal Care,5,151.21,2023-09-02,756.05,126
TXN-04428,Vinegar 350Ml,Grocery,3,30.05,2023-09-03,90.15,329
TXN-03816,Facial Wash 50Ml,Personal Care,5,121.49,2023-09-03,607.45,318
TXN-02820,Facial Wash 50Ml,Personal Care,4,120.64,2023-09-03,482.56,371
TXN-05853,Toothbrush,Personal Care,2,57.55,2023-09-03,115.1,4
TXN-06459,Toothpaste 75G,Personal Care,1,63.68,2023-09-03,63.68,76
TXN-01045,Stapler,School & Office Supplies,7,196.23,2023-09-03,1373.61,334
TXN-02234,Lollipop Candy,Food & Snacks,6,5.17,2023-09-03,31.02,270
TXN-03408,Instant Noodles (Pack),Grocery,3,15.69,2023-09-04,47.07,278
TXN-05328,Lotion 200Ml,Personal Care,5,148.43,2023-09-04,742.15,410
TXN-02039,Bottled Water 1.5L,Grocery,7,25.78,2023-09-04,180.46,5
TXN-04386,Candle (6S),Household Supplies,4,47.17,2023-09-04,188.68,359
TXN-03554,Mosquito Coil (10S),Household Supplies,2,54.75,2023-09-04,109.5,448
TXN-02362,Cooking Oil 1L,Grocery,6,91.85,2023-09-04,551.1,131
TXN-05629,Canned Sardines,Grocery,7,28.49,2023-09-04,199.43,104
TXN-04357,Bread Loaf,Food & Snacks,11,65.61,2023-09-05,721.71,157
TXN-05537,Eraser,School & Office Supplies,5,15.03,2023-09-05,75.15,461
TXN-05095,Wireless Earbuds,Electronics,1,1255.19,2023-09-05,1255.19,230
TXN-03050,Ice Cream Cup,Food & Snacks,3,36.62,2023-09-05,109.86,165
TXN-04286,Ice Cream Cup,Food & Snacks,12,35.07,2023-09-05,420.84,361
TXN-04677,Stapler,School & Office Supplies,1,205.55,2023-09-05,205.55,97
TXN-02971,Biscuit Pack,Food & Snacks,10,24.61,2023-09-05,246.1,279
TXN-05036,Staple Wire,School & Office Supplies,4,34.42,2023-09-05,137.68,140
TXN-02282,Eraser,School & Office Supplies,5,15.45,2023-09-06,77.25,161
TXN-05804,Toothbrush,Personal Care,2,54.12,2023-09-06,108.24,6
TXN-01098,Phone Case,Electronics,3,205.28,2023-09-06,615.84,383
TXN-04852,Vinegar 350Ml,Grocery,3,29.69,2023-09-06,89.07,242
TXN-05883,Bath Soap,Personal Care,4,45.83,2023-09-06,183.32,55
TXN-05615,Staple Wire,School & Office Supplies,5,36.29,2023-09-07,181.45,116
TXN-04143,Coffee Sachet (10S),Grocery,8,62.48,2023-09-07,499.84,192
TXN-03572,Evaporated Milk,Grocery,10,43.71,2023-09-07,437.1,126
TXN-02351,Facial Wash 50Ml,Personal Care,4,123.25,2023-09-07,493.0,390
TXN-03222,Bottled Water 1.5L,Grocery,7,24.15,2023-09-07,169.05,107
TXN-04507,Chocolate Bar,Food & Snacks,3,30.41,2023-09-07,91.23,264
TXN-02621,Led Desk Lamp,Electronics,3,556.21,2023-09-07,1668.63,457
TXN-06140,Energy Drink 250Ml,Food & Snacks,12,44.37,2023-09-08,532.44,304
TXN-04144,Bluetooth Speaker,Electronics,2,1529.82,2023-09-09,3059.64,246
TXN-06492,Cooking Oil 1L,Grocery,10,90.7,2023-09-09,907.0,135
TXN-06172,Vinegar 350Ml,Grocery,4,30.72,2023-09-09,122.88,251
TXN-03177,Cooking Oil 1L,Grocery,7,88.91,2023-09-09,622.37,21
TXN-06225,Lotion 200Ml,Personal Care,1,148.37,2023-09-10,148.37,360
TXN-03246,Softdrink 1.5L,Food & Snacks,11,68.16,2023-09-10,749.76,10
TXN-03236,Toothpaste 75G,Personal Care,3,62.43,2023-09-10,187.29,211
TXN-01638,Fabric Conditioner 500Ml,Household Supplies,4,97.84,2023-09-10,391.36,310
TXN-05247,Stapler,School & Office Supplies,7,205.69,2023-09-10,1439.83,61
TXN-02590,Ballpen (Black),School & Office Supplies,1,12.13,2023-09-10,12.13,393
TXN-01236,Canned Sardines,Grocery,9,28.38,2023-09-10,255.42,315
TXN-04990,Lotion 200Ml,Personal Care,4,149.28,2023-09-11,597.12,4
TXN-03819,Lollipop Candy,Food & Snacks,4,5.19,2023-09-11,20.76,55
TXN-02563,Evaporated Milk,Grocery,10,41.64,2023-09-11,416.4,40
TXN-02844,Led Desk Lamp,Electronics,1,546.55,2023-09-12,546.55,452
TXN-02742,Deodorant Roll-On,Personal Care,1,86.64,2023-09-12,86.64,179
TXN-01184,Bath Soap,Personal Care,3,45.12,2023-09-12,135.36,254
TXN-03821,Soy Sauce 350Ml,Grocery,8,36.52,2023-09-12,292.16,268
TXN-06317,Wireless Earbuds,Electronics,2,1274.6,2023-09-12,2549.2,218
TXN-01673,Soy Sauce 350Ml,Grocery,3,35.24,2023-09-13,105.72,228
TXN-05062,Bottled Water 1.5L,Grocery,7,25.25,2023-09-13,176.75,197
TXN-01388,Cooking Oil 1L,Grocery,5,87.38,2023-09-13,436.9,276
TXN-06273,Deodorant Roll-On,Personal Care,1,88.81,2023-09-13,88.81,26
TXN-04109,Peanuts 100G,Food & Snacks,11,27.83,2023-09-13,306.13,233
TXN-06054,Floor Mop,Household Supplies,2,254.85,2023-09-14,509.7,148
TXN-03162,Bath Soap,Personal Care,4,46.95,2023-09-14,187.8,168
TXN-04330,Potato Chips 60G,Food & Snacks,3,33.69,2023-09-14,101.07,439
TXN-02668,Potato Chips 60G,Food & Snacks,5,34.71,2023-09-14,173.55,131
TXN-05089,Ice Cream Cup,Food & Snacks,2,33.65,2023-09-14,67.3,266
TXN-05063,Broom (Walis Tingting),Household Supplies,1,66.48,2023-09-14,66.48,342
TXN-04487,Chocolate Bar,Food & Snacks,6,30.88,2023-09-14,185.28,269
TXN-04362,White Rice 2Kg,Grocery,4,118.34,2023-09-15,473.36,352
TXN-02995,Dishwashing Liquid 500Ml,Household Supplies,3,77.61,2023-09-15,232.83,306
TXN-02174,Toothbrush,Personal Care,5,56.09,2023-09-15,280.45,199
TXN-01683,Notebook 80 Leaves,School & Office Supplies,4,53.16,2023-09-15,212.64,426
TXN-02229,Energy Drink 250Ml,Food & Snacks,10,42.9,2023-09-15,429.0,97
TXN-05802,Biscuit Pack,Food & Snacks,5,25.26,2023-09-15,126.3,221
TXN-01257,Wireless Earbuds,Electronics,1,1272.55,2023-09-16,1272.55,276
TXN-01003,Deodorant Roll-On,Personal Care,1,87.55,2023-09-16,87.55,257
TXN-02148,Potato Chips 60G,Food & Snacks,2,35.01,2023-09-16,70.02,194
TXN-01099,Juice Drink 250Ml,Food & Snacks,5,17.77,2023-09-16,88.85,459
TXN-04863,Notebook 80 Leaves,School & Office Supplies,5,57.66,2023-09-16,288.3,279
TXN-02768,Vinegar 350Ml,Grocery,4,30.96,2023-09-16,123.84,167
TXN-01305,Instant Noodles (Pack),Grocery,7,14.85,2023-09-17,103.95,122
TXN-06432,Bath Soap,Personal Care,4,46.61,2023-09-17,186.44,16
TXN-03006,Trash Bag (10S),Household Supplies,3,57.7,2023-09-17,173.1,337
TXN-04765,Bottled Water 1.5L,Grocery,8,25.12,2023-09-17,200.96,278
TXN-06377,Cooking Oil 1L,Grocery,3,93.21,2023-09-18,279.63,177
TXN-05692,Potato Chips 60G,Food & Snacks,7,35.06,2023-09-18,245.42,260
TXN-05713,Energy Drink 250Ml,Food & Snacks,8,46.88,2023-09-18,375.04,372
TXN-01906,Sanitary Napkin (8S),Personal Care,5,76.26,2023-09-18,381.3,372
TXN-03473,White Rice 2Kg,Grocery,2,115.71,2023-09-18,231.42,40
TXN-04962,Canned Sardines,Grocery,2,28.9,2023-09-18,57.8,193
TXN-03285,Screen Protector,Electronics,1,101.49,2023-09-18,101.49,212
TXN-04073,Folder (Long),School & Office Supplies,6,18.84,2023-09-18,113.04,211
TXN-05924,Toothpaste 75G,Personal Care,2,62.74,2023-09-19,125.48,99
TXN-06243,Sponge Scrub (2S),Household Supplies,1,35.58,2023-09-19,35.58,171
TXN-01262,Coffee Sachet (10S),Grocery,4,66.73,2023-09-19,266.92,392
TXN-05161,Bread Loaf,Food & Snacks,12,66.85,2023-09-19,802.2,78
TXN-05051,Phone Case,Electronics,3,190.58,2023-09-19,571.74,309
TXN-04921,Biscuit Pack,Food & Snacks,9,25.12,2023-09-20,226.08,346
TXN-01409,Folder (Long),School & Office Supplies,8,17.79,2023-09-20,142.32,346
TXN-01923,Deodorant Roll-On,Personal Care,5,85.11,2023-09-21,425.55,223
TXN-02199,Electric Fan (Desk),Electronics,3,760.3,2023-09-21,2280.9,427
TXN-05079,Facial Wash 50Ml,Personal Care,1,118.99,2023-09-21,118.99,265
TXN-03455,Extension Cord,Electronics,1,336.76,2023-09-21,336.76,136
TXN-03758,Electric Fan (Desk),Electronics,2,775.99,2023-09-22,1551.98,408
TXN-04140,Bluetooth Speaker,Electronics,1,1531.62,2023-09-22,1531.62,248
TXN-01211,Softdrink 1.5L,Food & Snacks,2,63.52,2023-09-23,127.04,309
TXN-03221,Lotion 200Ml,Personal Care,1,147.63,2023-09-23,147.63,111
TXN-03059,Vinegar 350Ml,Grocery,8,30.07,2023-09-23,240.56,124
TXN-05262,Lotion 200Ml,Personal Care,2,145.76,2023-09-23,291.52,426
TXN-04168,Sugar 1Kg,Grocery,10,75.89,2023-09-24,758.9,79
TXN-06112,Vinegar 350Ml,Grocery,5,31.13,2023-09-24,155.65,255
TXN-04008,Sugar 1Kg,Grocery,10,71.27,2023-09-25,712.7,121
TXN-03062,Evaporated Milk,Grocery,2,43.85,2023-09-25,87.7,217
TXN-05483,Sugar 1Kg,Grocery,2,76.95,2023-09-25,153.9,281
TXN-02730,Scotch Tape,School & Office Supplies,2,25.6,2023-09-25,51.2,270
TXN-06021,Laundry Detergent 500G,Household Supplies,2,82.7,2023-09-25,165.4,83
TXN-03741,Led Desk Lamp,Electronics,1,529.45,2023-09-26,529.45,437
TXN-02510,"Bond Paper (Short, 10S)",School & Office Supplies,4,29.19,2023-09-26,116.76,336
TXN-01915,Coffee Sachet (10S),Grocery,9,63.6,2023-09-26,572.4,272
TXN-03977,Coffee Sachet (10S),Grocery,4,66.52,2023-09-26,266.08,234
TXN-02056,Eraser,School & Office Supplies,2,15.52,2023-09-26,31.04,170
TXN-02413,Bread Loaf,Food & Snacks,10,67.39,2023-09-27,673.9,83
TXN-04759,Evaporated Milk,Grocery,5,41.78,2023-09-27,208.9,195
TXN-03123,Alcohol 70% 500Ml,Personal Care,3,96.54,2023-09-27,289.62,338
TXN-03876,Lollipop Candy,Food & Snacks,12,5.0,2023-09-27,60.0,40
TXN-01414,Bath Soap,Personal Care,2,45.32,2023-09-27,90.64,239
TXN-06460,Sanitary Napkin (8S),Personal Care,1,74.37,2023-09-27,74.37,164
TXN-06335,Chocolate Bar,Food & Snacks,7,31.21,2023-09-28,218.47,303
TXN-04326,Lotion 200Ml,Personal Care,3,154.35,2023-09-28,463.05,49
TXN-04685,Vinegar 350Ml,Grocery,3,29.68,2023-09-28,89.04,267
TXN-03802,Electric Fan (Desk),Electronics,2,791.24,2023-09-28,1582.48,406
TXN-02054,Scotch Tape,School & Office Supplies,5,23.76,2023-09-28,118.8,316
TXN-02271,Sanitary Napkin (8S),Personal Care,5,80.41,2023-09-28,402.05,354
TXN-05626,Floor Mop,Household Supplies,2,251.29,2023-09-28,502.58,163
TXN-04282,Lotion 200Ml,Personal Care,1,144.62,2023-09-28,144.62,55
TXN-05418,Biscuit Pack,Food & Snacks,12,24.96,2023-09-28,299.52,283
TXN-05770,Chocolate Bar,Food & Snacks,4,30.58,2023-09-29,122.32,90
TXN-03737,Lotion 200Ml,Personal Care,1,155.2,2023-09-29,155.2,85
TXN-05240,Highlighter,School & Office Supplies,1,42.94,2023-09-29,42.94,345
TXN-05351,Trash Bag (10S),Household Supplies,3,52.51,2023-09-29,157.53,279
TXN-02545,Eraser,School & Office Supplies,4,14.37,2023-09-30,57.48,137
TXN-05007,Energy Drink 250Ml,Food & Snacks,12,43.74,2023-09-30,524.88,63
TXN-05296,Soy Sauce 350Ml,Grocery,6,33.96,2023-09-30,203.76,482
TXN-06113,Shampoo Sachet,Personal Care,4,8.0,2023-09-30,32.0,294
TXN-04421,Juice Drink 250Ml,Food & Snacks,10,18.89,2023-10-01,188.9,167
TXN-03839,Broom (Walis Tingting),Household Supplies,3,67.72,2023-10-01,203.16,355
TXN-02856,Alcohol 70% 500Ml,Personal Care,5,95.65,2023-10-01,478.25,357
TXN-01025,Sugar 1Kg,Grocery,5,76.26,2023-10-01,381.3,229
TXN-01818,Sanitary Napkin (8S),Personal Care,2,81.53,2023-10-02,163.06,377
TXN-02514,Cotton Balls,Personal Care,3,35.86,2023-10-02,107.58,126
TXN-04749,Toothbrush,Personal Care,1,57.06,2023-10-02,57.06,58
TXN-05229,Coffee Sachet (10S),Grocery,3,63.92,2023-10-02,191.76,40
TXN-01439,Phone Case,Electronics,3,207.13,2023-10-02,621.39,376
TXN-06059,Softdrink 1.5L,Food & Snacks,2,64.61,2023-10-03,129.22,77
TXN-05127,Energy Drink 250Ml,Food & Snacks,5,46.95,2023-10-03,234.75,44
TXN-04625,Wireless Earbuds,Electronics,2,1359.61,2023-10-03,2719.22,235
TXN-06348,Sponge Scrub (2S),Household Supplies,1,33.66,2023-10-03,33.66,167
TXN-01546,Floor Mop,Household Supplies,1,246.3,2023-10-03,246.3,251
TXN-04498,Juice Drink 250Ml,Food & Snacks,2,18.43,2023-10-03,36.86,149
TXN-02197,Shampoo Sachet,Personal Care,4,8.4,2023-10-04,33.6,99
TXN-01885,Cooking Oil 1L,Grocery,5,84.87,2023-10-04,424.35,231
TXN-02884,Extension Cord,Electronics,1,334.34,2023-10-04,334.34,147
TXN-05268,Bottled Water 1.5L,Grocery,4,25.38,2023-10-04,101.52,183
TXN-03281,Eraser,School & Office Supplies,3,15.27,2023-10-04,45.81,102
TXN-05337,Pencil,School & Office Supplies,6,10.22,2023-10-05,61.32,129
TXN-05053,Air Freshener Spray,Household Supplies,2,132.39,2023-10-05,264.78,64
TXN-01248,Fabric Conditioner 500Ml,Household Supplies,3,95.84,2023-10-05,287.52,319
TXN-04681,Ice Cream Cup,Food & Snacks,6,35.04,2023-10-05,210.24,299
TXN-04916,Phone Case,Electronics,3,203.52,2023-10-05,610.56,315
TXN-04815,Sugar 1Kg,Grocery,6,72.08,2023-10-06,432.48,396
TXN-01714,Biscuit Pack,Food & Snacks,6,24.08,2023-10-06,144.48,54
TXN-05831,Cotton Balls,Personal Care,2,36.43,2023-10-06,72.86,358
TXN-01405,Juice Drink 250Ml,Food & Snacks,2,17.26,2023-10-06,34.52,401
TXN-02894,White Rice 2Kg,Grocery,10,118.79,2023-10-06,1187.9,124
TXN-03596,Scotch Tape,School & Office Supplies,1,25.41,2023-10-06,25.41,224
TXN-04499,Bottled Water 1.5L,Grocery,10,24.93,2023-10-07,249.3,319
TXN-05301,Facial Wash 50Ml,Personal Care,5,120.57,2023-10-07,602.85,249
TXN-02358,Ballpen (Black),School & Office Supplies,2,11.63,2023-10-07,23.26,397
TXN-04054,Notebook 80 Leaves,School & Office Supplies,6,55.47,2023-10-07,332.82,317
TXN-03027,Usb Charging Cable,Electronics,2,147.78,2023-10-07,295.56,444
TXN-06089,Stapler,School & Office Supplies,2,191.96,2023-10-07,383.92,26
TXN-04801,Canned Sardines,Grocery,9,28.22,2023-10-08,253.98,21
TXN-01596,Evaporated Milk,Grocery,2,40.85,2023-10-08,81.7,175
TXN-03030,Extension Cord,Electronics,2,341.72,2023-10-08,683.44,142
TXN-02354,Cotton Balls,Personal Care,1,35.59,2023-10-09,35.59,137
TXN-04780,Scotch Tape,School & Office Supplies,8,23.92,2023-10-09,191.36,151
TXN-02156,Sponge Scrub (2S),Household Supplies,4,36.68,2023-10-09,146.72,275
TXN-03618,Alcohol 70% 500Ml,Personal Care,1,91.7,2023-10-09,91.7,320
TXN-05391,Mosquito Coil (10S),Household Supplies,2,55.47,2023-10-09,110.94,402
TXN-06189,Notebook 80 Leaves,School & Office Supplies,2,57.62,2023-10-10,115.24,188
TXN-01986,Screen Protector,Electronics,1,101.3,2023-10-10,101.3,240
TXN-05417,Vinegar 350Ml,Grocery,6,30.02,2023-10-10,180.12,121
TXN-03411,Juice Drink 250Ml,Food & Snacks,8,18.8,2023-10-10,150.4,75
TXN-06349,Ice Cream Cup,Food & Snacks,12,35.49,2023-10-11,425.88,113
TXN-05109,Soy Sauce 350Ml,Grocery,4,33.58,2023-10-11,134.32,30
TXN-04149,Highlighter,School & Office Supplies,7,43.89,2023-10-11,307.23,40
TXN-04927,Sugar 1Kg,Grocery,10,78.5,2023-10-12,785.0,370
TXN-05243,Sanitary Napkin (8S),Personal Care,2,75.15,2023-10-12,150.3,234
TXN-05716,Dishwashing Liquid 500Ml,Household Supplies,2,72.77,2023-10-12,145.54,246
TXN-05451,Broom (Walis Tingting),Household Supplies,1,63.43,2023-10-13,63.43,332
TXN-06003,Coffee Sachet (10S),Grocery,6,63.14,2023-10-13,378.84,90
TXN-06396,Toothbrush,Personal Care,3,54.53,2023-10-13,163.59,234
TXN-05049,Coffee Sachet (10S),Grocery,10,63.22,2023-10-13,632.2,67
TXN-02792,Toothpaste 75G,Personal Care,2,68.21,2023-10-14,136.42,233
TXN-03535,Folder (Long),School & Office Supplies,8,17.82,2023-10-14,142.56,252
TXN-03265,Ice Cream Cup,Food & Snacks,5,36.27,2023-10-14,181.35,121
TXN-04551,Screen Protector,Electronics,3,97.94,2023-10-14,293.82,203
TXN-05839,Staple Wire,School & Office Supplies,5,34.27,2023-10-14,171.35,105
TXN-02571,Vinegar 350Ml,Grocery,2,31.2,2023-10-14,62.4,201
TXN-01382,Sanitary Napkin (8S),Personal Care,2,76.1,2023-10-14,152.2,388
TXN-04803,Softdrink 1.5L,Food & Snacks,12,63.65,2023-10-14,763.8,4
TXN-03481,Peanuts 100G,Food & Snacks,5,27.18,2023-10-14,135.9,321
TXN-04631,Evaporated Milk,Grocery,5,40.74,2023-10-14,203.7,226
TXN-01825,Phone Case,Electronics,2,192.98,2023-10-15,385.96,370
TXN-05174,Potato Chips 60G,Food & Snacks,7,33.6,2023-10-15,235.2,333
TXN-05292,Chocolate Bar,Food & Snacks,10,29.84,2023-10-15,298.4,172
TXN-02925,Sugar 1Kg,Grocery,8,76.43,2023-10-15,611.44,374
TXN-05946,Softdrink 1.5L,Food & Snacks,3,66.31,2023-10-15,198.93,96
TXN-02144,Cooking Oil 1L,Grocery,4,90.26,2023-10-15,361.04,188
TXN-05824,Bluetooth Speaker,Electronics,1,1481.2,2023-10-15,1481.2,223
TXN-02501,Peanuts 100G,Food & Snacks,2,27.94,2023-10-16,55.88,93
TXN-02716,Fabric Conditioner 500Ml,Household Supplies,3,91.41,2023-10-16,274.23,279
TXN-03470,Biscuit Pack,Food & Snacks,11,25.89,2023-10-16,284.79,165
TXN-02228,Bluetooth Speaker,Electronics,2,1490.21,2023-10-16,2980.42,276
TXN-05647,Facial Wash 50Ml,Personal Care,4,115.54,2023-10-17,462.16,239
TXN-06425,Coffee Sachet (10S),Grocery,9,61.86,2023-10-17,556.74,33
TXN-06271,Cotton Balls,Personal Care,2,35.07,2023-10-17,70.14,321
TXN-02280,Usb Charging Cable,Electronics,3,144.18,2023-10-18,432.54,458
TXN-01861,Screen Protector,Electronics,1,94.37,2023-10-18,94.37,248
TXN-04533,Toothbrush,Personal Care,3,54.26,2023-10-19,162.78,73
TXN-05343,Lotion 200Ml,Personal Care,3,142.96,2023-10-19,428.88,407
TXN-01901,Canned Sardines,Grocery,10,28.4,2023-10-19,284.0,226
TXN-03942,Canned Sardines,Grocery,2,27.55,2023-10-19,55.1,148
TXN-04558,Canned Sardines,Grocery,7,28.15,2023-10-20,197.05,46
TXN-04639,Stapler,School & Office Supplies,7,205.38,2023-10-20,1437.66,98
TXN-05553,Candle (6S),Household Supplies,4,45.53,2023-10-20,182.12,338
TXN-01619,Stapler,School & Office Supplies,6,203.89,2023-10-20,1223.34,300
TXN-05381,Instant Noodles (Pack),Grocery,7,15.69,2023-10-21,109.83,314
TXN-02743,Notebook 80 Leaves,School & Office Supplies,4,54.02,2023-10-21,216.08,374
TXN-04575,Digital Alarm Clock,Electronics,2,304.85,2023-10-22,609.7,365
TXN-04052,Biscuit Pack,Food & Snacks,7,24.48,2023-10-22,171.36,56
TXN-01146,Juice Drink 250Ml,Food & Snacks,11,17.69,2023-10-22,194.59,448
TXN-04955,Folder (Long),School & Office Supplies,5,18.14,2023-10-22,90.7,134
TXN-04214,Deodorant Roll-On,Personal Care,1,92.26,2023-10-22,92.26,127
TXN-04201,Instant Noodles (Pack),Grocery,9,15.14,2023-10-22,136.26,134
TXN-04130,Biscuit Pack,Food & Snacks,10,24.36,2023-10-22,243.6,36
TXN-03870,White Rice 2Kg,Grocery,3,116.04,2023-10-23,348.12,433
TXN-04579,Soy Sauce 350Ml,Grocery,9,34.03,2023-10-23,306.27,153
TXN-03166,Lotion 200Ml,Personal Care,1,156.22,2023-10-23,156.22,112
TXN-01975,Potato Chips 60G,Food & Snacks,10,33.61,2023-10-23,336.1,218
TXN-01169,Notebook 80 Leaves,School & Office Supplies,1,52.36,2023-10-23,52.36,456
TXN-02355,Bluetooth Speaker,Electronics,2,1480.84,2023-10-24,2961.68,272
TXN-03219,Staple Wire,School & Office Supplies,4,35.57,2023-10-24,142.28,244
TXN-03070,Dishwashing Liquid 500Ml,Household Supplies,1,76.1,2023-10-24,76.1,305
TXN-04435,Floor Mop,Household Supplies,3,256.46,2023-10-24,769.38,196
TXN-05745,Folder (Long),School & Office Supplies,1,18.36,2023-10-24,18.36,91
TXN-02063,Toothpaste 75G,Personal Care,1,65.87,2023-10-24,65.87,274
TXN-01703,Soy Sauce 350Ml,Grocery,8,35.6,2023-10-24,284.8,216
TXN-02082,Bottled Water 1.5L,Grocery,7,26.19,2023-10-24,183.33,217
TXN-05431,Ballpen (Black),School & Office Supplies,8,11.88,2023-10-24,95.04,213
TXN-06359,White Rice 2Kg,Grocery,6,121.86,2023-10-24,731.16,0
TXN-02666,Digital Alarm Clock,Electronics,2,295.5,2023-10-25,591.0,407
TXN-05506,Vinegar 350Ml,Grocery,2,30.47,2023-10-25,60.94,84
TXN-05703,Energy Drink 250Ml,Food & Snacks,8,44.54,2023-10-26,356.32,380
TXN-05572,Bath Soap,Personal Care,2,46.01,2023-10-26,92.02,71
TXN-02751,Soy Sauce 350Ml,Grocery,8,35.41,2023-10-26,283.28,104
TXN-04831,Highlighter,School & Office Supplies,6,46.55,2023-10-26,279.3,11
TXN-02046,Chocolate Bar,Food & Snacks,6,28.68,2023-10-27,172.08,288
TXN-01407,Evaporated Milk,Grocery,2,43.97,2023-10-28,87.94,234
TXN-01788,Sugar 1Kg,Grocery,4,74.4,2023-10-28,297.6,115
TXN-01078,White Rice 2Kg,Grocery,5,122.53,2023-10-28,612.65,419
TXN-04299,Screen Protector,Electronics,1,100.04,2023-10-28,100.04,209
TXN-02015,Candle (6S),Household Supplies,1,46.64,2023-10-28,46.64,412
TXN-05866,White Rice 2Kg,Grocery,2,116.88,2023-10-28,233.76,121
TXN-01141,Lotion 200Ml,Personal Care,4,153.56,2023-10-28,614.24,232
TXN-05434,Bottled Water 1.5L,Grocery,8,24.75,2023-10-29,198.0,158
TXN-05548,Dishwashing Liquid 500Ml,Household Supplies,3,76.28,2023-10-29,228.84,252
TXN-05763,Cotton Balls,Personal Care,5,33.54,2023-10-30,167.7,363
TXN-03387,Biscuit Pack,Food & Snacks,6,25.45,2023-10-30,152.7,216
TXN-03616,Instant Noodles (Pack),Grocery,5,15.06,2023-10-31,75.3,250
TXN-05173,Peanuts 100G,Food & Snacks,7,28.38,2023-10-31,198.66,130
TXN-04949,Lotion 200Ml,Personal Care,1,155.53,2023-10-31,155.53,12
TXN-05046,Lotion 200Ml,Personal Care,4,147.37,2023-10-31,589.48,0
TXN-03960,Highlighter,School & Office Supplies,1,43.27,2023-10-31,43.27,50
TXN-02999,Broom (Walis Tingting),Household Supplies,4,66.28,2023-10-31,265.12,369
TXN-01985,Laundry Detergent 500G,Household Supplies,3,83.86,2023-11-01,251.58,169
TXN-01590,"Bond Paper (Short, 10S)",School & Office Supplies,3,30.82,2023-11-02,92.46,411
TXN-04341,Wireless Earbuds,Electronics,3,1252.98,2023-11-02,3758.94,240
TXN-01205,Notebook 80 Leaves,School & Office Supplies,7,57.15,2023-11-02,400.05,449
TXN-03795,Potato Chips 60G,Food & Snacks,3,36.07,2023-11-02,108.21,23
TXN-03824,Biscuit Pack,Food & Snacks,6,25.64,2023-11-02,153.84,113
TXN-01634,Toothpaste 75G,Personal Care,4,66.15,2023-11-02,264.6,296
TXN-05474,"Bond Paper (Short, 10S)",School & Office Supplies,3,30.5,2023-11-03,91.5,170
TXN-03444,Extension Cord,Electronics,1,356.51,2023-11-03,356.51,137
TXN-05355,Toothbrush,Personal Care,2,56.72,2023-11-03,113.44,24
TXN-04834,Laundry Detergent 500G,Household Supplies,3,85.77,2023-11-03,257.31,122
TXN-05319,Ballpen (Black),School & Office Supplies,3,11.54,2023-11-03,34.62,230
TXN-03950,Ice Cream Cup,Food & Snacks,14,35.27,2023-11-03,493.78,17
TXN-06164,Floor Mop,Household Supplies,1,253.91,2023-11-03,253.91,147
TXN-01701,Bath Soap,Personal Care,1,44.87,2023-11-04,44.87,227
TXN-02013,"Bond Paper (Short, 10S)",School & Office Supplies,6,28.53,2023-11-04,171.18,375
TXN-01738,Energy Drink 250Ml,Food & Snacks,2,43.43,2023-11-05,86.86,181
TXN-04321,Bottled Water 1.5L,Grocery,10,24.04,2023-11-05,240.4,339
TXN-01650,Potato Chips 60G,Food & Snacks,14,33.63,2023-11-05,470.82,280
TXN-04091,"Bond Paper (Short, 10S)",School & Office Supplies,9,29.98,2023-11-06,269.82,229
TXN-01199,Evaporated Milk,Grocery,3,42.88,2023-11-06,128.64,265
TXN-06041,Sanitary Napkin (8S),Personal Care,3,74.21,2023-11-06,222.63,193
TXN-03094,Bath Soap,Personal Care,2,43.52,2023-11-06,87.04,177
TXN-01781,Evaporated Milk,Grocery,10,43.26,2023-11-07,432.6,151
TXN-02837,Toothbrush,Personal Care,1,57.69,2023-11-07,57.69,177
TXN-06313,Stapler,School & Office Supplies,1,204.63,2023-11-07,204.63,19
TXN-06495,Juice Drink 250Ml,Food & Snacks,13,17.85,2023-11-07,232.05,137
TXN-04283,Instant Noodles (Pack),Grocery,4,14.76,2023-11-08,59.04,102
TXN-03965,Cooking Oil 1L,Grocery,10,92.97,2023-11-08,929.7,201
TXN-03989,Vinegar 350Ml,Grocery,3,29.01,2023-11-08,87.03,44
TXN-04233,Toothbrush,Personal Care,2,56.93,2023-11-08,113.86,91
TXN-03986,White Rice 2Kg,Grocery,6,118.98,2023-11-09,713.88,409
TXN-02784,Staple Wire,School & Office Supplies,2,34.45,2023-11-09,68.9,263
TXN-03926,Electric Fan (Desk),Electronics,1,790.77,2023-11-10,790.77,405
TXN-02610,Dishwashing Liquid 500Ml,Household Supplies,2,74.23,2023-11-10,148.46,312
TXN-01267,Stapler,School & Office Supplies,9,192.58,2023-11-10,1733.22,320
TXN-06291,Pencil,School & Office Supplies,9,9.94,2023-11-10,89.46,79
TXN-05289,Notebook 80 Leaves,School & Office Supplies,9,54.57,2023-11-10,491.13,257
TXN-03361,Soy Sauce 350Ml,Grocery,7,35.75,2023-11-10,250.25,317
TXN-04175,Bottled Water 1.5L,Grocery,7,24.89,2023-11-10,174.23,353
TXN-01256,Soy Sauce 350Ml,Grocery,3,34.72,2023-11-10,104.16,298
TXN-03021,Extension Cord,Electronics,2,338.5,2023-11-11,677.0,144
TXN-05223,Cooking Oil 1L,Grocery,6,88.67,2023-11-12,532.02,54
TXN-05565,Cotton Balls,Personal Care,1,35.93,2023-11-12,35.93,12
TXN-06483,Peanuts 100G,Food & Snacks,14,28.19,2023-11-13,394.66,272
TXN-05862,Lotion 200Ml,Personal Care,6,142.84,2023-11-13,857.04,378
TXN-03268,Lollipop Candy,Food & Snacks,3,5.0,2023-11-13,15.0,132
TXN-06122,Peanuts 100G,Food & Snacks,13,28.19,2023-11-13,366.47,44
TXN-04061,Bottled Water 1.5L,Grocery,8,26.09,2023-11-13,208.72,375
TXN-04987,Soy Sauce 350Ml,Grocery,4,35.33,2023-11-13,141.32,45
TXN-01513,White Rice 2Kg,Grocery,9,125.22,2023-11-13,1126.98,355
TXN-05444,Notebook 80 Leaves,School & Office Supplies,9,53.08,2023-11-14,477.72,222
TXN-02077,Notebook 80 Leaves,School & Office Supplies,3,57.1,2023-11-14,171.3,422
TXN-01133,Screen Protector,Electronics,1,96.7,2023-11-15,96.7,263
TXN-03878,Digital Alarm Clock,Electronics,2,285.06,2023-11-15,570.12,384
TXN-05153,Wireless Earbuds,Electronics,1,1350.42,2023-11-16,1350.42,229
TXN-02657,Coffee Sachet (10S),Grocery,4,67.21,2023-11-16,268.84,140
TXN-02836,Instant Noodles (Pack),Grocery,6,15.19,2023-11-17,91.14,355
TXN-04154,Lotion 200Ml,Personal Care,6,146.41,2023-11-17,878.46,68
TXN-06339,Biscuit Pack,Food & Snacks,3,23.81,2023-11-18,71.43,146
TXN-04610,Fabric Conditioner 500Ml,Household Supplies,3,95.12,2023-11-18,285.36,243
TXN-01651,Sugar 1Kg,Grocery,3,71.71,2023-11-18,215.13,146
TXN-04083,Trash Bag (10S),Household Supplies,1,54.96,2023-11-18,54.96,304
TXN-04077,"Bond Paper (Short, 10S)",School & Office Supplies,2,29.35,2023-11-18,58.7,238
TXN-03524,Highlighter,School & Office Supplies,8,44.04,2023-11-19,352.32,83
TXN-06456,Sanitary Napkin (8S),Personal Care,3,81.62,2023-11-19,244.86,165
TXN-04648,Bath Soap,Personal Care,4,46.08,2023-11-19,184.32,91
TXN-05979,Chocolate Bar,Food & Snacks,14,31.23,2023-11-19,437.22,24
TXN-03521,Sugar 1Kg,Grocery,4,77.49,2023-11-19,309.96,235
TXN-03107,Scotch Tape,School & Office Supplies,2,26.06,2023-11-19,52.12,245
TXN-06489,Ice Cream Cup,Food & Snacks,8,33.32,2023-11-19,266.56,72
TXN-03570,Juice Drink 250Ml,Food & Snacks,12,18.51,2023-11-20,222.12,55
TXN-03077,Energy Drink 250Ml,Food & Snacks,13,44.62,2023-11-20,580.06,316
TXN-06032,White Rice 2Kg,Grocery,6,122.36,2023-11-20,734.16,88
TXN-03793,Instant Noodles (Pack),Grocery,9,14.73,2023-11-20,132.57,205
TXN-04696,Fabric Conditioner 500Ml,Household Supplies,3,96.96,2023-11-20,290.88,238
TXN-03379,Soy Sauce 350Ml,Grocery,7,34.07,2023-11-20,238.49,306
TXN-02049,Staple Wire,School & Office Supplies,8,34.21,2023-11-21,273.68,296
TXN-02857,Canned Sardines,Grocery,12,28.52,2023-11-21,342.24,61
TXN-03258,Lotion 200Ml,Personal Care,3,148.12,2023-11-21,444.36,108
TXN-04549,Toothbrush,Personal Care,2,53.67,2023-11-21,107.34,71
TXN-05263,Lotion 200Ml,Personal Care,6,154.0,2023-11-21,924.0,420
TXN-05918,Sponge Scrub (2S),Household Supplies,4,36.64,2023-11-21,146.56,179
TXN-01666,Scotch Tape,School & Office Supplies,7,24.07,2023-11-22,168.49,334
TXN-05248,Juice Drink 250Ml,Food & Snacks,8,17.41,2023-11-22,139.28,76
TXN-04075,Eraser,School & Office Supplies,7,14.92,2023-11-23,104.44,57
TXN-02112,Shampoo Sachet,Personal Care,3,8.26,2023-11-23,24.78,104
TXN-02630,Energy Drink 250Ml,Food & Snacks,14,43.15,2023-11-23,604.1,19
TXN-04716,Biscuit Pack,Food & Snacks,6,24.58,2023-11-23,147.48,382
TXN-05155,Toothbrush,Personal Care,3,57.64,2023-11-23,172.92,35
TXN-04584,Folder (Long),School & Office Supplies,9,17.35,2023-11-23,156.15,150
TXN-02130,Laundry Detergent 500G,Household Supplies,2,85.01,2023-11-23,170.02,167
TXN-01949,Screen Protector,Electronics,1,102.13,2023-11-24,102.13,241
TXN-02885,Phone Case,Electronics,2,193.86,2023-11-24,387.72,350
TXN-04274,Notebook 80 Leaves,School & Office Supplies,3,53.15,2023-11-24,159.45,306
TXN-01241,Juice Drink 250Ml,Food & Snacks,13,17.78,2023-11-24,231.14,416
TXN-01507,Lotion 200Ml,Personal Care,2,143.83,2023-11-24,287.66,195
TXN-05369,Biscuit Pack,Food & Snacks,13,24.48,2023-11-24,318.24,296
TXN-04477,Soy Sauce 350Ml,Grocery,12,35.72,2023-11-24,428.64,162
TXN-02913,Evaporated Milk,Grocery,9,40.26,2023-11-25,362.34,244
TXN-05894,Evaporated Milk,Grocery,2,44.03,2023-11-25,88.06,405
TXN-01039,Sanitary Napkin (8S),Personal Care,1,80.86,2023-11-25,80.86,409
TXN-02584,White Rice 2Kg,Grocery,7,123.52,2023-11-25,864.64,180
TXN-03397,Wireless Earbuds,Electronics,1,1303.62,2023-11-25,1303.62,253
TXN-02861,Potato Chips 60G,Food & Snacks,6,34.75,2023-11-25,208.5,118
TXN-01347,Sanitary Napkin (8S),Personal Care,6,76.42,2023-11-25,458.52,393
TXN-02628,Ice Cream Cup,Food & Snacks,6,34.71,2023-11-25,208.26,228
TXN-02903,Phone Case,Electronics,3,196.78,2023-11-25,590.34,347
TXN-06228,Softdrink 1.5L,Food & Snacks,7,63.01,2023-11-26,441.07,58
TXN-03020,Sugar 1Kg,Grocery,12,75.89,2023-11-26,910.68,349
TXN-03310,Candle (6S),Household Supplies,4,45.3,2023-11-26,181.2,386
TXN-03321,Energy Drink 250Ml,Food & Snacks,8,43.24,2023-11-26,345.92,297
TXN-02648,Alcohol 70% 500Ml,Personal Care,6,97.79,2023-11-26,586.74,370
TXN-02278,Energy Drink 250Ml,Food & Snacks,6,44.2,2023-11-27,265.2,75
TXN-03988,Mosquito Coil (10S),Household Supplies,1,53.1,2023-11-27,53.1,438
TXN-05774,Vinegar 350Ml,Grocery,7,28.64,2023-11-27,200.48,4
TXN-04390,Canned Sardines,Grocery,7,27.08,2023-11-27,189.56,86
TXN-03241,White Rice 2Kg,Grocery,8,115.25,2023-11-27,922.0,65
TXN-03135,Soy Sauce 350Ml,Grocery,9,34.46,2023-11-28,310.14,10
TXN-02698,Air Freshener Spray,Household Supplies,4,134.47,2023-11-28,537.88,126
TXN-04337,"Bond Paper (Short, 10S)",School & Office Supplies,6,30.26,2023-11-28,181.56,223
TXN-02835,Canned Sardines,Grocery,3,28.74,2023-11-28,86.22,80
TXN-02812,Softdrink 1.5L,Food & Snacks,13,66.59,2023-11-28,865.67,77
TXN-03918,Bottled Water 1.5L,Grocery,10,25.41,2023-11-29,254.1,385
TXN-03836,Dishwashing Liquid 500Ml,Household Supplies,3,73.54,2023-11-29,220.62,285
TXN-01804,Cooking Oil 1L,Grocery,12,87.32,2023-11-29,1047.84,245
TXN-02134,Staple Wire,School & Office Supplies,6,34.37,2023-11-29,206.22,284
TXN-01473,Vinegar 350Ml,Grocery,10,28.85,2023-11-30,288.5,378
TXN-04762,"Bond Paper (Short, 10S)",School & Office Supplies,3,30.44,2023-11-30,91.32,206
TXN-06321,White Rice 2Kg,Grocery,4,121.22,2023-11-30,484.88,16
TXN-05826,Electric Fan (Desk),Electronics,1,787.1,2023-11-30,787.1,375
TXN-02508,Pencil,School & Office Supplies,8,9.57,2023-11-30,76.56,263
TXN-05524,Evaporated Milk,Grocery,6,43.54,2023-11-30,261.24,67
TXN-05347,Toothbrush,Personal Care,3,54.51,2023-11-30,163.53,26
TXN-04324,Evaporated Milk,Grocery,8,41.28,2023-11-30,330.24,247
TXN-03544,Power Bank 10000Mah,Electronics,2,899.49,2023-12-01,1798.98,192
TXN-01806,Vinegar 350Ml,Grocery,10,30.16,2023-12-01,301.6,346
TXN-03707,Juice Drink 250Ml,Food & Snacks,10,18.75,2023-12-01,187.5,36
TXN-06170,Notebook 80 Leaves,School & Office Supplies,9,55.89,2023-12-01,503.01,190
TXN-05845,Chocolate Bar,Food & Snacks,5,29.33,2023-12-01,146.65,79
TXN-02193,Folder (Long),School & Office Supplies,9,17.53,2023-12-01,157.77,315
TXN-04621,Chocolate Bar,Food & Snacks,4,30.71,2023-12-01,122.84,255
TXN-03395,Softdrink 1.5L,Food & Snacks,2,65.5,2023-12-01,131.0,179
TXN-04724,Laundry Detergent 500G,Household Supplies,1,84.3,2023-12-02,84.3,125
TXN-03980,Staple Wire,School & Office Supplies,5,35.03,2023-12-02,175.15,200
TXN-01069,Sanitary Napkin (8S),Personal Care,2,80.19,2023-12-02,160.38,407
TXN-01479,Soy Sauce 350Ml,Grocery,2,34.34,2023-12-02,68.68,237
TXN-06182,Highlighter,School & Office Supplies,2,45.01,2023-12-02,90.02,298
TXN-03115,Electric Fan (Desk),Electronics,4,838.7,2023-12-03,3354.8,418
TXN-03617,Juice Drink 250Ml,Food & Snacks,9,17.92,2023-12-03,161.28,46
TXN-04270,Ballpen (Black),School & Office Supplies,1,11.6,2023-12-03,11.6,296
TXN-02968,Toothbrush,Personal Care,6,56.37,2023-12-03,338.22,165
TXN-04453,Energy Drink 250Ml,Food & Snacks,6,45.83,2023-12-04,274.98,159
TXN-04473,Evaporated Milk,Grocery,2,40.47,2023-12-04,80.94,238
TXN-02758,Usb Charging Cable,Electronics,4,144.13,2023-12-04,576.52,448
TXN-06237,Screen Protector,Electronics,2,99.34,2023-12-04,198.68,185
TXN-05746,Vinegar 350Ml,Grocery,13,29.01,2023-12-04,377.13,19
TXN-02087,Alcohol 70% 500Ml,Personal Care,5,93.65,2023-12-04,468.25,391
TXN-03832,"Bond Paper (Short, 10S)",School & Office Supplies,2,31.06,2023-12-04,62.12,247
TXN-04296,Digital Alarm Clock,Electronics,4,299.86,2023-12-04,1199.44,372
TXN-04229,Bath Soap,Personal Care,6,46.32,2023-12-05,277.92,111
TXN-02846,Fabric Conditioner 500Ml,Household Supplies,2,98.61,2023-12-05,197.22,270
TXN-01307,Instant Noodles (Pack),Grocery,9,14.45,2023-12-05,130.05,113
TXN-02649,Toothpaste 75G,Personal Care,4,63.57,2023-12-05,254.28,242
TXN-04726,Deodorant Roll-On,Personal Care,4,89.8,2023-12-05,359.2,98
TXN-01203,Potato Chips 60G,Food & Snacks,5,35.91,2023-12-05,179.55,358
TXN-01155,Eraser,School & Office Supplies,2,14.99,2023-12-06,29.98,225
TXN-01592,Sponge Scrub (2S),Household Supplies,4,34.97,2023-12-06,139.88,288
TXN-05964,Bluetooth Speaker,Electronics,2,1490.08,2023-12-06,2980.16,221
TXN-06457,Highlighter,School & Office Supplies,6,45.74,2023-12-06,274.44,273
TXN-02906,Sponge Scrub (2S),Household Supplies,1,33.96,2023-12-06,33.96,249
TXN-02299,Cooking Oil 1L,Grocery,2,86.69,2023-12-06,173.38,137
TXN-02938,Bread Loaf,Food & Snacks,4,61.96,2023-12-06,247.84,25
TXN-04816,Toothbrush,Personal Care,2,55.72,2023-12-06,111.44,53
TXN-01549,Sanitary Napkin (8S),Personal Care,1,81.06,2023-12-06,81.06,386
TXN-04426,Cooking Oil 1L,Grocery,6,89.39,2023-12-06,536.34,144
TXN-03885,Juice Drink 250Ml,Food & Snacks,10,17.36,2023-12-06,173.6,255
TXN-06143,Bluetooth Speaker,Electronics,2,1467.69,2023-12-07,2935.38,216
TXN-03866,Juice Drink 250Ml,Food & Snacks,16,18.37,2023-12-07,293.92,265
TXN-05424,Evaporated Milk,Grocery,12,42.93,2023-12-07,515.16,100
TXN-05239,Sugar 1Kg,Grocery,2,75.48,2023-12-07,150.96,327
TXN-02377,Biscuit Pack,Food & Snacks,10,26.05,2023-12-07,260.5,382
TXN-03841,Juice Drink 250Ml,Food & Snacks,10,17.75,2023-12-08,177.5,293
TXN-06042,Highlighter,School & Office Supplies,10,45.86,2023-12-08,458.6,304
TXN-06471,Canned Sardines,Grocery,13,28.86,2023-12-08,375.18,285
TXN-01559,Highlighter,School & Office Supplies,5,42.86,2023-12-08,214.3,174
TXN-02198,Electric Fan (Desk),Electronics,2,790.05,2023-12-08,1580.1,430
TXN-06380,Bread Loaf,Food & Snacks,2,66.29,2023-12-08,132.58,343
TXN-05314,Instant Noodles (Pack),Grocery,13,14.71,2023-12-09,191.23,337
TXN-02910,Peanuts 100G,Food & Snacks,10,27.96,2023-12-09,279.6,38
TXN-05163,Fabric Conditioner 500Ml,Household Supplies,5,99.42,2023-12-09,497.1,225
TXN-04714,Extension Cord,Electronics,2,336.25,2023-12-09,672.5,124
TXN-05226,Vinegar 350Ml,Grocery,5,31.0,2023-12-10,155.0,170
TXN-06290,Sanitary Napkin (8S),Personal Care,5,81.85,2023-12-10,409.25,170
TXN-02051,Shampoo Sachet,Personal Care,5,8.03,2023-12-10,40.15,109
TXN-03712,Vinegar 350Ml,Grocery,10,31.25,2023-12-10,312.5,74
TXN-06389,Potato Chips 60G,Food & Snacks,12,36.75,2023-12-10,441.0,148
TXN-04686,Highlighter,School & Office Supplies,6,43.01,2023-12-11,258.06,24
TXN-06499,Notebook 80 Leaves,School & Office Supplies,2,53.77,2023-12-11,107.54,181
TXN-01710,Canned Sardines,Grocery,4,27.68,2023-12-11,110.72,259
TXN-03431,Dishwashing Liquid 500Ml,Household Supplies,5,77.16,2023-12-11,385.8,295
TXN-05377,Air Freshener Spray,Household Supplies,5,131.24,2023-12-12,656.2,46
TXN-03313,Biscuit Pack,Food & Snacks,2,25.85,2023-12-12,51.7,224
TXN-05074,Folder (Long),School & Office Supplies,4,18.65,2023-12-12,74.6,129
TXN-03351,Juice Drink 250Ml,Food & Snacks,16,17.37,2023-12-12,277.92,83
TXN-05325,Instant Noodles (Pack),Grocery,6,14.35,2023-12-13,86.1,321
TXN-03080,Vinegar 350Ml,Grocery,4,29.4,2023-12-13,117.6,120
TXN-01690,Phone Case,Electronics,1,208.11,2023-12-13,208.11,374
TXN-04163,White Rice 2Kg,Grocery,12,117.33,2023-12-13,1407.96,370
TXN-06105,Canned Sardines,Grocery,4,27.8,2023-12-13,111.2,59
TXN-01263,Eraser,School & Office Supplies,6,15.6,2023-12-14,93.6,211
TXN-04769,Sugar 1Kg,Grocery,6,71.3,2023-12-14,427.8,402
TXN-05359,Lotion 200Ml,Personal Care,2,142.92,2023-12-14,285.84,405
TXN-05354,Mosquito Coil (10S),Household Supplies,1,56.44,2023-12-14,56.44,404
TXN-01593,Laundry Detergent 500G,Household Supplies,1,85.01,2023-12-14,85.01,178
TXN-05236,Toothpaste 75G,Personal Care,5,64.79,2023-12-14,323.95,138
TXN-05509,Cotton Balls,Personal Care,6,35.3,2023-12-14,211.8,19
TXN-01724,Toothbrush,Personal Care,2,53.43,2023-12-15,106.86,228
TXN-02665,Lotion 200Ml,Personal Care,1,149.24,2023-12-15,149.24,136
TXN-02721,Juice Drink 250Ml,Food & Snacks,6,18.63,2023-12-15,111.78,202
TXN-03332,Sugar 1Kg,Grocery,10,76.85,2023-12-15,768.5,271
TXN-01315,Shampoo Sachet,Personal Care,4,7.66,2023-12-15,30.64,137
TXN-04059,Extension Cord,Electronics,2,339.1,2023-12-16,678.2,131
TXN-05447,Deodorant Roll-On,Personal Care,4,85.42,2023-12-16,341.68,55
TXN-06202,Cooking Oil 1L,Grocery,10,90.27,2023-12-16,902.7,209
TXN-02021,Potato Chips 60G,Food & Snacks,4,34.09,2023-12-16,136.36,214
TXN-02279,Ice Cream Cup,Food & Snacks,10,36.61,2023-12-17,366.1,263
TXN-04281,Bread Loaf,Food & Snacks,10,68.12,2023-12-17,681.2,173
TXN-02717,"Bond Paper (Short, 10S)",School & Office Supplies,9,30.75,2023-12-17,276.75,322
TXN-04457,Energy Drink 250Ml,Food & Snacks,9,44.07,2023-12-17,396.63,150
TXN-01541,Electric Fan (Desk),Electronics,1,779.3,2023-12-17,779.3,447
TXN-03527,Energy Drink 250Ml,Food & Snacks,13,46.2,2023-12-18,600.6,259
TXN-01508,Staple Wire,School & Office Supplies,8,34.42,2023-12-18,275.36,333
TXN-06461,Softdrink 1.5L,Food & Snacks,6,66.27,2023-12-18,397.62,11
TXN-03464,Dishwashing Liquid 500Ml,Household Supplies,1,78.58,2023-12-18,78.58,294
TXN-02711,White Rice 2Kg,Grocery,9,117.01,2023-12-18,1053.09,147
TXN-03696,Vinegar 350Ml,Grocery,6,31.14,2023-12-18,186.84,84
TXN-03993,Shampoo Sachet,Personal Care,1,7.69,2023-12-18,7.69,48
TXN-01453,Mosquito Coil (10S),Household Supplies,5,53.76,2023-12-18,268.8,483
TXN-01722,Cotton Balls,Personal Care,1,35.9,2023-12-19,35.9,163
TXN-06074,Sugar 1Kg,Grocery,4,77.87,2023-12-19,311.48,176
TXN-02577,Bread Loaf,Food & Snacks,4,63.03,2023-12-20,252.12,69
TXN-03789,Dishwashing Liquid 500Ml,Household Supplies,2,71.77,2023-12-20,143.54,288
TXN-06292,Bath Soap,Personal Care,5,44.51,2023-12-20,222.55,30
TXN-03783,Peanuts 100G,Food & Snacks,12,28.62,2023-12-20,343.44,272
TXN-03064,Cooking Oil 1L,Grocery,8,85.36,2023-12-21,682.88,37
TXN-01049,Candle (6S),Household Supplies,5,44.14,2023-12-21,220.7,442
TXN-01176,Ballpen (Black),School & Office Supplies,1,12.46,2023-12-21,12.46,457
TXN-03188,Canned Sardines,Grocery,2,29.55,2023-12-21,59.1,22
TXN-03943,Chocolate Bar,Food & Snacks,13,29.64,2023-12-21,385.32,48
TXN-02448,Coffee Sachet (10S),Grocery,2,64.47,2023-12-21,128.94,182
TXN-01707,Toothpaste 75G,Personal Care,4,63.92,2023-12-21,255.68,288
TXN-04496,Lotion 200Ml,Personal Care,1,153.62,2023-12-22,153.62,39
TXN-06279,Sanitary Napkin (8S),Personal Care,5,79.34,2023-12-22,396.7,175
TXN-03399,Coffee Sachet (10S),Grocery,5,63.92,2023-12-22,319.6,325
TXN-03427,Notebook 80 Leaves,School & Office Supplies,1,56.23,2023-12-22,56.23,353
TXN-02704,Instant Noodles (Pack),Grocery,12,14.52,2023-12-22,174.24,369
TXN-03251,Bread Loaf,Food & Snacks,5,67.36,2023-12-23,336.8,325
TXN-03592,Eraser,School & Office Supplies,6,14.68,2023-12-23,88.08,88
TXN-06238,Cooking Oil 1L,Grocery,12,86.67,2023-12-23,1040.04,197
TXN-05001,Screen Protector,Electronics,1,97.63,2023-12-23,97.63,197
TXN-06260,Deodorant Roll-On,Personal Care,4,92.7,2023-12-24,370.8,27
TXN-02217,Evaporated Milk,Grocery,6,40.55,2023-12-24,243.3,82
TXN-02224,White Rice 2Kg,Grocery,10,121.58,2023-12-24,1215.8,225
TXN-06094,Digital Alarm Clock,Electronics,1,301.48,2023-12-24,301.48,339
TXN-04638,Cooking Oil 1L,Grocery,10,87.67,2023-12-24,876.7,112
TXN-01692,Lollipop Candy,Food & Snacks,10,4.82,2023-12-24,48.2,350
TXN-04119,White Rice 2Kg,Grocery,8,116.18,2023-12-24,929.44,394
TXN-03608,Power Bank 10000Mah,Electronics,1,900.54,2023-12-24,900.54,191
TXN-01646,Lollipop Candy,Food & Snacks,12,4.92,2023-12-25,59.04,360
TXN-06345,Biscuit Pack,Food & Snacks,4,24.99,2023-12-25,99.96,142
TXN-02001,Screen Protector,Electronics,1,96.98,2023-12-26,96.98,237
TXN-02386,Sanitary Napkin (8S),Personal Care,6,75.0,2023-12-26,450.0,346
TXN-03645,Ballpen (Black),School & Office Supplies,6,11.98,2023-12-26,71.88,345
TXN-05042,Bath Soap,Personal Care,4,45.91,2023-12-27,183.64,86
TXN-02673,Soy Sauce 350Ml,Grocery,12,36.51,2023-12-27,438.12,112
TXN-04866,Electric Fan (Desk),Electronics,2,832.11,2023-12-28,1664.22,394
TXN-06209,Energy Drink 250Ml,Food & Snacks,13,45.97,2023-12-28,597.61,291
TXN-05749,Toothpaste 75G,Personal Care,6,64.34,2023-12-28,386.04,102
TXN-02428,Bottled Water 1.5L,Grocery,4,24.03,2023-12-28,96.12,196
TXN-02151,Sanitary Napkin (8S),Personal Care,1,77.63,2023-12-29,77.63,360
TXN-01240,Electric Fan (Desk),Electronics,2,772.54,2023-12-29,1545.08,452
TXN-02800,Power Bank 10000Mah,Electronics,2,855.82,2023-12-29,1711.64,209
TXN-05886,Bread Loaf,Food & Snacks,2,62.85,2023-12-29,125.7,421
TXN-02973,Deodorant Roll-On,Personal Care,1,91.92,2023-12-29,91.92,169
TXN-04957,Bottled Water 1.5L,Grocery,10,25.25,2023-12-30,252.5,218
TXN-02480,Bath Soap,Personal Care,1,47.01,2023-12-30,47.01,203
TXN-02707,Facial Wash 50Ml,Personal Care,1,115.01,2023-12-30,115.01,384
TXN-05013,Toothpaste 75G,Personal Care,5,61.94,2023-12-31,309.7,148
TXN-06068,Canned Sardines,Grocery,2,28.25,2023-12-31,56.5,63
TXN-01420,Biscuit Pack,Food & Snacks,13,25.31,2023-12-31,329.03,100
TXN-02276,Coffee Sachet (10S),Grocery,4,62.32,2023-12-31,249.28,216
TXN-05169,Bread Loaf,Food & Snacks,12,64.09,2023-12-31,769.08,66
TXN-03580,White Rice 2Kg,Grocery,6,118.98,2023-12-31,713.88,27
TXN-04540,Canned Sardines,Grocery,2,28.68,2024-01-01,57.36,56
TXN-01624,Fabric Conditioner 500Ml,Household Supplies,2,91.0,2024-01-01,182.0,314
TXN-04373,Toothbrush,Personal Care,3,56.77,2024-01-01,170.31,83
TXN-01992,Screen Protector,Electronics,2,98.59,2024-01-01,197.18,238
TXN-04778,Extension Cord,Electronics,1,333.64,2024-01-01,333.64,123
TXN-01355,Digital Alarm Clock,Electronics,2,287.58,2024-01-01,575.16,415
TXN-02516,Mosquito Coil (10S),Household Supplies,2,54.99,2024-01-01,109.98,468
TXN-03095,Sanitary Napkin (8S),Personal Care,1,80.14,2024-01-02,80.14,322
TXN-02469,Mosquito Coil (10S),Household Supplies,1,57.65,2024-01-02,57.65,470
TXN-04025,Juice Drink 250Ml,Food & Snacks,5,18.17,2024-01-02,90.85,234
TXN-02045,Energy Drink 250Ml,Food & Snacks,5,43.16,2024-01-02,215.8,121
TXN-04287,Lotion 200Ml,Personal Care,1,149.55,2024-01-02,149.55,54
TXN-01693,Highlighter,School & Office Supplies,1,42.97,2024-01-03,42.97,157
TXN-06166,Lollipop Candy,Food & Snacks,4,5.23,2024-01-03,20.92,249
TXN-04361,Chocolate Bar,Food & Snacks,1,30.62,2024-01-03,30.62,290
TXN-02853,Energy Drink 250Ml,Food & Snacks,9,46.85,2024-01-03,421.65,364
TXN-03458,Sponge Scrub (2S),Household Supplies,1,36.74,2024-01-04,36.74,240
TXN-06498,Lollipop Candy,Food & Snacks,5,4.88,2024-01-04,24.4,212
TXN-04015,Sanitary Napkin (8S),Personal Care,3,79.21,2024-01-04,237.63,286
TXN-05619,Coffee Sachet (10S),Grocery,6,66.11,2024-01-04,396.66,196
TXN-06177,Screen Protector,Electronics,1,98.81,2024-01-05,98.81,188
TXN-03497,Sponge Scrub (2S),Household Supplies,2,35.53,2024-01-05,71.06,238
TXN-02277,Toothpaste 75G,Personal Care,3,66.88,2024-01-06,200.64,266
TXN-02142,Sponge Scrub (2S),Household Supplies,1,34.95,2024-01-06,34.95,279
TXN-04988,Bottled Water 1.5L,Grocery,5,24.72,2024-01-06,123.6,209
TXN-02659,Candle (6S),Household Supplies,1,45.79,2024-01-06,45.79,392
TXN-03105,Lollipop Candy,Food & Snacks,9,5.13,2024-01-06,46.17,146
TXN-01846,Usb Charging Cable,Electronics,1,147.59,2024-01-06,147.59,465
TXN-01339,Eraser,School & Office Supplies,1,15.65,2024-01-06,15.65,204
TXN-04202,Digital Alarm Clock,Electronics,1,312.89,2024-01-07,312.89,379
TXN-02949,Evaporated Milk,Grocery,3,42.03,2024-01-07,126.09,241
TXN-06103,Sugar 1Kg,Grocery,7,78.04,2024-01-07,546.28,142
TXN-04444,Floor Mop,Household Supplies,3,246.4,2024-01-07,739.2,190
TXN-05780,Chocolate Bar,Food & Snacks,3,31.47,2024-01-07,94.41,87
TXN-02363,Eraser,School & Office Supplies,2,15.27,2024-01-07,30.54,155
TXN-05648,Pencil,School & Office Supplies,3,9.79,2024-01-08,29.37,114
TXN-01911,Energy Drink 250Ml,Food & Snacks,6,43.57,2024-01-08,261.42,136
TXN-04087,Energy Drink 250Ml,Food & Snacks,6,44.83,2024-01-08,268.98,199
TXN-04257,Vinegar 350Ml,Grocery,8,28.6,2024-01-08,228.8,355
TXN-05652,Lotion 200Ml,Personal Care,4,155.8,2024-01-08,623.2,396
TXN-05207,Deodorant Roll-On,Personal Care,1,88.28,2024-01-08,88.28,64
TXN-01229,Peanuts 100G,Food & Snacks,10,28.98,2024-01-08,289.8,274
TXN-03023,Vinegar 350Ml,Grocery,6,30.97,2024-01-08,185.82,132
TXN-02826,Deodorant Roll-On,Personal Care,4,92.61,2024-01-08,370.44,175
TXN-04446,Vinegar 350Ml,Grocery,5,30.13,2024-01-09,150.65,324
TXN-02760,Cotton Balls,Personal Care,1,34.73,2024-01-09,34.73,113
TXN-04239,Folder (Long),School & Office Supplies,1,18.82,2024-01-09,18.82,201
TXN-05846,Sanitary Napkin (8S),Personal Care,3,79.46,2024-01-09,238.38,206
TXN-02445,Pencil,School & Office Supplies,6,10.38,2024-01-10,62.28,271
TXN-04573,Air Freshener Spray,Household Supplies,1,126.1,2024-01-10,126.1,72
TXN-01769,Lollipop Candy,Food & Snacks,7,5.02,2024-01-11,35.14,329
TXN-02867,Deodorant Roll-On,Personal Care,1,88.86,2024-01-11,88.86,174
TXN-01011,Canned Sardines,Grocery,5,29.28,2024-01-11,146.4,349
TXN-01642,Peanuts 100G,Food & Snacks,5,26.64,2024-01-11,133.2,200
TXN-03610,Facial Wash 50Ml,Personal Care,4,121.0,2024-01-11,484.0,330
TXN-03345,Bread Loaf,Food & Snacks,1,62.8,2024-01-11,62.8,318
TXN-06230,Bluetooth Speaker,Electronics,1,1541.99,2024-01-11,1541.99,211
TXN-02247,Deodorant Roll-On,Personal Care,1,93.4,2024-01-12,93.4,208
TXN-06240,Coffee Sachet (10S),Grocery,7,63.71,2024-01-13,445.97,45
TXN-01662,Vinegar 350Ml,Grocery,4,29.46,2024-01-13,117.84,370
TXN-03472,Toothbrush,Personal Care,4,53.28,2024-01-13,213.12,130
TXN-03389,Sugar 1Kg,Grocery,8,73.9,2024-01-13,591.2,256
TXN-05973,Soy Sauce 350Ml,Grocery,4,36.75,2024-01-13,147.0,433
TXN-03173,Sanitary Napkin (8S),Personal Care,3,74.39,2024-01-13,223.17,319
TXN-04315,Phone Case,Electronics,1,197.81,2024-01-13,197.81,327
TXN-01589,Screen Protector,Electronics,2,102.03,2024-01-14,204.06,255
TXN-04827,Soy Sauce 350Ml,Grocery,7,36.14,2024-01-14,252.98,80
TXN-03240,Ice Cream Cup,Food & Snacks,7,33.96,2024-01-14,237.72,140
TXN-05129,Floor Mop,Household Supplies,1,250.91,2024-01-14,250.91,177
TXN-03641,Energy Drink 250Ml,Food & Snacks,2,46.07,2024-01-14,92.14,257
TXN-05231,Coffee Sachet (10S),Grocery,5,64.62,2024-01-14,323.1,35
TXN-01506,Bluetooth Speaker,Electronics,1,1484.13,2024-01-15,1484.13,285
TXN-02479,Juice Drink 250Ml,Food & Snacks,9,18.71,2024-01-15,168.39,245
TXN-03035,Scotch Tape,School & Office Supplies,5,25.56,2024-01-15,127.8,247
TXN-03657,Bread Loaf,Food & Snacks,5,61.92,2024-01-15,309.6,292
TXN-02322,Potato Chips 60G,Food & Snacks,10,34.81,2024-01-15,348.1,162
TXN-05907,Alcohol 70% 500Ml,Personal Care,2,96.88,2024-01-16,193.76,265
TXN-02737,Scotch Tape,School & Office Supplies,1,26.2,2024-01-16,26.2,269
TXN-01909,Soy Sauce 350Ml,Grocery,2,33.96,2024-01-16,67.92,204
TXN-04744,Chocolate Bar,Food & Snacks,4,31.43,2024-01-16,125.72,231
TXN-03512,Potato Chips 60G,Food & Snacks,2,34.45,2024-01-16,68.9,84
TXN-01363,Cotton Balls,Personal Care,1,34.72,2024-01-17,34.72,173
TXN-04301,Bath Soap,Personal Care,1,46.03,2024-01-17,46.03,110
TXN-02852,Canned Sardines,Grocery,6,27.21,2024-01-17,163.26,73
TXN-02468,Folder (Long),School & Office Supplies,3,18.82,2024-01-17,56.46,294
TXN-01427,Lotion 200Ml,Personal Care,1,147.26,2024-01-17,147.26,215
TXN-05649,Toothpaste 75G,Personal Care,4,67.9,2024-01-18,271.6,109
TXN-04165,White Rice 2Kg,Grocery,4,118.83,2024-01-18,475.32,366
TXN-05811,Biscuit Pack,Food & Snacks,5,24.66,2024-01-18,123.3,216
TXN-02851,Canned Sardines,Grocery,1,29.49,2024-01-18,29.49,79
TXN-02498,Bath Soap,Personal Care,1,43.57,2024-01-18,43.57,201
TXN-06346,Peanuts 100G,Food & Snacks,1,28.74,2024-01-18,28.74,37
TXN-04972,Sugar 1Kg,Grocery,2,78.39,2024-01-19,156.78,368
TXN-05717,Deodorant Roll-On,Personal Care,1,88.02,2024-01-19,88.02,51
TXN-05081,Vinegar 350Ml,Grocery,3,30.18,2024-01-19,90.54,194
TXN-03646,Vinegar 350Ml,Grocery,4,30.93,2024-01-19,123.72,90
TXN-06195,Air Freshener Spray,Household Supplies,3,133.19,2024-01-19,399.57,33
TXN-04067,Led Desk Lamp,Electronics,1,546.34,2024-01-19,546.34,434
TXN-02521,Vinegar 350Ml,Grocery,4,30.66,2024-01-20,122.64,226
TXN-02975,Coffee Sachet (10S),Grocery,4,67.71,2024-01-20,270.84,62
TXN-03597,Stapler,School & Office Supplies,2,196.76,2024-01-20,393.52,179
TXN-04870,Usb Charging Cable,Electronics,2,150.59,2024-01-20,301.18,414
TXN-04346,Cotton Balls,Personal Care,3,35.83,2024-01-20,107.49,63
TXN-05722,Juice Drink 250Ml,Food & Snacks,9,18.75,2024-01-21,168.75,7
TXN-01994,Canned Sardines,Grocery,7,29.48,2024-01-21,206.36,206
TXN-01217,Ice Cream Cup,Food & Snacks,1,35.42,2024-01-21,35.42,411
TXN-01832,Trash Bag (10S),Household Supplies,3,53.94,2024-01-21,161.82,349
TXN-01996,Canned Sardines,Grocery,1,29.68,2024-01-21,29.68,205
TXN-05769,"Bond Paper (Short, 10S)",School & Office Supplies,2,29.33,2024-01-21,58.66,161
TXN-02052,Facial Wash 50Ml,Personal Care,1,122.52,2024-01-21,122.52,410
TXN-04124,Eraser,School & Office Supplies,1,15.51,2024-01-21,15.51,52
TXN-04135,White Rice 2Kg,Grocery,1,125.21,2024-01-22,125.21,391
TXN-04814,Toothpaste 75G,Personal Care,1,62.66,2024-01-22,62.66,160
TXN-03914,Cooking Oil 1L,Grocery,4,92.56,2024-01-22,370.24,224
TXN-03506,Stapler,School & Office Supplies,2,196.34,2024-01-22,392.68,191
TXN-01782,"Bond Paper (Short, 10S)",School & Office Supplies,3,29.61,2024-01-22,88.83,398
TXN-01016,Ice Cream Cup,Food & Snacks,2,35.06,2024-01-22,70.12,450
TXN-02204,Cotton Balls,Personal Care,2,35.71,2024-01-22,71.42,143
TXN-05031,Facial Wash 50Ml,Personal Care,4,123.04,2024-01-22,492.16,266
TXN-06329,Mosquito Coil (10S),Household Supplies,3,56.61,2024-01-22,169.83,381
TXN-04046,Peanuts 100G,Food & Snacks,6,29.01,2024-01-23,174.06,251
TXN-04213,Scotch Tape,School & Office Supplies,3,26.0,2024-01-23,78.0,191
TXN-01178,Broom (Walis Tingting),Household Supplies,2,65.47,2024-01-23,130.94,413
TXN-03309,Cooking Oil 1L,Grocery,5,90.06,2024-01-23,450.3,0
TXN-02604,Highlighter,School & Office Supplies,1,43.73,2024-01-23,43.73,119
TXN-03165,Sponge Scrub (2S),Household Supplies,3,34.29,2024-01-23,102.87,244
TXN-03937,Instant Noodles (Pack),Grocery,6,15.36,2024-01-23,92.16,174
TXN-05321,White Rice 2Kg,Grocery,8,125.61,2024-01-23,1004.88,183
TXN-02275,Energy Drink 250Ml,Food & Snacks,7,46.0,2024-01-23,322.0,81
TXN-03092,Laundry Detergent 500G,Household Supplies,1,84.71,2024-01-24,84.71,152
TXN-05954,"Bond Paper (Short, 10S)",School & Office Supplies,6,31.04,2024-01-24,186.24,151
TXN-04402,Biscuit Pack,Food & Snacks,4,25.69,2024-01-24,102.76,0
TXN-01612,Power Bank 10000Mah,Electronics,2,917.94,2024-01-24,1835.88,226
TXN-05190,Vinegar 350Ml,Grocery,1,30.83,2024-01-24,30.83,175
TXN-02756,Lollipop Candy,Food & Snacks,5,5.11,2024-01-24,25.55,207
TXN-03462,Electric Fan (Desk),Electronics,1,797.33,2024-01-24,797.33,412
TXN-01346,Phone Case,Electronics,1,207.72,2024-01-25,207.72,379
TXN-04063,Wireless Earbuds,Electronics,2,1297.7,2024-01-25,2595.4,244
TXN-05313,"Bond Paper (Short, 10S)",School & Office Supplies,2,29.23,2024-01-25,58.46,179
TXN-02710,Sponge Scrub (2S),Household Supplies,3,35.0,2024-01-25,105.0,251
TXN-02791,Coffee Sachet (10S),Grocery,3,62.76,2024-01-25,188.28,101
TXN-05622,Coffee Sachet (10S),Grocery,3,67.25,2024-01-25,201.75,193
TXN-05353,Cooking Oil 1L,Grocery,5,90.56,2024-01-25,452.8,34
TXN-02330,Toothbrush,Personal Care,3,57.0,2024-01-26,171.0,190
TXN-05872,Canned Sardines,Grocery,5,27.65,2024-01-26,138.25,77
TXN-01745,Sugar 1Kg,Grocery,5,71.67,2024-01-27,358.35,126
TXN-06406,Ice Cream Cup,Food & Snacks,5,36.2,2024-01-27,181.0,106
TXN-05934,Stapler,School & Office Supplies,4,204.32,2024-01-27,817.28,34
TXN-02060,Highlighter,School & Office Supplies,1,46.88,2024-01-27,46.88,140
TXN-02269,Floor Mop,Household Supplies,1,249.74,2024-01-28,249.74,245
TXN-02108,Instant Noodles (Pack),Grocery,3,14.26,2024-01-28,42.78,445
TXN-06357,Canned Sardines,Grocery,4,27.86,2024-01-28,111.44,25
TXN-01238,Coffee Sachet (10S),Grocery,4,64.95,2024-01-28,259.8,396
TXN-03061,Laundry Detergent 500G,Household Supplies,1,87.29,2024-01-28,87.29,154
TXN-04607,Bath Soap,Personal Care,4,46.7,2024-01-28,186.8,95
TXN-06093,Energy Drink 250Ml,Food & Snacks,4,42.83,2024-01-28,171.32,317
TXN-04969,Fabric Conditioner 500Ml,Household Supplies,1,97.17,2024-01-29,97.17,233
TXN-03828,"Bond Paper (Short, 10S)",School & Office Supplies,1,31.34,2024-01-29,31.34,249
TXN-02185,Coffee Sachet (10S),Grocery,2,67.56,2024-01-29,135.12,236
TXN-03637,Sponge Scrub (2S),Household Supplies,2,35.17,2024-01-29,70.34,231
TXN-01999,Chocolate Bar,Food & Snacks,2,31.32,2024-01-29,62.64,304
TXN-06319,Cotton Balls,Personal Care,2,33.26,2024-01-30,66.52,319
TXN-02443,Eraser,School & Office Supplies,1,15.23,2024-01-30,15.23,149
TXN-02560,Stapler,School & Office Supplies,1,197.47,2024-01-30,197.47,229
TXN-03848,Phone Case,Electronics,1,194.4,2024-01-30,194.4,331
TXN-05513,Sugar 1Kg,Grocery,5,78.72,2024-01-30,393.6,271
TXN-05674,Toothbrush,Personal Care,3,55.19,2024-01-30,165.57,13
TXN-04078,Lollipop Candy,Food & Snacks,4,4.96,2024-01-30,19.84,7
TXN-01960,Potato Chips 60G,Food & Snacks,9,35.29,2024-01-30,317.61,228
TXN-02855,Facial Wash 50Ml,Personal Care,3,122.12,2024-01-30,366.36,366
TXN-04472,Potato Chips 60G,Food & Snacks,5,36.07,2024-01-30,180.35,425
TXN-04032,Sanitary Napkin (8S),Personal Care,1,80.19,2024-01-31,80.19,285
TXN-05573,Alcohol 70% 500Ml,Personal Care,4,97.49,2024-01-31,389.96,271
TXN-03781,Potato Chips 60G,Food & Snacks,2,33.54,2024-01-31,67.08,34
TXN-05758,Juice Drink 250Ml,Food & Snacks,6,18.31,2024-01-31,109.86,1
TXN-06467,Chocolate Bar,Food & Snacks,3,30.43,2024-01-31,91.29,296
TXN-05073,Lotion 200Ml,Personal Care,3,142.98,2024-02-01,428.94,431
TXN-01317,"Bond Paper (Short, 10S)",School & Office Supplies,1,28.92,2024-02-01,28.92,429
TXN-03102,Chocolate Bar,Food & Snacks,4,31.03,2024-02-01,124.12,155
TXN-02805,Stapler,School & Office Supplies,5,206.8,2024-02-01,1034.0,216
TXN-05576,Scotch Tape,School & Office Supplies,1,24.06,2024-02-02,24.06,79
TXN-02981,Broom (Walis Tingting),Household Supplies,1,61.77,2024-02-02,61.77,373
TXN-05666,Laundry Detergent 500G,Household Supplies,1,85.7,2024-02-02,85.7,98
TXN-02181,White Rice 2Kg,Grocery,4,119.53,2024-02-03,478.12,244
TXN-01364,Eraser,School & Office Supplies,3,15.62,2024-02-03,46.86,197
TXN-01814,Cooking Oil 1L,Grocery,1,91.52,2024-02-03,91.52,244
TXN-03312,Staple Wire,School & Office Supplies,1,36.6,2024-02-03,36.6,239
TXN-03964,Eraser,School & Office Supplies,2,15.47,2024-02-03,30.94,67
TXN-02019,Usb Charging Cable,Electronics,2,148.58,2024-02-03,297.16,462
TXN-03685,Folder (Long),School & Office Supplies,2,17.4,2024-02-04,34.8,235
TXN-02764,Facial Wash 50Ml,Personal Care,1,120.02,2024-02-04,120.02,383
TXN-02068,"Bond Paper (Short, 10S)",School & Office Supplies,2,29.51,2024-02-04,59.02,366
TXN-01551,Toothpaste 75G,Personal Care,1,63.2,2024-02-05,63.2,312
TXN-05176,Potato Chips 60G,Food & Snacks,5,34.53,2024-02-05,172.65,328
TXN-04003,Ice Cream Cup,Food & Snacks,6,36.41,2024-02-05,218.46,6
TXN-05023,Sponge Scrub (2S),Household Supplies,3,36.45,2024-02-05,109.35,206
TXN-05606,Stapler,School & Office Supplies,2,205.63,2024-02-05,411.26,58
TXN-01776,Sugar 1Kg,Grocery,5,72.67,2024-02-05,363.35,119
TXN-02860,Soy Sauce 350Ml,Grocery,7,35.03,2024-02-05,245.21,89
TXN-01472,Chocolate Bar,Food & Snacks,5,28.6,2024-02-05,143.0,351
TXN-05634,Stapler,School & Office Supplies,2,197.05,2024-02-05,394.1,56
TXN-05040,Eraser,School & Office Supplies,3,15.57,2024-02-06,46.71,1
TXN-02338,Bread Loaf,Food & Snacks,7,63.04,2024-02-06,441.28,97
TXN-01892,Ballpen (Black),School & Office Supplies,4,11.79,2024-02-06,47.16,426
TXN-05111,Phone Case,Electronics,1,201.01,2024-02-07,201.01,308
TXN-01299,Ice Cream Cup,Food & Snacks,4,36.28,2024-02-07,145.12,401
TXN-02974,Coffee Sachet (10S),Grocery,7,66.43,2024-02-07,465.01,66
TXN-03978,Soy Sauce 350Ml,Grocery,2,36.51,2024-02-07,73.02,251
TXN-06263,Instant Noodles (Pack),Grocery,2,14.76,2024-02-07,29.52,222
TXN-05995,Ballpen (Black),School & Office Supplies,6,12.31,2024-02-08,73.86,198
TXN-02549,Stapler,School & Office Supplies,4,203.3,2024-02-08,813.2,232
TXN-03536,Air Freshener Spray,Household Supplies,1,130.61,2024-02-08,130.61,103
TXN-01750,Broom (Walis Tingting),Household Supplies,1,64.17,2024-02-08,64.17,400
TXN-03813,Air Freshener Spray,Household Supplies,1,124.1,2024-02-09,124.1,102
TXN-02137,White Rice 2Kg,Grocery,1,116.88,2024-02-09,116.88,253
TXN-04152,Bluetooth Speaker,Electronics,1,1488.84,2024-02-10,1488.84,245
TXN-04566,Phone Case,Electronics,1,203.25,2024-02-10,203.25,326
TXN-02484,Sugar 1Kg,Grocery,4,77.16,2024-02-10,308.64,59
TXN-03671,Bath Soap,Personal Care,2,44.61,2024-02-10,89.22,134
TXN-03944,Sponge Scrub (2S),Household Supplies,1,35.69,2024-02-10,35.69,225
TXN-04937,Soy Sauce 350Ml,Grocery,1,35.41,2024-02-11,35.41,67
TXN-01600,Coffee Sachet (10S),Grocery,1,62.99,2024-02-11,62.99,362
TXN-06445,Candle (6S),Household Supplies,2,42.89,2024-02-11,85.78,310
TXN-01868,Evaporated Milk,Grocery,5,42.92,2024-02-11,214.6,133
TXN-03383,Bread Loaf,Food & Snacks,8,65.34,2024-02-11,522.72,308
TXN-06007,Cooking Oil 1L,Grocery,4,92.72,2024-02-11,370.88,272
TXN-04974,Highlighter,School & Office Supplies,1,46.6,2024-02-11,46.6,349
TXN-05974,Vinegar 350Ml,Grocery,5,30.62,2024-02-12,153.1,269
TXN-03662,Cooking Oil 1L,Grocery,4,87.9,2024-02-12,351.6,263
TXN-01614,Bread Loaf,Food & Snacks,4,67.47,2024-02-12,269.88,150
TXN-02164,Biscuit Pack,Food & Snacks,1,24.78,2024-02-12,24.78,410
TXN-01111,Chocolate Bar,Food & Snacks,4,29.34,2024-02-13,117.36,384
TXN-01839,Lollipop Candy,Food & Snacks,3,4.79,2024-02-13,14.37,319
TXN-03320,Digital Alarm Clock,Electronics,1,310.36,2024-02-13,310.36,398
TXN-01222,Notebook 80 Leaves,School & Office Supplies,1,57.51,2024-02-13,57.51,448
TXN-05923,Sugar 1Kg,Grocery,7,74.62,2024-02-13,522.34,209
TXN-01353,Scotch Tape,School & Office Supplies,5,26.17,2024-02-13,130.85,344
TXN-03337,Soy Sauce 350Ml,Grocery,6,33.6,2024-02-13,201.6,325
TXN-01156,Energy Drink 250Ml,Food & Snacks,8,44.99,2024-02-14,359.92,235
TXN-01606,Highlighter,School & Office Supplies,3,43.66,2024-02-14,130.98,163
TXN-05843,Chocolate Bar,Food & Snacks,3,29.12,2024-02-14,87.36,84
TXN-03316,Coffee Sachet (10S),Grocery,2,66.32,2024-02-14,132.64,13
TXN-03702,Energy Drink 250Ml,Food & Snacks,8,43.0,2024-02-15,344.0,234
TXN-01031,Evaporated Milk,Grocery,8,42.17,2024-02-15,337.36,297
TXN-03019,Pencil,School & Office Supplies,1,9.99,2024-02-15,9.99,236
TXN-03525,Led Desk Lamp,Electronics,2,549.76,2024-02-15,1099.52,440
TXN-04632,Folder (Long),School & Office Supplies,2,17.73,2024-02-15,35.46,148
TXN-05117,Digital Alarm Clock,Electronics,2,307.56,2024-02-16,615.12,358
TXN-02870,Fabric Conditioner 500Ml,Household Supplies,3,93.42,2024-02-16,280.26,267
TXN-04931,Energy Drink 250Ml,Food & Snacks,8,43.9,2024-02-16,351.2,88
TXN-03256,Instant Noodles (Pack),Grocery,3,15.57,2024-02-16,46.71,287
TXN-05730,Sponge Scrub (2S),Household Supplies,1,35.96,2024-02-16,35.96,190
TXN-04775,Evaporated Milk,Grocery,4,42.03,2024-02-16,168.12,188
TXN-02821,Facial Wash 50Ml,Personal Care,1,125.45,2024-02-16,125.45,370
TXN-02223,Softdrink 1.5L,Food & Snacks,6,63.28,2024-02-16,379.68,157
TXN-03336,Soy Sauce 350Ml,Grocery,2,34.78,2024-02-17,69.56,331
TXN-03724,Cotton Balls,Personal Care,4,35.66,2024-02-17,142.64,76
TXN-04675,Juice Drink 250Ml,Food & Snacks,8,18.24,2024-02-17,145.92,102
TXN-03201,Led Desk Lamp,Electronics,2,569.86,2024-02-17,1139.72,445
TXN-04789,Bread Loaf,Food & Snacks,3,64.69,2024-02-18,194.07,113
TXN-06227,Facial Wash 50Ml,Personal Care,1,124.89,2024-02-18,124.89,210
TXN-03197,Toothpaste 75G,Personal Care,3,64.9,2024-02-18,194.7,214
TXN-05472,Chocolate Bar,Food & Snacks,3,29.83,2024-02-18,89.49,147
TXN-01150,Cooking Oil 1L,Grocery,4,90.19,2024-02-19,360.76,296
TXN-05039,Evaporated Milk,Grocery,1,43.7,2024-02-19,43.7,172
TXN-04646,Led Desk Lamp,Electronics,1,549.06,2024-02-19,549.06,429
TXN-02020,Instant Noodles (Pack),Grocery,7,14.9,2024-02-20,104.3,460
TXN-01568,Canned Sardines,Grocery,4,29.4,2024-02-20,117.6,277
TXN-05386,Floor Mop,Household Supplies,3,237.19,2024-02-20,711.57,169
TXN-06447,Cooking Oil 1L,Grocery,1,88.4,2024-02-20,88.4,153
TXN-01026,Floor Mop,Household Supplies,3,247.47,2024-02-20,742.41,260
TXN-01311,Phone Case,Electronics,1,203.14,2024-02-20,203.14,380
TXN-04398,Energy Drink 250Ml,Food & Snacks,1,43.77,2024-02-21,43.77,172
TXN-05603,Sanitary Napkin (8S),Personal Care,4,81.52,2024-02-21,326.08,214
TXN-03388,Canned Sardines,Grocery,1,28.87,2024-02-21,28.87,4
TXN-01840,Canned Sardines,Grocery,4,29.26,2024-02-21,117.04,243
TXN-05275,Bread Loaf,Food & Snacks,6,66.84,2024-02-21,401.04,37
TXN-05761,Cooking Oil 1L,Grocery,5,89.46,2024-02-21,447.3,302
TXN-04760,Soy Sauce 350Ml,Grocery,8,33.46,2024-02-21,267.68,112
TXN-03994,Biscuit Pack,Food & Snacks,4,23.83,2024-02-22,95.32,93
TXN-04894,Evaporated Milk,Grocery,1,41.58,2024-02-22,41.58,187
TXN-01390,Softdrink 1.5L,Food & Snacks,4,67.56,2024-02-22,270.24,279
TXN-05568,Electric Fan (Desk),Electronics,2,764.72,2024-02-22,1529.44,380
TXN-06285,Potato Chips 60G,Food & Snacks,1,35.48,2024-02-22,35.48,176
TXN-05569,Bottled Water 1.5L,Grocery,4,25.04,2024-02-23,100.16,142
TXN-05128,Sugar 1Kg,Grocery,7,76.82,2024-02-23,537.74,339
TXN-02369,Soy Sauce 350Ml,Grocery,8,35.28,2024-02-23,282.24,177
TXN-04964,Sponge Scrub (2S),Household Supplies,2,34.58,2024-02-23,69.16,214
TXN-03658,Folder (Long),School & Office Supplies,4,17.95,2024-02-23,71.8,244
TXN-04271,Evaporated Milk,Grocery,3,43.51,2024-02-23,130.53,261
TXN-03825,Mosquito Coil (10S),Household Supplies,1,56.7,2024-02-23,56.7,442
TXN-05701,White Rice 2Kg,Grocery,2,122.79,2024-02-23,245.58,133
TXN-04310,Bread Loaf,Food & Snacks,1,67.65,2024-02-24,67.65,168
TXN-01876,Cooking Oil 1L,Grocery,3,92.92,2024-02-24,278.76,236
TXN-05387,Cotton Balls,Personal Care,4,34.79,2024-02-24,139.16,25
TXN-04538,White Rice 2Kg,Grocery,4,124.99,2024-02-24,499.96,325
TXN-04822,Coffee Sachet (10S),Grocery,2,64.57,2024-02-24,129.14,100
TXN-05527,Instant Noodles (Pack),Grocery,8,15.39,2024-02-24,123.12,305
TXN-06269,Ice Cream Cup,Food & Snacks,8,35.72,2024-02-24,285.76,130
TXN-04267,Candle (6S),Household Supplies,1,44.07,2024-02-24,44.07,370
TXN-05571,Peanuts 100G,Food & Snacks,3,27.95,2024-02-24,83.85,118
TXN-04678,Scotch Tape,School & Office Supplies,6,25.92,2024-02-24,155.52,163
TXN-01815,Toothbrush,Personal Care,1,55.3,2024-02-25,55.3,223
TXN-06198,Toothpaste 75G,Personal Care,2,65.17,2024-02-25,130.34,86
TXN-04983,Potato Chips 60G,Food & Snacks,4,34.33,2024-02-25,137.32,385
TXN-06147,Notebook 80 Leaves,School & Office Supplies,3,55.22,2024-02-25,165.66,200
TXN-02473,Soy Sauce 350Ml,Grocery,8,34.07,2024-02-25,272.56,162
TXN-03185,Sugar 1Kg,Grocery,4,76.34,2024-02-26,305.36,320
TXN-06132,Bottled Water 1.5L,Grocery,1,24.64,2024-02-26,24.64,27
TXN-02375,Lotion 200Ml,Personal Care,1,147.32,2024-02-26,147.32,159
TXN-02139,Eraser,School & Office Supplies,4,14.99,2024-02-26,59.96,166
TXN-01376,Chocolate Bar,Food & Snacks,7,29.17,2024-02-26,204.19,356
TXN-03406,White Rice 2Kg,Grocery,8,117.57,2024-02-27,940.56,42
TXN-04358,Juice Drink 250Ml,Food & Snacks,2,18.45,2024-02-28,36.9,196
TXN-04899,Evaporated Milk,Grocery,4,42.78,2024-02-28,171.12,183
TXN-04166,Vinegar 350Ml,Grocery,5,29.69,2024-02-28,148.45,24
TXN-02412,"Bond Paper (Short, 10S)",School & Office Supplies,2,31.25,2024-02-29,62.5,346
TXN-06242,Bread Loaf,Food & Snacks,2,62.94,2024-02-29,125.88,371
TXN-01417,Led Desk Lamp,Electronics,1,557.69,2024-02-29,557.69,474
TXN-04133,Evaporated Milk,Grocery,4,42.19,2024-03-01,168.76,4
TXN-05003,Instant Noodles (Pack),Grocery,4,15.38,2024-03-01,61.52,4
TXN-03575,Dishwashing Liquid 500Ml,Household Supplies,1,71.31,2024-03-01,71.31,291
TXN-04734,Instant Noodles (Pack),Grocery,3,15.33,2024-03-01,45.99,39
TXN-06104,Peanuts 100G,Food & Snacks,8,28.69,2024-03-01,229.52,57
TXN-02614,Bottled Water 1.5L,Grocery,2,25.18,2024-03-01,50.36,185
TXN-06162,Shampoo Sachet,Personal Care,3,7.72,2024-03-01,23.16,291
TXN-04372,Chocolate Bar,Food & Snacks,6,28.69,2024-03-02,172.14,284
TXN-03356,Softdrink 1.5L,Food & Snacks,4,64.02,2024-03-02,256.08,6
TXN-05762,Power Bank 10000Mah,Electronics,1,922.05,2024-03-02,922.05,159
TXN-06441,Toothpaste 75G,Personal Care,1,66.71,2024-03-02,66.71,77
TXN-02380,Toothpaste 75G,Personal Care,1,64.06,2024-03-02,64.06,257
TXN-02523,Cooking Oil 1L,Grocery,7,88.1,2024-03-03,616.7,105
TXN-04173,Lotion 200Ml,Personal Care,3,155.99,2024-03-03,467.97,64
TXN-03744,Ballpen (Black),School & Office Supplies,2,11.52,2024-03-04,23.04,339
TXN-01404,Biscuit Pack,Food & Snacks,8,25.01,2024-03-04,200.08,113
TXN-03582,Facial Wash 50Ml,Personal Care,4,117.59,2024-03-04,470.36,334
TXN-06411,Candle (6S),Household Supplies,2,43.4,2024-03-04,86.8,312
TXN-03090,Evaporated Milk,Grocery,8,42.51,2024-03-05,340.08,204
TXN-02693,Vinegar 350Ml,Grocery,1,29.61,2024-03-05,29.61,175
TXN-06073,Instant Noodles (Pack),Grocery,2,15.15,2024-03-05,30.3,248
TXN-01121,Toothbrush,Personal Care,1,53.41,2024-03-05,53.41,254
TXN-05490,Energy Drink 250Ml,Food & Snacks,8,46.55,2024-03-06,372.4,3
TXN-05345,Evaporated Milk,Grocery,8,43.03,2024-03-06,344.24,112
TXN-03952,White Rice 2Kg,Grocery,5,123.68,2024-03-06,618.4,417
TXN-05855,Deodorant Roll-On,Personal Care,2,93.05,2024-03-06,186.1,49
TXN-01024,Soy Sauce 350Ml,Grocery,4,36.75,2024-03-06,147.0,329
TXN-05561,Pencil,School & Office Supplies,5,9.86,2024-03-06,49.3,117
TXN-06308,Highlighter,School & Office Supplies,4,46.95,2024-03-07,187.8,287
TXN-02096,Bread Loaf,Food & Snacks,3,63.77,2024-03-07,191.31,122
TXN-05428,Toothpaste 75G,Personal Care,2,66.24,2024-03-07,132.48,128
TXN-01751,Energy Drink 250Ml,Food & Snacks,5,44.94,2024-03-07,224.7,167
TXN-05265,Canned Sardines,Grocery,8,28.98,2024-03-07,231.84,159
TXN-01864,Digital Alarm Clock,Electronics,1,310.43,2024-03-08,310.43,413
TXN-03901,Canned Sardines,Grocery,2,29.35,2024-03-08,58.7,159
TXN-01445,Screen Protector,Electronics,1,94.67,2024-03-08,94.67,261
TXN-04634,Peanuts 100G,Food & Snacks,2,29.3,2024-03-09,58.6,189
TXN-04413,Chocolate Bar,Food & Snacks,6,31.13,2024-03-09,186.78,278
TXN-05414,Coffee Sachet (10S),Grocery,5,62.84,2024-03-09,314.2,24
TXN-02606,Potato Chips 60G,Food & Snacks,3,33.33,2024-03-09,99.99,148
TXN-02581,Broom (Walis Tingting),Household Supplies,1,63.81,2024-03-10,63.81,376
TXN-03720,Juice Drink 250Ml,Food & Snacks,9,17.99,2024-03-11,161.91,27
TXN-06347,Highlighter,School & Office Supplies,5,44.96,2024-03-11,224.8,282
TXN-01352,Digital Alarm Clock,Electronics,1,286.69,2024-03-11,286.69,417
TXN-02566,Bluetooth Speaker,Electronics,2,1537.74,2024-03-11,3075.48,270
TXN-02998,"Bond Paper (Short, 10S)",School & Office Supplies,2,30.51,2024-03-12,61.02,305
TXN-03461,Sugar 1Kg,Grocery,1,71.93,2024-03-12,71.93,246
TXN-03235,Bottled Water 1.5L,Grocery,9,26.17,2024-03-12,235.53,95
TXN-04264,Lotion 200Ml,Personal Care,2,142.25,2024-03-12,284.5,56
TXN-06352,Cooking Oil 1L,Grocery,1,88.47,2024-03-12,88.47,181
TXN-02703,White Rice 2Kg,Grocery,9,125.99,2024-03-12,1133.91,156
TXN-06200,Cotton Balls,Personal Care,2,33.49,2024-03-13,66.98,325
TXN-05570,Peanuts 100G,Food & Snacks,7,27.18,2024-03-13,190.26,121
TXN-04656,Soy Sauce 350Ml,Grocery,4,33.49,2024-03-13,133.96,140
TXN-01565,Canned Sardines,Grocery,8,28.56,2024-03-13,228.48,281
TXN-01101,Coffee Sachet (10S),Grocery,1,66.16,2024-03-13,66.16,427
TXN-04300,Lotion 200Ml,Personal Care,1,149.5,2024-03-14,149.5,52
TXN-04497,Digital Alarm Clock,Electronics,1,284.17,2024-03-14,284.17,367
TXN-01740,Toothbrush,Personal Care,1,53.06,2024-03-14,53.06,227
TXN-05807,Vinegar 350Ml,Grocery,6,28.78,2024-03-14,172.68,294
TXN-06050,Ice Cream Cup,Food & Snacks,1,34.54,2024-03-14,34.54,173
TXN-02233,Wireless Earbuds,Electronics,1,1240.86,2024-03-14,1240.86,262
TXN-01696,Toothbrush,Personal Care,3,57.2,2024-03-15,171.6,230
TXN-04117,Ballpen (Black),School & Office Supplies,7,11.89,2024-03-15,83.23,300
TXN-02173,Toothpaste 75G,Personal Care,3,68.13,2024-03-15,204.39,269
TXN-02467,Facial Wash 50Ml,Personal Care,3,118.71,2024-03-16,356.13,387
TXN-03439,Facial Wash 50Ml,Personal Care,3,124.75,2024-03-16,374.25,344
TXN-05621,Toothbrush,Personal Care,1,53.85,2024-03-16,53.85,16
TXN-01853,Toothbrush,Personal Care,1,52.29,2024-03-16,52.29,222
TXN-02858,Sugar 1Kg,Grocery,8,78.05,2024-03-16,624.4,1
TXN-02929,Extension Cord,Electronics,1,349.84,2024-03-16,349.84,146
TXN-06494,Instant Noodles (Pack),Grocery,1,15.24,2024-03-17,15.24,159
TXN-03049,Juice Drink 250Ml,Food & Snacks,9,17.86,2024-03-17,160.74,156
TXN-01395,Instant Noodles (Pack),Grocery,4,14.66,2024-03-17,58.64,98
TXN-06458,Bottled Water 1.5L,Grocery,1,26.03,2024-03-17,26.03,208
TXN-04086,Toothbrush,Personal Care,3,52.68,2024-03-17,158.04,96
TXN-05393,Bottled Water 1.5L,Grocery,1,26.07,2024-03-18,26.07,171
TXN-03390,White Rice 2Kg,Grocery,8,122.19,2024-03-18,977.52,50
TXN-05796,Floor Mop,Household Supplies,3,250.3,2024-03-18,750.9,156
TXN-04657,Deodorant Roll-On,Personal Care,2,91.0,2024-03-18,182.0,102
TXN-04693,Sugar 1Kg,Grocery,6,71.84,2024-03-18,431.04,424
TXN-05057,Sugar 1Kg,Grocery,7,74.25,2024-03-18,519.75,355
TXN-03955,Laundry Detergent 500G,Household Supplies,3,88.17,2024-03-18,264.51,138
TXN-06012,White Rice 2Kg,Grocery,8,115.3,2024-03-19,922.4,98
TXN-06190,Bath Soap,Personal Care,4,45.1,2024-03-19,180.4,35
TXN-05511,Cotton Balls,Personal Care,3,34.76,2024-03-19,104.28,16
TXN-05374,Biscuit Pack,Food & Snacks,1,25.29,2024-03-19,25.29,295
TXN-06044,Wireless Earbuds,Electronics,2,1322.83,2024-03-20,2645.66,220
TXN-02370,Instant Noodles (Pack),Grocery,8,15.09,2024-03-20,120.72,421
TXN-01743,Lollipop Candy,Food & Snacks,1,4.93,2024-03-20,4.93,349
TXN-02841,Ice Cream Cup,Food & Snacks,10,36.74,2024-03-20,367.4,185
TXN-06287,Bluetooth Speaker,Electronics,1,1435.19,2024-03-21,1435.19,210
TXN-02036,Air Freshener Spray,Household Supplies,3,123.04,2024-03-21,369.12,139
TXN-05789,Air Freshener Spray,Household Supplies,2,128.5,2024-03-22,257.0,42
TXN-01105,Scotch Tape,School & Office Supplies,5,23.93,2024-03-22,119.65,359
TXN-01668,Instant Noodles (Pack),Grocery,7,15.31,2024-03-22,107.17,31
TXN-06077,Folder (Long),School & Office Supplies,2,18.09,2024-03-22,36.18,68
TXN-03896,Deodorant Roll-On,Personal Care,2,91.45,2024-03-22,182.9,136
TXN-06464,Energy Drink 250Ml,Food & Snacks,9,46.04,2024-03-22,414.36,240
TXN-04051,Softdrink 1.5L,Food & Snacks,3,65.29,2024-03-22,195.87,42
TXN-02869,Cotton Balls,Personal Care,3,34.2,2024-03-22,102.6,107
TXN-01829,Juice Drink 250Ml,Food & Snacks,10,17.95,2024-03-23,179.5,368
TXN-02152,Instant Noodles (Pack),Grocery,8,15.69,2024-03-23,125.52,437
TXN-05453,Vinegar 350Ml,Grocery,8,30.43,2024-03-23,243.44,97
TXN-06199,Folder (Long),School & Office Supplies,7,17.86,2024-03-24,125.02,58
TXN-05881,Electric Fan (Desk),Electronics,1,787.97,2024-03-24,787.97,374
TXN-02133,Broom (Walis Tingting),Household Supplies,2,63.35,2024-03-24,126.7,389
TXN-02119,Energy Drink 250Ml,Food & Snacks,6,43.59,2024-03-24,261.54,115
TXN-03333,Trash Bag (10S),Household Supplies,2,54.4,2024-03-25,108.8,326
TXN-02626,Chocolate Bar,Food & Snacks,10,29.76,2024-03-25,297.6,197
TXN-02157,Vinegar 350Ml,Grocery,6,31.45,2024-03-26,188.7,281
TXN-03761,Biscuit Pack,Food & Snacks,5,25.91,2024-03-26,129.55,129
TXN-02752,Bottled Water 1.5L,Grocery,6,25.36,2024-03-26,152.16,161
TXN-03809,Fabric Conditioner 500Ml,Household Supplies,1,96.21,2024-03-26,96.21,255
TXN-05698,Toothpaste 75G,Personal Care,1,63.74,2024-03-27,63.74,108
TXN-06151,Ice Cream Cup,Food & Snacks,9,33.66,2024-03-27,302.94,140
TXN-05205,Potato Chips 60G,Food & Snacks,7,35.01,2024-03-27,245.07,321
TXN-02475,Softdrink 1.5L,Food & Snacks,10,68.21,2024-03-28,682.1,125
TXN-04597,Sugar 1Kg,Grocery,7,78.69,2024-03-28,550.83,15
TXN-02634,Energy Drink 250Ml,Food & Snacks,2,43.01,2024-03-28,86.02,17
TXN-02183,Juice Drink 250Ml,Food & Snacks,6,17.94,2024-03-28,107.64,302
TXN-04977,Bath Soap,Personal Care,1,45.62,2024-03-29,45.62,90
TXN-05458,Bottled Water 1.5L,Grocery,3,24.91,2024-03-29,74.73,155
TXN-01285,Electric Fan (Desk),Electronics,2,833.61,2024-03-29,1667.22,450
TXN-01854,Peanuts 100G,Food & Snacks,8,28.68,2024-03-30,229.44,158
TXN-02765,Pencil,School & Office Supplies,5,9.77,2024-03-30,48.85,242
TXN-01872,Screen Protector,Electronics,2,103.24,2024-03-30,206.48,246
TXN-04180,Coffee Sachet (10S),Grocery,9,68.12,2024-03-30,613.08,183
TXN-05011,Sanitary Napkin (8S),Personal Care,1,78.53,2024-03-31,78.53,241
TXN-03450,Biscuit Pack,Food & Snacks,10,24.28,2024-03-31,242.8,176
TXN-03248,Evaporated Milk,Grocery,1,41.99,2024-03-31,41.99,179
TXN-04720,Sugar 1Kg,Grocery,7,74.48,2024-03-31,521.36,408
TXN-03341,Lollipop Candy,Food & Snacks,7,4.77,2024-03-31,33.39,117
TXN-04920,Bottled Water 1.5L,Grocery,2,23.8,2024-03-31,47.6,237
TXN-05557,Scotch Tape,School & Office Supplies,7,25.0,2024-03-31,175.0,80
TXN-02504,Notebook 80 Leaves,School & Office Supplies,6,54.95,2024-04-01,329.7,400
TXN-04255,Lotion 200Ml,Personal Care,3,152.35,2024-04-01,457.05,58
TXN-03250,Floor Mop,Household Supplies,2,253.71,2024-04-01,507.42,218
TXN-01807,Deodorant Roll-On,Personal Care,4,85.96,2024-04-01,343.84,231
TXN-02403,Folder (Long),School & Office Supplies,1,18.84,2024-04-02,18.84,306
TXN-03679,Sanitary Napkin (8S),Personal Care,4,78.94,2024-04-02,315.76,292
TXN-02922,Facial Wash 50Ml,Personal Care,1,124.63,2024-04-02,124.63,365
TXN-03945,Mosquito Coil (10S),Household Supplies,1,55.09,2024-04-02,55.09,439
TXN-06314,Phone Case,Electronics,1,205.07,2024-04-03,205.07,298
TXN-04698,Digital Alarm Clock,Electronics,1,305.63,2024-04-03,305.63,364
TXN-04784,Screen Protector,Electronics,1,94.19,2024-04-03,94.19,202
TXN-04248,Energy Drink 250Ml,Food & Snacks,1,45.73,2024-04-03,45.73,196
TXN-01446,Screen Protector,Electronics,2,96.76,2024-04-03,193.52,259
TXN-05148,Bread Loaf,Food & Snacks,4,62.81,2024-04-04,251.24,90
TXN-01888,Coffee Sachet (10S),Grocery,6,64.94,2024-04-04,389.64,294
TXN-04170,Sugar 1Kg,Grocery,4,78.06,2024-04-04,312.24,75
TXN-06351,Bread Loaf,Food & Snacks,3,61.98,2024-04-05,185.94,347
TXN-02863,Candle (6S),Household Supplies,1,45.58,2024-04-05,45.58,391
TXN-02400,Cooking Oil 1L,Grocery,6,85.92,2024-04-05,515.52,114
TXN-02334,Instant Noodles (Pack),Grocery,3,15.25,2024-04-06,45.75,429
TXN-03500,Facial Wash 50Ml,Personal Care,1,122.83,2024-04-06,122.83,343
TXN-03543,Coffee Sachet (10S),Grocery,7,65.77,2024-04-06,460.39,309
TXN-03830,Shampoo Sachet,Personal Care,4,8.28,2024-04-06,33.12,50
TXN-05186,White Rice 2Kg,Grocery,7,120.52,2024-04-06,843.64,214
TXN-04041,Evaporated Milk,Grocery,6,40.66,2024-04-06,243.96,34
TXN-02485,Juice Drink 250Ml,Food & Snacks,9,18.2,2024-04-07,163.8,236
TXN-05392,Instant Noodles (Pack),Grocery,1,14.43,2024-04-07,14.43,313
TXN-02318,Broom (Walis Tingting),Household Supplies,2,62.95,2024-04-07,125.9,385
TXN-02486,Cooking Oil 1L,Grocery,2,87.64,2024-04-07,175.28,112
TXN-02249,Coffee Sachet (10S),Grocery,7,64.25,2024-04-07,449.75,227
TXN-02747,Cotton Balls,Personal Care,1,35.14,2024-04-07,35.14,114
TXN-02739,Juice Drink 250Ml,Food & Snacks,10,18.38,2024-04-08,183.8,192
TXN-05530,Floor Mop,Household Supplies,3,246.44,2024-04-08,739.32,165
TXN-05071,Cooking Oil 1L,Grocery,7,89.9,2024-04-08,629.3,73
TXN-02815,Biscuit Pack,Food & Snacks,3,24.78,2024-04-09,74.34,300
TXN-02341,Extension Cord,Electronics,1,348.0,2024-04-09,348.0,151
TXN-04141,Facial Wash 50Ml,Personal Care,4,123.86,2024-04-09,495.44,311
TXN-06018,Lotion 200Ml,Personal Care,2,153.13,2024-04-09,306.26,368
TXN-01763,Coffee Sachet (10S),Grocery,5,64.71,2024-04-10,323.55,320
TXN-05945,Soy Sauce 350Ml,Grocery,7,33.79,2024-04-10,236.53,437
TXN-03295,Broom (Walis Tingting),Household Supplies,1,66.91,2024-04-10,66.91,365
TXN-05450,Bread Loaf,Food & Snacks,4,64.89,2024-04-11,259.56,3
TXN-03539,Power Bank 10000Mah,Electronics,2,874.9,2024-04-11,1749.8,194
TXN-03893,Canned Sardines,Grocery,1,27.78,2024-04-11,27.78,161
TXN-01396,Instant Noodles (Pack),Grocery,8,15.44,2024-04-11,123.52,90
TXN-05445,Laundry Detergent 500G,Household Supplies,2,88.96,2024-04-11,177.92,105
TXN-04004,Stapler,School & Office Supplies,7,193.55,2024-04-12,1354.85,142
TXN-05785,Vinegar 350Ml,Grocery,7,30.46,2024-04-12,213.22,300
TXN-03522,Sponge Scrub (2S),Household Supplies,2,33.87,2024-04-12,67.74,236
TXN-05562,Chocolate Bar,Food & Snacks,7,29.05,2024-04-12,203.35,136
TXN-03353,Led Desk Lamp,Electronics,1,575.66,2024-04-12,575.66,443
TXN-04505,Trash Bag (10S),Household Supplies,3,52.82,2024-04-13,158.46,296
TXN-02728,Vinegar 350Ml,Grocery,4,30.6,2024-04-13,122.4,171
TXN-01979,Pencil,School & Office Supplies,5,10.02,2024-04-13,50.1,284
TXN-06485,Bottled Water 1.5L,Grocery,5,24.85,2024-04-13,124.25,195
TXN-05271,Bread Loaf,Food & Snacks,7,62.4,2024-04-13,436.8,43
TXN-05662,Lollipop Candy,Food & Snacks,4,5.02,2024-04-13,20.08,317
TXN-06407,Coffee Sachet (10S),Grocery,1,68.14,2024-04-13,68.14,42
TXN-06123,White Rice 2Kg,Grocery,7,114.49,2024-04-13,801.43,54
TXN-01369,Canned Sardines,Grocery,2,29.26,2024-04-14,58.52,313
TXN-02081,White Rice 2Kg,Grocery,5,123.53,2024-04-14,617.65,254
TXN-02564,Digital Alarm Clock,Electronics,1,288.57,2024-04-14,288.57,411
TXN-04427,Peanuts 100G,Food & Snacks,10,26.67,2024-04-14,266.7,207
TXN-02131,Toothbrush,Personal Care,3,54.32,2024-04-15,162.96,204
TXN-04806,Coffee Sachet (10S),Grocery,3,62.41,2024-04-15,187.23,113
TXN-01573,Highlighter,School & Office Supplies,5,42.81,2024-04-15,214.05,166
TXN-01481,Extension Cord,Electronics,1,333.07,2024-04-15,333.07,161
TXN-03798,Vinegar 350Ml,Grocery,7,28.94,2024-04-15,202.58,60
TXN-06424,Electric Fan (Desk),Electronics,2,801.29,2024-04-15,1602.58,364
TXN-04564,Stapler,School & Office Supplies,6,195.66,2024-04-15,1173.96,118
TXN-03391,Biscuit Pack,Food & Snacks,8,25.7,2024-04-15,205.6,208
TXN-02177,Lollipop Candy,Food & Snacks,3,4.87,2024-04-15,14.61,297
TXN-01517,Lollipop Candy,Food & Snacks,1,4.8,2024-04-16,4.8,417
TXN-01734,Alcohol 70% 500Ml,Personal Care,1,99.04,2024-04-16,99.04,400
TXN-05452,Sugar 1Kg,Grocery,5,72.7,2024-04-16,363.5,298
TXN-03155,Shampoo Sachet,Personal Care,1,7.83,2024-04-16,7.83,77
TXN-06079,Power Bank 10000Mah,Electronics,2,891.2,2024-04-16,1782.4,148
TXN-01704,Usb Charging Cable,Electronics,2,148.67,2024-04-17,297.34,466
TXN-03634,Facial Wash 50Ml,Personal Care,4,122.24,2024-04-17,488.96,326
TXN-01194,Chocolate Bar,Food & Snacks,7,30.93,2024-04-17,216.51,370
TXN-03140,Juice Drink 250Ml,Food & Snacks,5,18.26,2024-04-17,91.3,139
TXN-04741,Dishwashing Liquid 500Ml,Household Supplies,3,72.74,2024-04-17,218.22,267
TXN-05082,Coffee Sachet (10S),Grocery,5,67.05,2024-04-17,335.25,62
TXN-02803,Bottled Water 1.5L,Grocery,3,25.81,2024-04-17,77.43,151
TXN-05120,Screen Protector,Electronics,1,102.46,2024-04-18,102.46,193
TXN-02895,Instant Noodles (Pack),Grocery,7,15.28,2024-04-18,106.96,348
TXN-02104,Fabric Conditioner 500Ml,Household Supplies,1,94.42,2024-04-18,94.42,296
TXN-05600,Ice Cream Cup,Food & Snacks,7,34.28,2024-04-18,239.96,224
TXN-02267,Bread Loaf,Food & Snacks,2,67.18,2024-04-18,134.36,116
TXN-04157,Instant Noodles (Pack),Grocery,2,14.69,2024-04-18,29.38,146
TXN-01843,Screen Protector,Electronics,1,101.48,2024-04-18,101.48,249
TXN-04454,Usb Charging Cable,Electronics,1,152.25,2024-04-19,152.25,417
TXN-01691,Chocolate Bar,Food & Snacks,5,31.2,2024-04-19,156.0,318
TXN-05253,Floor Mop,Household Supplies,2,253.31,2024-04-19,506.62,174
TXN-03949,Soy Sauce 350Ml,Grocery,1,34.26,2024-04-19,34.26,253
TXN-04219,Instant Noodles (Pack),Grocery,5,15.69,2024-04-19,78.45,122
TXN-04208,Instant Noodles (Pack),Grocery,7,15.17,2024-04-19,106.19,127
TXN-04181,Instant Noodles (Pack),Grocery,3,14.93,2024-04-19,44.79,143
TXN-01822,Toothpaste 75G,Personal Care,3,66.89,2024-04-20,200.67,283
TXN-01365,"Bond Paper (Short, 10S)",School & Office Supplies,7,28.67,2024-04-20,200.69,422
TXN-05777,Instant Noodles (Pack),Grocery,1,14.43,2024-04-20,14.43,273
TXN-02466,White Rice 2Kg,Grocery,2,119.86,2024-04-20,239.72,197
TXN-03659,Bread Loaf,Food & Snacks,9,61.87,2024-04-20,556.83,283
TXN-01502,Screen Protector,Electronics,1,97.46,2024-04-20,97.46,257
TXN-03238,White Rice 2Kg,Grocery,2,117.86,2024-04-21,235.72,79
TXN-01442,Soy Sauce 350Ml,Grocery,8,35.04,2024-04-21,280.32,239
TXN-04218,Scotch Tape,School & Office Supplies,7,24.94,2024-04-21,174.58,184
TXN-02904,Dishwashing Liquid 500Ml,Household Supplies,1,77.38,2024-04-21,77.38,309
TXN-03237,Bottled Water 1.5L,Grocery,2,24.37,2024-04-21,48.74,93
TXN-03895,Power Bank 10000Mah,Electronics,1,915.42,2024-04-21,915.42,187
TXN-04021,Chocolate Bar,Food & Snacks,2,29.06,2024-04-21,58.12,27
TXN-01467,Extension Cord,Electronics,1,338.47,2024-04-22,338.47,162
TXN-01649,White Rice 2Kg,Grocery,7,121.46,2024-04-22,850.22,321
TXN-01316,Highlighter,School & Office Supplies,1,47.14,2024-04-22,47.14,196
TXN-01874,Lotion 200Ml,Personal Care,1,155.72,2024-04-22,155.72,180
TXN-02834,Soy Sauce 350Ml,Grocery,6,33.98,2024-04-22,203.88,98
TXN-03756,Juice Drink 250Ml,Food & Snacks,5,18.09,2024-04-22,90.45,22
TXN-05334,Power Bank 10000Mah,Electronics,2,878.86,2024-04-23,1757.72,164
TXN-04502,Potato Chips 60G,Food & Snacks,7,35.75,2024-04-23,250.25,418
TXN-02798,Peanuts 100G,Food & Snacks,6,27.66,2024-04-23,165.96,51
TXN-01389,Stapler,School & Office Supplies,3,192.17,2024-04-23,576.51,308
TXN-04604,Peanuts 100G,Food & Snacks,6,27.21,2024-04-23,163.26,191
TXN-05750,Vinegar 350Ml,Grocery,8,30.32,2024-04-23,242.56,11
TXN-04601,Potato Chips 60G,Food & Snacks,9,36.52,2024-04-24,328.68,394
TXN-05196,Led Desk Lamp,Electronics,2,553.27,2024-04-25,1106.54,417
TXN-02512,Deodorant Roll-On,Personal Care,1,91.23,2024-04-25,91.23,193
TXN-02580,Sugar 1Kg,Grocery,7,76.02,2024-04-25,532.14,44
TXN-01027,Sugar 1Kg,Grocery,2,74.46,2024-04-26,148.92,227
TXN-01875,Sugar 1Kg,Grocery,3,71.79,2024-04-26,215.37,98
TXN-05443,Floor Mop,Household Supplies,1,245.72,2024-04-26,245.72,168
TXN-02789,Cotton Balls,Personal Care,3,33.97,2024-04-26,101.91,110
TXN-04452,Floor Mop,Household Supplies,1,253.58,2024-04-26,253.58,189
TXN-03711,Sanitary Napkin (8S),Personal Care,2,75.19,2024-04-27,150.38,290
TXN-01072,White Rice 2Kg,Grocery,1,116.88,2024-04-27,116.88,424
TXN-06450,Eraser,School & Office Supplies,5,14.88,2024-04-27,74.4,438
TXN-05352,Bottled Water 1.5L,Grocery,8,24.3,2024-04-27,194.4,172
TXN-01948,Instant Noodles (Pack),Grocery,5,14.97,2024-04-27,74.85,476
TXN-05237,Juice Drink 250Ml,Food & Snacks,6,17.32,2024-04-27,103.92,88
TXN-02733,Power Bank 10000Mah,Electronics,2,855.14,2024-04-27,1710.28,213
TXN-05291,"Bond Paper (Short, 10S)",School & Office Supplies,5,30.59,2024-04-27,152.95,185
TXN-03352,Sugar 1Kg,Grocery,3,75.46,2024-04-28,226.38,268
TXN-05736,Air Freshener Spray,Household Supplies,1,134.57,2024-04-28,134.57,44
TXN-01902,Alcohol 70% 500Ml,Personal Care,1,91.38,2024-04-28,91.38,399
TXN-01196,Shampoo Sachet,Personal Care,1,7.86,2024-04-28,7.86,142
TXN-06422,White Rice 2Kg,Grocery,5,119.85,2024-04-28,599.25,387
TXN-01131,White Rice 2Kg,Grocery,7,123.09,2024-04-28,861.63,403
TXN-05822,Cotton Balls,Personal Care,1,35.48,2024-04-29,35.48,360
TXN-05999,Candle (6S),Household Supplies,2,45.56,2024-04-29,91.12,328
TXN-02195,Lollipop Candy,Food & Snacks,6,5.24,2024-04-29,31.44,276
TXN-01641,Cotton Balls,Personal Care,4,33.55,2024-04-30,134.2,167
TXN-06365,Fabric Conditioner 500Ml,Household Supplies,1,92.05,2024-04-30,92.05,213
TXN-01753,Cotton Balls,Personal Care,4,36.6,2024-04-30,146.4,159
TXN-04479,Ballpen (Black),School & Office Supplies,1,12.51,2024-04-30,12.51,288
TXN-01375,Vinegar 350Ml,Grocery,7,29.13,2024-04-30,203.91,395
TXN-04164,Bluetooth Speaker,Electronics,2,1430.01,2024-04-30,2860.02,241
TXN-05864,Instant Noodles (Pack),Grocery,1,15.24,2024-04-30,15.24,254
TXN-04913,Evaporated Milk,Grocery,8,42.3,2024-05-01,338.4,175
TXN-05156,Potato Chips 60G,Food & Snacks,8,35.36,2024-05-01,282.88,348
TXN-03276,Toothpaste 75G,Personal Care,1,62.12,2024-05-01,62.12,203
TXN-04823,Toothbrush,Personal Care,3,55.95,2024-05-01,167.85,50
TXN-03884,Softdrink 1.5L,Food & Snacks,6,62.74,2024-05-01,376.44,65
TXN-05344,Ballpen (Black),School & Office Supplies,3,11.77,2024-05-02,35.31,227
TXN-05875,Coffee Sachet (10S),Grocery,9,65.79,2024-05-02,592.11,139
TXN-05727,Lollipop Candy,Food & Snacks,10,4.84,2024-05-03,48.4,307
TXN-01684,Extension Cord,Electronics,2,342.42,2024-05-03,684.84,159
TXN-06203,Chocolate Bar,Food & Snacks,6,31.09,2024-05-03,186.54,320
TXN-05171,Chocolate Bar,Food & Snacks,11,30.54,2024-05-03,335.94,182
TXN-06297,Juice Drink 250Ml,Food & Snacks,3,18.21,2024-05-03,54.63,170
TXN-05375,Toothpaste 75G,Personal Care,4,66.56,2024-05-03,266.24,130
TXN-05667,Ballpen (Black),School & Office Supplies,3,12.27,2024-05-03,36.81,210
TXN-01927,Soy Sauce 350Ml,Grocery,1,35.69,2024-05-04,35.69,199
TXN-03330,Trash Bag (10S),Household Supplies,1,54.05,2024-05-04,54.05,328
TXN-01065,Coffee Sachet (10S),Grocery,8,63.88,2024-05-04,511.04,429
TXN-06247,Lotion 200Ml,Personal Care,2,153.08,2024-05-04,306.16,358
TXN-03329,Sanitary Napkin (8S),Personal Care,1,78.76,2024-05-04,78.76,318
TXN-01324,Eraser,School & Office Supplies,5,15.72,2024-05-04,78.6,205
TXN-01348,Bread Loaf,Food & Snacks,6,67.49,2024-05-04,404.94,171
TXN-05868,Folder (Long),School & Office Supplies,5,18.72,2024-05-05,93.6,82
TXN-05854,Chocolate Bar,Food & Snacks,6,31.07,2024-05-05,186.42,54
TXN-04753,Softdrink 1.5L,Food & Snacks,4,63.99,2024-05-05,255.96,16
TXN-01416,Instant Noodles (Pack),Grocery,7,15.56,2024-05-05,108.92,73
TXN-01144,Coffee Sachet (10S),Grocery,6,65.67,2024-05-05,394.02,421
TXN-01014,Softdrink 1.5L,Food & Snacks,8,64.13,2024-05-05,513.04,337
TXN-05752,Scotch Tape,School & Office Supplies,3,24.54,2024-05-06,73.62,75
TXN-05760,Instant Noodles (Pack),Grocery,5,14.36,2024-05-06,71.8,274
TXN-01663,Coffee Sachet (10S),Grocery,8,64.33,2024-05-06,514.64,348
TXN-04706,Evaporated Milk,Grocery,9,43.43,2024-05-06,390.87,208
TXN-02524,Sugar 1Kg,Grocery,8,78.37,2024-05-06,626.96,51
TXN-05784,Canned Sardines,Grocery,3,29.48,2024-05-06,88.44,89
TXN-01930,Deodorant Roll-On,Personal Care,3,86.08,2024-05-06,258.24,220
TXN-04049,Potato Chips 60G,Food & Snacks,3,34.46,2024-05-07,103.38,469
TXN-01496,Bottled Water 1.5L,Grocery,3,23.79,2024-05-07,71.37,87
TXN-04114,Notebook 80 Leaves,School & Office Supplies,7,56.31,2024-05-07,394.17,309
TXN-06035,Toothpaste 75G,Personal Care,1,67.96,2024-05-07,67.96,91
TXN-04265,Bottled Water 1.5L,Grocery,2,24.66,2024-05-08,49.32,349
TXN-03044,Broom (Walis Tingting),Household Supplies,3,65.23,2024-05-08,195.69,366
TXN-01805,Pencil,School & Office Supplies,1,9.82,2024-05-09,9.82,297
TXN-04526,Vinegar 350Ml,Grocery,3,30.61,2024-05-09,91.83,303
TXN-04384,Sponge Scrub (2S),Household Supplies,1,35.59,2024-05-09,35.59,218
TXN-05659,Staple Wire,School & Office Supplies,1,35.31,2024-05-09,35.31,115
TXN-03118,Canned Sardines,Grocery,2,29.21,2024-05-09,58.42,34
TXN-01281,Coffee Sachet (10S),Grocery,3,62.92,2024-05-09,188.76,385
TXN-02983,Sanitary Napkin (8S),Personal Care,2,76.8,2024-05-09,153.6,329
TXN-03125,Eraser,School & Office Supplies,7,14.8,2024-05-09,103.6,109
TXN-01558,Chocolate Bar,Food & Snacks,10,30.66,2024-05-09,306.6,337
TXN-03269,Screen Protector,Electronics,2,94.1,2024-05-10,188.2,213
TXN-02211,Cooking Oil 1L,Grocery,6,87.81,2024-05-10,526.86,175
TXN-04396,Instant Noodles (Pack),Grocery,3,14.27,2024-05-10,42.81,88
TXN-04567,Ice Cream Cup,Food & Snacks,6,35.93,2024-05-10,215.58,309
TXN-06318,Scotch Tape,School & Office Supplies,6,24.45,2024-05-10,146.7,59
TXN-01544,Instant Noodles (Pack),Grocery,5,14.63,2024-05-11,73.15,53
TXN-02838,Floor Mop,Household Supplies,2,246.06,2024-05-11,492.12,225
TXN-05379,Ice Cream Cup,Food & Snacks,9,35.28,2024-05-11,317.52,236
TXN-01110,Soy Sauce 350Ml,Grocery,5,35.65,2024-05-11,178.25,321
TXN-01195,Cotton Balls,Personal Care,3,33.47,2024-05-11,100.41,175
TXN-02464,Power Bank 10000Mah,Electronics,1,854.55,2024-05-11,854.55,217
TXN-01581,Toothbrush,Personal Care,1,54.17,2024-05-11,54.17,233
TXN-01021,Softdrink 1.5L,Food & Snacks,9,63.61,2024-05-11,572.49,328
TXN-01426,Air Freshener Spray,Household Supplies,1,133.14,2024-05-12,133.14,154
TXN-05620,"Bond Paper (Short, 10S)",School & Office Supplies,1,29.39,2024-05-12,29.39,168
TXN-04506,Facial Wash 50Ml,Personal Care,4,117.6,2024-05-12,470.4,292
TXN-02644,Sugar 1Kg,Grocery,6,77.24,2024-05-13,463.44,23
TXN-03496,Deodorant Roll-On,Personal Care,2,87.35,2024-05-13,174.7,155
TXN-03375,Ice Cream Cup,Food & Snacks,11,34.84,2024-05-13,383.24,97
TXN-04431,Peanuts 100G,Food & Snacks,3,29.04,2024-05-13,87.12,204
TXN-03097,Pencil,School & Office Supplies,4,9.53,2024-05-13,38.12,229
TXN-03271,Air Freshener Spray,Household Supplies,3,131.15,2024-05-13,393.45,113
TXN-03002,Stapler,School & Office Supplies,7,194.8,2024-05-14,1363.6,199
TXN-01295,Toothpaste 75G,Personal Care,4,64.58,2024-05-14,258.32,313
TXN-03808,Screen Protector,Electronics,1,98.65,2024-05-14,98.65,211
TXN-05640,Bluetooth Speaker,Electronics,1,1497.43,2024-05-14,1497.43,224
TXN-04650,Juice Drink 250Ml,Food & Snacks,4,17.49,2024-05-14,69.96,125
TXN-06344,Toothpaste 75G,Personal Care,1,64.78,2024-05-14,64.78,82
TXN-06362,Shampoo Sachet,Personal Care,4,8.04,2024-05-15,32.16,280
TXN-01434,Potato Chips 60G,Food & Snacks,1,35.13,2024-05-15,35.13,335
TXN-02985,Potato Chips 60G,Food & Snacks,2,35.53,2024-05-15,71.06,116
TXN-01682,Ballpen (Black),School & Office Supplies,1,11.4,2024-05-15,11.4,436
TXN-05070,Lotion 200Ml,Personal Care,3,146.52,2024-05-15,439.56,434
TXN-03216,Juice Drink 250Ml,Food & Snacks,10,18.2,2024-05-15,182.0,109
TXN-03259,Cooking Oil 1L,Grocery,5,89.77,2024-05-15,448.85,5
TXN-03057,Extension Cord,Electronics,1,363.35,2024-05-16,363.35,138
TXN-04854,Ballpen (Black),School & Office Supplies,6,12.34,2024-05-16,74.04,261
TXN-01519,Alcohol 70% 500Ml,Personal Care,2,96.96,2024-05-16,193.92,401
TXN-05419,Notebook 80 Leaves,School & Office Supplies,1,57.54,2024-05-16,57.54,231
TXN-02573,Sanitary Napkin (8S),Personal Care,2,80.35,2024-05-17,160.7,341
TXN-03858,Sugar 1Kg,Grocery,3,78.5,2024-05-17,235.5,149
TXN-05488,Electric Fan (Desk),Electronics,1,829.06,2024-05-17,829.06,382
TXN-02519,Lotion 200Ml,Personal Care,4,142.26,2024-05-18,569.04,140
TXN-05498,Highlighter,School & Office Supplies,1,44.38,2024-05-18,44.38,330
TXN-03695,Instant Noodles (Pack),Grocery,6,14.29,2024-05-19,85.74,228
TXN-01095,Led Desk Lamp,Electronics,1,560.31,2024-05-19,560.31,482
TXN-03202,Toothbrush,Personal Care,1,52.36,2024-05-19,52.36,159
TXN-01342,Candle (6S),Household Supplies,3,46.35,2024-05-19,139.05,426
TXN-02692,Digital Alarm Clock,Electronics,1,291.39,2024-05-20,291.39,406
TXN-03187,Dishwashing Liquid 500Ml,Household Supplies,1,75.38,2024-05-20,75.38,303
TXN-05710,Juice Drink 250Ml,Food & Snacks,7,17.21,2024-05-20,120.47,16
TXN-05921,Deodorant Roll-On,Personal Care,2,85.16,2024-05-20,170.32,47
TXN-02425,Folder (Long),School & Office Supplies,5,18.57,2024-05-20,92.85,301
TXN-02788,Power Bank 10000Mah,Electronics,2,909.25,2024-05-20,1818.5,211
TXN-03226,Softdrink 1.5L,Food & Snacks,11,66.27,2024-05-20,728.97,21
TXN-05399,Deodorant Roll-On,Personal Care,3,91.41,2024-05-20,274.23,59
TXN-02115,Vinegar 350Ml,Grocery,4,30.99,2024-05-21,123.96,287
TXN-01249,Toothbrush,Personal Care,1,55.99,2024-05-21,55.99,246
TXN-03753,Power Bank 10000Mah,Electronics,2,942.66,2024-05-21,1885.32,188
TXN-02404,Vinegar 350Ml,Grocery,3,28.52,2024-05-21,85.56,243
TXN-04883,Led Desk Lamp,Electronics,1,527.57,2024-05-21,527.57,425
TXN-01826,Soy Sauce 350Ml,Grocery,3,34.09,2024-05-21,102.27,206
TXN-03902,Usb Charging Cable,Electronics,1,155.85,2024-05-21,155.85,430
TXN-06298,Instant Noodles (Pack),Grocery,6,14.74,2024-05-22,88.44,209
TXN-04578,Stapler,School & Office Supplies,5,197.43,2024-05-22,987.15,108
TXN-02463,Broom (Walis Tingting),Household Supplies,2,64.36,2024-05-22,128.72,380
TXN-02916,Canned Sardines,Grocery,2,27.68,2024-05-22,55.36,51
TXN-01244,Facial Wash 50Ml,Personal Care,4,118.86,2024-05-22,475.44,427
TXN-03983,Ballpen (Black),School & Office Supplies,7,11.67,2024-05-22,81.69,314
TXN-01333,Highlighter,School & Office Supplies,5,47.16,2024-05-22,235.8,191
TXN-05216,Floor Mop,Household Supplies,1,238.51,2024-05-23,238.51,176
TXN-06440,Ice Cream Cup,Food & Snacks,5,34.43,2024-05-23,172.15,87
TXN-06017,Laundry Detergent 500G,Household Supplies,3,83.09,2024-05-23,249.27,85
TXN-06208,Potato Chips 60G,Food & Snacks,9,36.54,2024-05-23,328.86,194
TXN-06178,Biscuit Pack,Food & Snacks,11,24.46,2024-05-23,269.06,178
TXN-04772,Canned Sardines,Grocery,8,27.38,2024-05-23,219.04,30
TXN-03142,"Bond Paper (Short, 10S)",School & Office Supplies,5,30.35,2024-05-24,151.75,300
TXN-03138,Usb Charging Cable,Electronics,2,155.78,2024-05-24,311.56,441
TXN-06429,Peanuts 100G,Food & Snacks,11,28.13,2024-05-24,309.43,14
TXN-06129,Canned Sardines,Grocery,7,28.09,2024-05-24,196.63,52
TXN-01998,Coffee Sachet (10S),Grocery,1,65.09,2024-05-25,65.09,249
TXN-05939,Sugar 1Kg,Grocery,9,74.34,2024-05-25,669.06,200
TXN-05614,Bottled Water 1.5L,Grocery,4,26.07,2024-05-25,104.28,120
TXN-01969,Cotton Balls,Personal Care,3,34.33,2024-05-25,102.99,151
TXN-04527,Juice Drink 250Ml,Food & Snacks,4,18.06,2024-05-26,72.24,145
TXN-05341,Floor Mop,Household Supplies,2,253.55,2024-05-26,507.1,172
TXN-03404,Digital Alarm Clock,Electronics,2,290.95,2024-05-26,581.9,393
TXN-03919,Soy Sauce 350Ml,Grocery,6,34.76,2024-05-26,208.56,254
TXN-02200,Cotton Balls,Personal Care,3,33.54,2024-05-26,100.62,145
TXN-01623,Bath Soap,Personal Care,1,45.25,2024-05-26,45.25,229
TXN-02047,Lollipop Candy,Food & Snacks,8,4.95,2024-05-26,39.6,303
TXN-05401,Shampoo Sachet,Personal Care,1,7.72,2024-05-27,7.72,9
TXN-04252,Alcohol 70% 500Ml,Personal Care,1,91.38,2024-05-27,91.38,296
TXN-02034,Softdrink 1.5L,Food & Snacks,7,66.45,2024-05-27,465.15,188
TXN-02075,Vinegar 350Ml,Grocery,4,30.66,2024-05-27,122.64,304
TXN-05636,Alcohol 70% 500Ml,Personal Care,1,99.01,2024-05-27,99.01,270
TXN-03170,Evaporated Milk,Grocery,8,41.78,2024-05-28,334.24,180
TXN-06431,Peanuts 100G,Food & Snacks,7,28.9,2024-05-28,202.3,7
TXN-04715,"Bond Paper (Short, 10S)",School & Office Supplies,1,30.42,2024-05-28,30.42,211
TXN-05756,Electric Fan (Desk),Electronics,2,790.28,2024-05-28,1580.56,376
TXN-01694,Shampoo Sachet,Personal Care,1,7.71,2024-05-29,7.71,123
TXN-03414,Chocolate Bar,Food & Snacks,2,29.5,2024-05-29,59.0,112
TXN-03692,Cotton Balls,Personal Care,4,35.76,2024-05-29,143.04,80
TXN-03812,White Rice 2Kg,Grocery,7,114.69,2024-05-29,802.83,448
TXN-03193,Chocolate Bar,Food & Snacks,10,30.09,2024-05-29,300.9,135
TXN-02124,Cooking Oil 1L,Grocery,3,91.31,2024-05-29,273.93,192
TXN-02845,Air Freshener Spray,Household Supplies,1,134.57,2024-05-29,134.57,123
TXN-01216,Instant Noodles (Pack),Grocery,5,14.96,2024-05-29,74.8,135
TXN-05105,Toothbrush,Personal Care,1,54.16,2024-05-30,54.16,38
TXN-02539,Potato Chips 60G,Food & Snacks,11,33.79,2024-05-30,371.69,151
TXN-02726,Canned Sardines,Grocery,2,29.38,2024-05-30,58.76,97
TXN-02945,Air Freshener Spray,Household Supplies,1,129.0,2024-05-30,129.0,122
TXN-06293,Staple Wire,School & Office Supplies,3,35.18,2024-05-31,105.54,90
TXN-01560,Bath Soap,Personal Care,1,44.95,2024-05-31,44.95,234
TXN-04045,Usb Charging Cable,Electronics,2,153.08,2024-05-31,306.16,428
TXN-03529,Facial Wash 50Ml,Personal Care,1,124.29,2024-05-31,124.29,340
TXN-04576,Stapler,School & Office Supplies,5,189.06,2024-05-31,945.3,113
TXN-02203,Sugar 1Kg,Grocery,8,71.56,2024-05-31,572.48,66
TXN-03754,Cooking Oil 1L,Grocery,9,92.68,2024-06-01,834.12,242
TXN-02653,Toothpaste 75G,Personal Care,2,66.47,2024-06-01,132.94,240
TXN-02749,Toothpaste 75G,Personal Care,1,62.16,2024-06-01,62.16,235
TXN-02397,Dishwashing Liquid 500Ml,Household Supplies,2,75.91,2024-06-01,151.82,314
TXN-05462,Phone Case,Electronics,1,207.73,2024-06-01,207.73,306
TXN-03242,Mosquito Coil (10S),Household Supplies,1,56.26,2024-06-01,56.26,452
TXN-05315,Soy Sauce 350Ml,Grocery,2,35.82,2024-06-01,71.64,480
TXN-02295,Soy Sauce 350Ml,Grocery,2,34.02,2024-06-01,68.04,185
TXN-03289,Deodorant Roll-On,Personal Care,1,92.42,2024-06-01,92.42,165
TXN-01935,Electric Fan (Desk),Electronics,2,814.79,2024-06-02,1629.58,438
TXN-01474,Canned Sardines,Grocery,5,27.45,2024-06-02,137.25,290
TXN-02893,Trash Bag (10S),Household Supplies,3,52.64,2024-06-02,157.92,340
TXN-05602,Wireless Earbuds,Electronics,1,1325.85,2024-06-02,1325.85,223
TXN-02669,Lotion 200Ml,Personal Care,2,149.88,2024-06-02,299.76,134
TXN-06438,Ice Cream Cup,Food & Snacks,7,33.92,2024-06-03,237.44,92
TXN-02647,Notebook 80 Leaves,School & Office Supplies,3,56.18,2024-06-03,168.54,382
TXN-05935,Bath Soap,Personal Care,4,42.89,2024-06-03,171.56,48
TXN-05768,Toothbrush,Personal Care,4,56.94,2024-06-03,227.76,9
TXN-05922,Toothpaste 75G,Personal Care,1,64.43,2024-06-04,64.43,101
TXN-05891,Cooking Oil 1L,Grocery,9,89.99,2024-06-04,809.91,285
TXN-02205,Dishwashing Liquid 500Ml,Household Supplies,1,72.49,2024-06-04,72.49,323
TXN-03084,Usb Charging Cable,Electronics,1,150.76,2024-06-04,150.76,443
TXN-06001,Staple Wire,School & Office Supplies,6,34.65,2024-06-05,207.9,95
TXN-02091,Alcohol 70% 500Ml,Personal Care,2,95.71,2024-06-05,191.42,389
TXN-02680,Folder (Long),School & Office Supplies,5,17.99,2024-06-05,89.95,288
TXN-03384,Folder (Long),School & Office Supplies,4,17.68,2024-06-05,70.72,264
TXN-04065,Air Freshener Spray,Household Supplies,3,132.6,2024-06-06,397.8,93
TXN-06049,Chocolate Bar,Food & Snacks,8,31.23,2024-06-06,249.84,11
TXN-01660,Highlighter,School & Office Supplies,5,47.05,2024-06-06,235.25,158
TXN-05019,Fabric Conditioner 500Ml,Household Supplies,3,98.8,2024-06-06,296.4,230
TXN-02179,Facial Wash 50Ml,Personal Care,1,117.05,2024-06-06,117.05,409
TXN-04062,Scotch Tape,School & Office Supplies,1,25.91,2024-06-06,25.91,201
TXN-04187,Vinegar 350Ml,Grocery,8,29.1,2024-06-07,232.8,7
TXN-01165,Coffee Sachet (10S),Grocery,9,63.85,2024-06-07,574.65,412
TXN-04652,Peanuts 100G,Food & Snacks,4,28.96,2024-06-07,115.84,185
TXN-06408,Electric Fan (Desk),Electronics,1,774.52,2024-06-07,774.52,366
TXN-01860,Broom (Walis Tingting),Household Supplies,1,65.48,2024-06-07,65.48,399
TXN-04807,Coffee Sachet (10S),Grocery,8,67.95,2024-06-07,543.6,105
TXN-04984,Power Bank 10000Mah,Electronics,2,894.97,2024-06-07,1789.94,169
TXN-03381,Softdrink 1.5L,Food & Snacks,1,62.87,2024-06-07,62.87,181
TXN-01096,Candle (6S),Household Supplies,3,43.78,2024-06-08,131.34,439
TXN-04417,Shampoo Sachet,Personal Care,4,8.32,2024-06-08,33.28,38
TXN-04445,Led Desk Lamp,Electronics,1,529.14,2024-06-08,529.14,432
TXN-04809,Biscuit Pack,Food & Snacks,7,25.14,2024-06-08,175.98,359
TXN-01403,Lollipop Candy,Food & Snacks,3,5.21,2024-06-08,15.63,426
TXN-04992,Instant Noodles (Pack),Grocery,7,15.64,2024-06-08,109.48,8
TXN-04494,Cotton Balls,Personal Care,2,35.49,2024-06-08,70.98,60
TXN-03303,Lotion 200Ml,Personal Care,1,149.8,2024-06-09,149.8,101
TXN-04055,Ballpen (Black),School & Office Supplies,1,12.52,2024-06-09,12.52,313
TXN-04878,Broom (Walis Tingting),Household Supplies,1,66.57,2024-06-09,66.57,345
TXN-05611,Sugar 1Kg,Grocery,6,74.21,2024-06-09,445.26,253
TXN-02239,Notebook 80 Leaves,School & Office Supplies,7,53.35,2024-06-09,373.45,413
TXN-03668,Energy Drink 250Ml,Food & Snacks,8,44.17,2024-06-09,353.36,249
TXN-01913,Shampoo Sachet,Personal Care,3,7.63,2024-06-10,22.89,120
TXN-06048,Potato Chips 60G,Food & Snacks,6,34.31,2024-06-10,205.86,218
TXN-03280,Sponge Scrub (2S),Household Supplies,1,35.3,2024-06-10,35.3,241
TXN-05266,Toothpaste 75G,Personal Care,1,62.35,2024-06-10,62.35,135
TXN-03568,"Bond Paper (Short, 10S)",School & Office Supplies,5,31.35,2024-06-11,156.75,274
TXN-04792,Trash Bag (10S),Household Supplies,2,56.49,2024-06-11,112.98,290
TXN-05481,Extension Cord,Electronics,2,333.07,2024-06-11,666.14,106
TXN-05915,Bottled Water 1.5L,Grocery,4,26.07,2024-06-11,104.28,66
TXN-04392,Scotch Tape,School & Office Supplies,2,25.73,2024-06-11,51.46,173
TXN-02537,"Bond Paper (Short, 10S)",School & Office Supplies,1,30.26,2024-06-11,30.26,335
TXN-04824,Bottled Water 1.5L,Grocery,5,24.23,2024-06-11,121.15,250
TXN-03456,Toothbrush,Personal Care,1,53.69,2024-06-11,53.69,136
TXN-05502,Eraser,School & Office Supplies,5,15.65,2024-06-11,78.25,466
TXN-06358,Extension Cord,Electronics,1,362.0,2024-06-11,362.0,102
TXN-02613,Eraser,School & Office Supplies,2,14.58,2024-06-11,29.16,132
TXN-06448,Ice Cream Cup,Food & Snacks,4,33.93,2024-06-11,135.72,83
TXN-02024,Broom (Walis Tingting),Household Supplies,3,68.12,2024-06-12,204.36,394
TXN-01654,Instant Noodles (Pack),Grocery,4,15.08,2024-06-12,60.32,43
TXN-03194,Folder (Long),School & Office Supplies,3,18.02,2024-06-12,54.06,274
TXN-03507,Sanitary Napkin (8S),Personal Care,1,79.73,2024-06-13,79.73,303
TXN-05827,Potato Chips 60G,Food & Snacks,8,36.64,2024-06-13,293.12,247
TXN-05665,Bath Soap,Personal Care,3,46.26,2024-06-13,138.78,68
TXN-04647,Juice Drink 250Ml,Food & Snacks,7,17.98,2024-06-14,125.86,130
TXN-02877,Dishwashing Liquid 500Ml,Household Supplies,1,75.09,2024-06-14,75.09,311
TXN-01219,Stapler,School & Office Supplies,2,197.02,2024-06-14,394.04,329
TXN-05402,Sanitary Napkin (8S),Personal Care,4,81.46,2024-06-14,325.84,223
TXN-05798,Peanuts 100G,Food & Snacks,2,29.32,2024-06-15,58.64,97
TXN-05563,Chocolate Bar,Food & Snacks,6,29.06,2024-06-15,174.36,130
TXN-02631,Bottled Water 1.5L,Grocery,6,25.36,2024-06-15,152.16,179
TXN-06216,Highlighter,School & Office Supplies,7,44.44,2024-06-15,311.08,291
TXN-04574,White Rice 2Kg,Grocery,4,125.53,2024-06-15,502.12,321
TXN-03890,Evaporated Milk,Grocery,9,43.77,2024-06-15,393.93,82
TXN-01604,Candle (6S),Household Supplies,1,44.09,2024-06-15,44.09,417
TXN-03680,Sponge Scrub (2S),Household Supplies,1,33.77,2024-06-15,33.77,230
TXN-05065,Peanuts 100G,Food & Snacks,1,29.09,2024-06-15,29.09,151
TXN-01084,Screen Protector,Electronics,1,101.4,2024-06-16,101.4,264
TXN-01837,Lotion 200Ml,Personal Care,2,144.25,2024-06-16,288.5,181
TXN-03279,Potato Chips 60G,Food & Snacks,7,33.67,2024-06-16,235.69,88
TXN-01766,Staple Wire,School & Office Supplies,4,34.6,2024-06-16,138.4,319
TXN-01579,Ballpen (Black),School & Office Supplies,3,12.4,2024-06-17,37.2,437
TXN-02783,Lollipop Candy,Food & Snacks,10,4.8,2024-06-17,48.0,168
TXN-02095,Chocolate Bar,Food & Snacks,9,28.89,2024-06-17,260.01,271
TXN-04690,Lotion 200Ml,Personal Care,3,156.34,2024-06-17,469.02,22
TXN-03007,Highlighter,School & Office Supplies,4,46.02,2024-06-17,184.08,104
TXN-05422,Energy Drink 250Ml,Food & Snacks,2,46.51,2024-06-17,93.02,11
TXN-05398,Peanuts 100G,Food & Snacks,2,28.3,2024-06-17,56.6,128
TXN-01631,Broom (Walis Tingting),Household Supplies,1,66.3,2024-06-17,66.3,402
TXN-05464,Softdrink 1.5L,Food & Snacks,8,67.85,2024-06-17,542.8,142
TXN-04810,Deodorant Roll-On,Personal Care,4,88.08,2024-06-17,352.32,89
TXN-04322,Sponge Scrub (2S),Household Supplies,2,34.17,2024-06-18,68.34,219
TXN-03517,Facial Wash 50Ml,Personal Care,2,123.18,2024-06-18,246.36,341
TXN-04353,Lollipop Candy,Food & Snacks,10,4.8,2024-06-18,48.0,455
TXN-02323,Juice Drink 250Ml,Food & Snacks,2,17.64,2024-06-19,35.28,284
TXN-04230,Coffee Sachet (10S),Grocery,8,67.05,2024-06-20,536.4,160
TXN-05469,Highlighter,School & Office Supplies,4,45.56,2024-06-20,182.24,331
TXN-03931,Canned Sardines,Grocery,2,29.51,2024-06-20,59.02,150
TXN-04011,Scotch Tape,School & Office Supplies,1,25.34,2024-06-20,25.34,203
TXN-03574,"Bond Paper (Short, 10S)",School & Office Supplies,6,31.5,2024-06-21,189.0,268
TXN-04743,Ice Cream Cup,Food & Snacks,5,36.7,2024-06-21,183.5,294
TXN-04934,Coffee Sachet (10S),Grocery,3,62.08,2024-06-22,186.24,84
TXN-03561,Usb Charging Cable,Electronics,2,147.35,2024-06-22,294.7,435
TXN-02810,Ballpen (Black),School & Office Supplies,3,12.37,2024-06-22,37.11,380
TXN-05252,Potato Chips 60G,Food & Snacks,9,35.26,2024-06-22,317.34,311
TXN-05305,Ice Cream Cup,Food & Snacks,11,35.36,2024-06-23,388.96,245
TXN-04586,Juice Drink 250Ml,Food & Snacks,3,17.65,2024-06-23,52.95,142
TXN-04071,Evaporated Milk,Grocery,3,41.6,2024-06-23,124.8,31
TXN-05679,Instant Noodles (Pack),Grocery,2,14.88,2024-06-23,29.76,289
TXN-03552,Floor Mop,Household Supplies,1,243.07,2024-06-24,243.07,208
TXN-04231,Usb Charging Cable,Electronics,2,152.61,2024-06-24,305.22,423
TXN-03300,Energy Drink 250Ml,Food & Snacks,1,43.18,2024-06-24,43.18,305
TXN-03086,Soy Sauce 350Ml,Grocery,9,33.85,2024-06-24,304.65,29
TXN-01319,Bath Soap,Personal Care,2,44.31,2024-06-24,88.62,241
TXN-05149,Electric Fan (Desk),Electronics,1,828.38,2024-06-25,828.38,386
TXN-05493,Facial Wash 50Ml,Personal Care,1,114.78,2024-06-25,114.78,244
TXN-02699,Staple Wire,School & Office Supplies,6,35.92,2024-06-25,215.52,265
TXN-03405,Lotion 200Ml,Personal Care,1,149.95,2024-06-25,149.95,100
TXN-02141,Lollipop Candy,Food & Snacks,3,4.79,2024-06-26,14.37,300
TXN-04005,Fabric Conditioner 500Ml,Household Supplies,2,98.87,2024-06-27,197.74,252
TXN-01135,Ice Cream Cup,Food & Snacks,4,34.69,2024-06-27,138.76,439
TXN-06114,Evaporated Milk,Grocery,3,43.59,2024-06-27,130.77,385
TXN-06083,Toothpaste 75G,Personal Care,2,68.03,2024-06-27,136.06,89
TXN-06223,Soy Sauce 350Ml,Grocery,5,36.74,2024-06-28,183.7,417
TXN-06482,Ice Cream Cup,Food & Snacks,3,35.17,2024-06-28,105.51,80
TXN-03794,Potato Chips 60G,Food & Snacks,2,34.69,2024-06-28,69.38,26
TXN-05697,White Rice 2Kg,Grocery,1,125.22,2024-06-28,125.22,135
TXN-03026,Pencil,School & Office Supplies,3,10.13,2024-06-28,30.39,233
TXN-03632,Instant Noodles (Pack),Grocery,5,15.12,2024-06-29,75.6,245
TXN-05876,Broom (Walis Tingting),Household Supplies,1,65.52,2024-06-29,65.52,325
TXN-03721,Alcohol 70% 500Ml,Personal Care,4,91.7,2024-06-29,366.8,313
TXN-06065,Canned Sardines,Grocery,3,28.75,2024-06-29,86.25,65
TXN-04882,Extension Cord,Electronics,2,334.12,2024-06-29,668.24,121
TXN-05850,Dishwashing Liquid 500Ml,Household Supplies,2,77.43,2024-06-30,154.86,243
TXN-02944,Energy Drink 250Ml,Food & Snacks,6,42.9,2024-06-30,257.4,352
TXN-01012,Sugar 1Kg,Grocery,5,72.77,2024-06-30,363.85,234
TXN-01896,Vinegar 350Ml,Grocery,7,29.57,2024-06-30,206.99,339
TXN-01852,Instant Noodles (Pack),Grocery,9,15.63,2024-06-30,140.67,2
TXN-03999,Instant Noodles (Pack),Grocery,5,15.19,2024-06-30,75.95,169
TXN-04495,"Bond Paper (Short, 10S)",School & Office Supplies,4,29.72,2024-07-01,118.88,213
TXN-06142,Ice Cream Cup,Food & Snacks,10,36.2,2024-07-01,362.0,149
TXN-02264,Facial Wash 50Ml,Personal Care,4,114.56,2024-07-01,458.24,401
TXN-04469,Pencil,School & Office Supplies,2,10.39,2024-07-01,20.78,195
TXN-04710,Digital Alarm Clock,Electronics,1,304.92,2024-07-01,304.92,363
TXN-06289,Sugar 1Kg,Grocery,7,76.51,2024-07-01,535.57,115
TXN-03875,Lotion 200Ml,Personal Care,2,146.33,2024-07-01,292.66,81
TXN-03004,Sugar 1Kg,Grocery,3,76.95,2024-07-01,230.85,363
TXN-04750,Deodorant Roll-On,Personal Care,3,88.5,2024-07-01,265.5,95
TXN-01757,Cooking Oil 1L,Grocery,6,85.55,2024-07-02,513.3,257
TXN-02935,Bread Loaf,Food & Snacks,6,66.23,2024-07-02,397.38,29
TXN-04183,Sponge Scrub (2S),Household Supplies,2,34.11,2024-07-02,68.22,221
TXN-06051,Canned Sardines,Grocery,9,29.32,2024-07-02,263.88,68
TXN-03429,Juice Drink 250Ml,Food & Snacks,3,18.53,2024-07-03,55.59,72
TXN-05175,Laundry Detergent 500G,Household Supplies,1,84.16,2024-07-03,84.16,119
TXN-02722,Biscuit Pack,Food & Snacks,7,24.94,2024-07-03,174.58,311
TXN-01117,Instant Noodles (Pack),Grocery,9,15.39,2024-07-04,138.51,146
TXN-03195,Notebook 80 Leaves,School & Office Supplies,1,56.84,2024-07-04,56.84,366
TXN-03133,Juice Drink 250Ml,Food & Snacks,1,17.81,2024-07-04,17.81,144
TXN-04673,Lotion 200Ml,Personal Care,4,150.63,2024-07-04,602.52,25
TXN-04448,Potato Chips 60G,Food & Snacks,6,35.66,2024-07-04,213.96,430
TXN-04907,Screen Protector,Electronics,1,100.25,2024-07-04,100.25,201
TXN-05882,Toothbrush,Personal Care,4,57.47,2024-07-04,229.88,0
TXN-04278,Candle (6S),Household Supplies,1,46.81,2024-07-05,46.81,369
TXN-03440,Evaporated Milk,Grocery,4,43.92,2024-07-05,175.68,146
TXN-05385,Lotion 200Ml,Personal Care,1,155.94,2024-07-05,155.94,404
TXN-03055,Sanitary Napkin (8S),Personal Care,3,75.76,2024-07-05,227.28,324
TXN-02671,White Rice 2Kg,Grocery,2,125.72,2024-07-05,251.44,165
TXN-03675,Soy Sauce 350Ml,Grocery,5,34.07,2024-07-05,170.35,289
TXN-04320,Biscuit Pack,Food & Snacks,1,25.62,2024-07-06,25.62,15
TXN-03167,Alcohol 70% 500Ml,Personal Care,3,90.54,2024-07-06,271.62,335
TXN-04043,Bath Soap,Personal Care,1,43.94,2024-07-06,43.94,131
TXN-05608,Vinegar 350Ml,Grocery,6,28.61,2024-07-06,171.66,64
TXN-03052,Sanitary Napkin (8S),Personal Care,2,81.71,2024-07-06,163.42,327
TXN-01625,Shampoo Sachet,Personal Care,4,8.36,2024-07-06,33.44,124
TXN-01988,Sanitary Napkin (8S),Personal Care,1,77.75,2024-07-06,77.75,371
TXN-05056,Pencil,School & Office Supplies,5,9.82,2024-07-07,49.1,149
TXN-05233,Lollipop Candy,Food & Snacks,5,5.15,2024-07-08,25.75,355
TXN-02829,Bread Loaf,Food & Snacks,3,62.16,2024-07-08,186.48,48
TXN-01153,Air Freshener Spray,Household Supplies,1,129.54,2024-07-08,129.54,157
TXN-02656,Fabric Conditioner 500Ml,Household Supplies,1,92.1,2024-07-08,92.1,282
TXN-01725,Bath Soap,Personal Care,3,43.6,2024-07-08,130.8,224
TXN-01953,Vinegar 350Ml,Grocery,6,29.88,2024-07-09,179.28,320
TXN-03083,Laundry Detergent 500G,Household Supplies,1,85.86,2024-07-09,85.86,153
TXN-02608,Vinegar 350Ml,Grocery,4,30.55,2024-07-09,122.2,189
TXN-02691,Sugar 1Kg,Grocery,6,73.93,2024-07-10,443.58,11
TXN-05501,Sugar 1Kg,Grocery,5,74.54,2024-07-10,372.7,276
TXN-02379,Staple Wire,School & Office Supplies,4,33.82,2024-07-11,135.28,280
TXN-05103,Electric Fan (Desk),Electronics,1,792.72,2024-07-11,792.72,387
TXN-03981,Bath Soap,Personal Care,1,46.57,2024-07-11,46.57,132
TXN-01004,Chocolate Bar,Food & Snacks,8,30.56,2024-07-11,244.48,388
TXN-01510,Vinegar 350Ml,Grocery,1,29.06,2024-07-12,29.06,377
TXN-01441,Lollipop Candy,Food & Snacks,8,5.12,2024-07-12,40.96,418
TXN-04768,Chocolate Bar,Food & Snacks,7,28.86,2024-07-12,202.02,219
TXN-04893,Phone Case,Electronics,2,191.07,2024-07-12,382.14,320
TXN-05467,Lollipop Candy,Food & Snacks,9,4.96,2024-07-12,44.64,338
TXN-06193,Candle (6S),Household Supplies,2,44.31,2024-07-12,88.62,319
TXN-04090,Lotion 200Ml,Personal Care,4,153.94,2024-07-13,615.76,74
TXN-03323,Canned Sardines,Grocery,6,29.38,2024-07-13,176.28,8
TXN-03541,White Rice 2Kg,Grocery,2,114.2,2024-07-13,228.4,33
TXN-06331,Ice Cream Cup,Food & Snacks,5,35.07,2024-07-14,175.35,125
TXN-05869,Cotton Balls,Personal Care,3,33.81,2024-07-15,101.43,355
TXN-04888,Staple Wire,School & Office Supplies,1,34.07,2024-07-15,34.07,152
TXN-05517,Digital Alarm Clock,Electronics,1,301.77,2024-07-15,301.77,352
TXN-05157,Ice Cream Cup,Food & Snacks,10,33.73,2024-07-16,337.3,256
TXN-05235,Folder (Long),School & Office Supplies,5,17.42,2024-07-16,87.1,124
TXN-05794,Cooking Oil 1L,Grocery,3,92.48,2024-07-16,277.44,299
TXN-02446,Vinegar 350Ml,Grocery,3,29.59,2024-07-17,88.77,240
TXN-01629,Phone Case,Electronics,1,191.96,2024-07-17,191.96,375
TXN-02681,Ice Cream Cup,Food & Snacks,9,36.35,2024-07-17,327.15,205
TXN-01237,Floor Mop,Household Supplies,3,256.5,2024-07-17,769.5,255
TXN-04076,Coffee Sachet (10S),Grocery,9,67.8,2024-07-17,610.2,217
TXN-01059,Dishwashing Liquid 500Ml,Household Supplies,1,77.18,2024-07-17,77.18,346
TXN-05892,Vinegar 350Ml,Grocery,6,29.84,2024-07-18,179.04,282
TXN-04153,Sugar 1Kg,Grocery,2,72.85,2024-07-18,145.7,98
TXN-06320,"Bond Paper (Short, 10S)",School & Office Supplies,2,30.5,2024-07-18,61.0,121
TXN-04555,Ice Cream Cup,Food & Snacks,10,34.55,2024-07-18,345.5,316
TXN-01542,Bread Loaf,Food & Snacks,8,65.95,2024-07-18,527.6,154
TXN-06341,Ballpen (Black),School & Office Supplies,4,12.48,2024-07-18,49.92,178
TXN-04812,Coffee Sachet (10S),Grocery,3,68.01,2024-07-18,204.03,102
TXN-04355,Sanitary Napkin (8S),Personal Care,2,75.25,2024-07-18,150.5,268
TXN-04092,Peanuts 100G,Food & Snacks,3,27.91,2024-07-18,83.73,248
TXN-01029,Vinegar 350Ml,Grocery,1,30.46,2024-07-19,30.46,437
TXN-03489,Energy Drink 250Ml,Food & Snacks,3,46.07,2024-07-19,138.21,272
TXN-01260,Chocolate Bar,Food & Snacks,7,29.43,2024-07-20,206.01,363
TXN-04342,Scotch Tape,School & Office Supplies,7,25.25,2024-07-20,176.75,177
TXN-02291,Cooking Oil 1L,Grocery,8,91.64,2024-07-20,733.12,139
TXN-05989,Floor Mop,Household Supplies,3,259.09,2024-07-20,777.27,151
TXN-03233,Energy Drink 250Ml,Food & Snacks,6,45.36,2024-07-20,272.16,306
TXN-04569,Sugar 1Kg,Grocery,2,73.34,2024-07-21,146.68,22
TXN-02629,Digital Alarm Clock,Electronics,1,296.82,2024-07-21,296.82,410
TXN-02956,Facial Wash 50Ml,Personal Care,1,121.96,2024-07-21,121.96,364
TXN-04363,Instant Noodles (Pack),Grocery,2,15.11,2024-07-21,30.22,95
TXN-05599,Folder (Long),School & Office Supplies,7,18.45,2024-07-22,129.15,101
TXN-04345,Folder (Long),School & Office Supplies,7,17.53,2024-07-22,122.71,187
TXN-05593,Soy Sauce 350Ml,Grocery,9,36.22,2024-07-22,325.98,445
TXN-02346,Toothpaste 75G,Personal Care,3,66.21,2024-07-22,198.63,258
TXN-05828,Coffee Sachet (10S),Grocery,2,63.25,2024-07-22,126.5,161
TXN-01276,Soy Sauce 350Ml,Grocery,7,36.65,2024-07-22,256.55,291
TXN-02622,Eraser,School & Office Supplies,5,15.39,2024-07-22,76.95,127
TXN-01102,Energy Drink 250Ml,Food & Snacks,10,44.66,2024-07-23,446.6,266
TXN-03778,Highlighter,School & Office Supplies,4,44.06,2024-07-23,176.24,65
TXN-01220,Highlighter,School & Office Supplies,1,44.58,2024-07-23,44.58,204
TXN-05480,Lotion 200Ml,Personal Care,3,145.24,2024-07-23,435.72,401
TXN-02723,Chocolate Bar,Food & Snacks,8,28.92,2024-07-23,231.36,178
TXN-03036,Staple Wire,School & Office Supplies,5,35.61,2024-07-23,178.05,248
TXN-02159,Canned Sardines,Grocery,7,28.42,2024-07-24,198.94,175
TXN-02436,Eraser,School & Office Supplies,5,14.68,2024-07-24,73.4,150
TXN-02976,Evaporated Milk,Grocery,9,41.3,2024-07-24,371.7,232
TXN-03175,Air Freshener Spray,Household Supplies,1,132.94,2024-07-24,132.94,118
TXN-04425,Instant Noodles (Pack),Grocery,1,15.37,2024-07-25,15.37,85
TXN-02809,Chocolate Bar,Food & Snacks,6,29.0,2024-07-25,174.0,162
TXN-04667,Juice Drink 250Ml,Food & Snacks,7,18.11,2024-07-26,126.77,110
TXN-02303,Juice Drink 250Ml,Food & Snacks,6,17.14,2024-07-26,102.84,286
TXN-06280,Candle (6S),Household Supplies,1,46.24,2024-07-27,46.24,314
TXN-04895,Folder (Long),School & Office Supplies,3,18.74,2024-07-27,56.22,139
TXN-04404,Sugar 1Kg,Grocery,7,74.88,2024-07-28,524.16,38
TXN-03046,Biscuit Pack,Food & Snacks,5,25.68,2024-07-28,128.4,259
TXN-03163,Peanuts 100G,Food & Snacks,2,27.47,2024-07-28,54.94,347
TXN-02150,Led Desk Lamp,Electronics,2,548.55,2024-07-28,1097.1,470
TXN-03584,Scotch Tape,School & Office Supplies,4,23.9,2024-07-28,95.6,225
TXN-05361,Energy Drink 250Ml,Food & Snacks,7,45.83,2024-07-28,320.81,20
TXN-03244,Sugar 1Kg,Grocery,2,72.25,2024-07-28,144.5,314
TXN-03448,Alcohol 70% 500Ml,Personal Care,2,96.18,2024-07-28,192.36,326
TXN-03847,Lotion 200Ml,Personal Care,1,151.87,2024-07-28,151.87,83
TXN-05427,Sugar 1Kg,Grocery,7,73.22,2024-07-29,512.54,303
TXN-02775,Softdrink 1.5L,Food & Snacks,4,66.34,2024-07-30,265.36,95
TXN-03589,Coffee Sachet (10S),Grocery,7,65.94,2024-07-30,461.58,302
TXN-01422,Dishwashing Liquid 500Ml,Household Supplies,1,78.51,2024-07-30,78.51,340
TXN-03532,Soy Sauce 350Ml,Grocery,3,34.41,2024-07-30,103.23,296
TXN-03682,Bluetooth Speaker,Electronics,1,1452.09,2024-07-30,1452.09,253
TXN-02898,Ice Cream Cup,Food & Snacks,9,35.61,2024-07-30,320.49,168
TXN-03573,Evaporated Milk,Grocery,2,42.4,2024-07-31,84.8,124
TXN-04481,Stapler,School & Office Supplies,1,189.49,2024-07-31,189.49,124
TXN-03644,Coffee Sachet (10S),Grocery,7,67.43,2024-07-31,472.01,295
TXN-04389,Peanuts 100G,Food & Snacks,4,26.99,2024-08-01,107.96,217
TXN-05339,Laundry Detergent 500G,Household Supplies,4,86.63,2024-08-01,346.52,112
TXN-04993,Scotch Tape,School & Office Supplies,4,25.4,2024-08-01,101.6,121
TXN-05206,Mosquito Coil (10S),Household Supplies,4,53.26,2024-08-01,213.04,406
TXN-03254,Sugar 1Kg,Grocery,8,77.24,2024-08-01,617.92,293
TXN-01721,Stapler,School & Office Supplies,2,208.11,2024-08-01,416.22,281
TXN-05556,Cooking Oil 1L,Grocery,2,86.94,2024-08-01,173.88,313
TXN-05920,Folder (Long),School & Office Supplies,8,17.52,2024-08-02,140.16,74
TXN-03735,Bread Loaf,Food & Snacks,7,65.19,2024-08-02,456.33,265
TXN-03606,Sugar 1Kg,Grocery,7,78.04,2024-08-03,546.28,228
TXN-06028,White Rice 2Kg,Grocery,4,116.01,2024-08-03,464.04,94
TXN-02596,Extension Cord,Electronics,1,343.14,2024-08-03,343.14,148
TXN-02408,Instant Noodles (Pack),Grocery,4,15.74,2024-08-03,62.96,417
TXN-04312,Floor Mop,Household Supplies,1,237.99,2024-08-03,237.99,200
TXN-03886,Dishwashing Liquid 500Ml,Household Supplies,3,77.28,2024-08-04,231.84,281
TXN-06434,Instant Noodles (Pack),Grocery,9,15.3,2024-08-04,137.7,178
TXN-01042,Phone Case,Electronics,1,191.99,2024-08-04,191.99,386
TXN-01501,Biscuit Pack,Food & Snacks,13,24.77,2024-08-04,322.01,68
TXN-02283,Ballpen (Black),School & Office Supplies,5,11.71,2024-08-04,58.55,405
TXN-02066,Cooking Oil 1L,Grocery,7,91.4,2024-08-05,639.8,204
TXN-01713,"Bond Paper (Short, 10S)",School & Office Supplies,3,28.91,2024-08-05,86.73,402
TXN-03723,Toothbrush,Personal Care,1,54.89,2024-08-05,54.89,120
TXN-02356,Energy Drink 250Ml,Food & Snacks,4,47.0,2024-08-06,188.0,64
TXN-01727,Facial Wash 50Ml,Personal Care,5,118.29,2024-08-06,591.45,414
TXN-06428,Softdrink 1.5L,Food & Snacks,3,62.75,2024-08-06,188.25,25
TXN-04562,Energy Drink 250Ml,Food & Snacks,12,44.47,2024-08-06,533.64,113
TXN-02617,Screen Protector,Electronics,2,103.86,2024-08-06,207.72,226
TXN-01149,Toothbrush,Personal Care,4,53.65,2024-08-06,214.6,250
TXN-04474,Chocolate Bar,Food & Snacks,3,29.63,2024-08-06,88.89,275
TXN-06491,Vinegar 350Ml,Grocery,4,29.81,2024-08-07,119.24,206
TXN-03227,Cooking Oil 1L,Grocery,8,88.18,2024-08-07,705.44,10
TXN-04679,Soy Sauce 350Ml,Grocery,8,36.37,2024-08-07,290.96,122
TXN-04379,Power Bank 10000Mah,Electronics,3,918.72,2024-08-07,2756.16,180
TXN-01118,White Rice 2Kg,Grocery,5,118.15,2024-08-07,590.75,410
TXN-01320,Mosquito Coil (10S),Household Supplies,1,54.62,2024-08-07,54.62,488
TXN-05605,Vinegar 350Ml,Grocery,9,29.02,2024-08-07,261.18,70
TXN-01154,Highlighter,School & Office Supplies,1,45.8,2024-08-08,45.8,207
TXN-01345,Digital Alarm Clock,Electronics,3,307.25,2024-08-08,921.75,418
TXN-02675,Vinegar 350Ml,Grocery,6,29.91,2024-08-08,179.46,176
TXN-04343,Cooking Oil 1L,Grocery,5,86.18,2024-08-08,430.9,166
TXN-05955,"Bond Paper (Short, 10S)",School & Office Supplies,8,28.56,2024-08-08,228.48,143
TXN-06118,Alcohol 70% 500Ml,Personal Care,2,93.67,2024-08-09,187.34,256
TXN-04965,Chocolate Bar,Food & Snacks,4,29.4,2024-08-09,117.6,197
TXN-01978,Sugar 1Kg,Grocery,5,72.71,2024-08-09,363.55,86
TXN-01139,Trash Bag (10S),Household Supplies,2,57.43,2024-08-09,114.86,364
TXN-02215,Power Bank 10000Mah,Electronics,2,875.86,2024-08-10,1751.72,218
TXN-03576,Canned Sardines,Grocery,3,28.82,2024-08-10,86.46,188
TXN-04746,Canned Sardines,Grocery,6,29.67,2024-08-10,178.02,38
TXN-01288,Bluetooth Speaker,Electronics,2,1481.93,2024-08-10,2963.86,293
TXN-04902,Toothpaste 75G,Personal Care,5,64.81,2024-08-10,324.05,153
TXN-01749,Canned Sardines,Grocery,4,29.65,2024-08-10,118.6,251
TXN-05588,Evaporated Milk,Grocery,8,40.44,2024-08-10,323.52,45
TXN-05421,Facial Wash 50Ml,Personal Care,1,118.91,2024-08-10,118.91,245
TXN-02027,Vinegar 350Ml,Grocery,8,29.31,2024-08-11,234.48,308
TXN-04311,Sugar 1Kg,Grocery,6,76.16,2024-08-11,456.96,52
TXN-02808,Juice Drink 250Ml,Food & Snacks,4,18.82,2024-08-11,75.28,188
TXN-05806,Peanuts 100G,Food & Snacks,7,26.93,2024-08-11,188.51,90
TXN-03678,Energy Drink 250Ml,Food & Snacks,3,42.94,2024-08-11,128.82,246
TXN-04172,Folder (Long),School & Office Supplies,1,18.59,2024-08-12,18.59,210
TXN-03587,Cooking Oil 1L,Grocery,11,90.29,2024-08-12,993.19,267
TXN-04475,Pencil,School & Office Supplies,5,10.5,2024-08-12,52.5,190
TXN-06488,Facial Wash 50Ml,Personal Care,3,123.55,2024-08-12,370.65,196
TXN-02050,Potato Chips 60G,Food & Snacks,2,33.89,2024-08-12,67.78,212
TXN-01688,Vinegar 350Ml,Grocery,11,31.49,2024-08-13,346.39,356
TXN-06144,Bread Loaf,Food & Snacks,11,67.25,2024-08-13,739.75,386
TXN-03996,White Rice 2Kg,Grocery,6,117.07,2024-08-13,702.42,403
TXN-03296,Lotion 200Ml,Personal Care,5,149.5,2024-08-14,747.5,102
TXN-03628,Phone Case,Electronics,2,207.8,2024-08-14,415.6,333
TXN-06233,Evaporated Milk,Grocery,6,40.17,2024-08-15,241.02,347
TXN-04658,Staple Wire,School & Office Supplies,4,35.19,2024-08-15,140.76,171
TXN-04528,Ice Cream Cup,Food & Snacks,3,36.27,2024-08-15,108.81,326
TXN-05819,Instant Noodles (Pack),Grocery,2,15.33,2024-08-15,30.66,271
TXN-02062,Biscuit Pack,Food & Snacks,3,25.65,2024-08-15,76.95,438
TXN-02661,Lotion 200Ml,Personal Care,1,145.85,2024-08-16,145.85,137
TXN-04410,Instant Noodles (Pack),Grocery,2,15.12,2024-08-16,30.24,86
TXN-05064,Mosquito Coil (10S),Household Supplies,2,55.69,2024-08-16,111.38,414
TXN-02926,Soy Sauce 350Ml,Grocery,9,33.52,2024-08-16,301.68,73
TXN-02790,Highlighter,School & Office Supplies,6,46.98,2024-08-16,281.88,108
TXN-03563,Toothpaste 75G,Personal Care,3,63.0,2024-08-17,189.0,195
TXN-01246,Air Freshener Spray,Household Supplies,2,134.03,2024-08-17,268.06,155
TXN-06126,Cooking Oil 1L,Grocery,6,89.73,2024-08-17,538.38,243
TXN-04121,White Rice 2Kg,Grocery,2,123.8,2024-08-17,247.6,392
TXN-02055,"Bond Paper (Short, 10S)",School & Office Supplies,7,31.49,2024-08-17,220.43,368
TXN-02149,Folder (Long),School & Office Supplies,8,17.33,2024-08-17,138.64,324
TXN-05413,Chocolate Bar,Food & Snacks,13,30.28,2024-08-17,393.64,152
TXN-05612,Candle (6S),Household Supplies,3,43.26,2024-08-18,129.78,335
TXN-04627,Cooking Oil 1L,Grocery,4,86.7,2024-08-18,346.8,130
TXN-01547,Air Freshener Spray,Household Supplies,2,129.82,2024-08-18,259.64,150
TXN-01970,Cooking Oil 1L,Grocery,3,92.1,2024-08-18,276.3,228
TXN-01487,Lotion 200Ml,Personal Care,5,149.11,2024-08-18,745.55,197
TXN-03075,Bread Loaf,Food & Snacks,12,66.62,2024-08-19,799.44,4
TXN-05786,Evaporated Milk,Grocery,8,42.58,2024-08-19,340.64,12
TXN-04554,Eraser,School & Office Supplies,2,15.37,2024-08-19,30.74,35
TXN-05890,Dishwashing Liquid 500Ml,Household Supplies,2,76.91,2024-08-19,153.82,241
TXN-02977,Bath Soap,Personal Care,4,43.98,2024-08-19,175.92,185
TXN-02538,Highlighter,School & Office Supplies,3,47.19,2024-08-20,141.57,127
TXN-01247,Staple Wire,School & Office Supplies,4,35.64,2024-08-20,142.56,348
TXN-02946,Vinegar 350Ml,Grocery,7,31.18,2024-08-20,218.26,138
TXN-04103,Scotch Tape,School & Office Supplies,7,24.51,2024-08-20,171.57,194
TXN-01273,Deodorant Roll-On,Personal Care,5,92.56,2024-08-20,462.8,240
TXN-05643,Power Bank 10000Mah,Electronics,1,940.89,2024-08-20,940.89,162
TXN-05366,Electric Fan (Desk),Electronics,2,815.75,2024-08-20,1631.5,383
TXN-03594,Sponge Scrub (2S),Household Supplies,3,35.28,2024-08-20,105.84,233
TXN-01520,Lotion 200Ml,Personal Care,5,149.47,2024-08-21,747.35,190
TXN-06402,Bath Soap,Personal Care,5,46.49,2024-08-21,232.45,25
TXN-05623,Lollipop Candy,Food & Snacks,2,5.14,2024-08-21,10.28,321
TXN-05581,Coffee Sachet (10S),Grocery,4,66.52,2024-08-21,266.08,1
TXN-02900,Bath Soap,Personal Care,2,45.98,2024-08-22,91.96,189
TXN-01411,Floor Mop,Household Supplies,2,240.26,2024-08-22,480.52,252
TXN-01224,Soy Sauce 350Ml,Grocery,8,33.53,2024-08-22,268.24,301
TXN-02493,Juice Drink 250Ml,Food & Snacks,7,18.41,2024-08-23,128.87,229
TXN-01083,Vinegar 350Ml,Grocery,9,30.31,2024-08-23,272.79,426
TXN-02795,"Bond Paper (Short, 10S)",School & Office Supplies,5,31.06,2024-08-23,155.3,313
TXN-02996,Lollipop Candy,Food & Snacks,4,4.96,2024-08-23,19.84,159
TXN-03612,Trash Bag (10S),Household Supplies,3,53.99,2024-08-23,161.97,314
TXN-04102,Cooking Oil 1L,Grocery,6,87.93,2024-08-23,527.58,189
TXN-02263,Bluetooth Speaker,Electronics,2,1460.98,2024-08-24,2921.96,274
TXN-03814,Ballpen (Black),School & Office Supplies,6,11.53,2024-08-24,69.18,329
TXN-01882,Energy Drink 250Ml,Food & Snacks,2,43.74,2024-08-24,87.48,146
TXN-05857,Instant Noodles (Pack),Grocery,6,15.38,2024-08-24,92.28,261
TXN-02988,Facial Wash 50Ml,Personal Care,4,124.53,2024-08-24,498.12,360
TXN-03272,Ice Cream Cup,Food & Snacks,8,34.58,2024-08-24,276.64,113
TXN-03339,Deodorant Roll-On,Personal Care,4,90.43,2024-08-24,361.72,161
TXN-05168,Vinegar 350Ml,Grocery,6,28.99,2024-08-24,173.94,188
TXN-05499,Vinegar 350Ml,Grocery,11,31.31,2024-08-24,344.41,86
TXN-03564,Facial Wash 50Ml,Personal Care,2,116.19,2024-08-25,232.38,338
TXN-05460,Juice Drink 250Ml,Food & Snacks,5,17.61,2024-08-25,88.05,57
TXN-03053,Extension Cord,Electronics,3,345.26,2024-08-26,1035.78,139
TXN-03730,White Rice 2Kg,Grocery,7,120.42,2024-08-26,842.94,16
TXN-04570,Bottled Water 1.5L,Grocery,5,25.66,2024-08-26,128.3,305
TXN-04070,Sugar 1Kg,Grocery,8,76.34,2024-08-26,610.72,113
TXN-01570,Bottled Water 1.5L,Grocery,2,25.56,2024-08-26,51.12,81
TXN-02372,Juice Drink 250Ml,Food & Snacks,6,17.61,2024-08-27,105.66,278
TXN-05495,Ice Cream Cup,Food & Snacks,5,35.41,2024-08-27,177.05,231
TXN-03225,Folder (Long),School & Office Supplies,3,18.86,2024-08-27,56.58,270
TXN-01394,Floor Mop,Household Supplies,1,239.59,2024-08-27,239.59,254
TXN-04970,Cotton Balls,Personal Care,5,34.35,2024-08-27,171.75,42
TXN-03293,Scotch Tape,School & Office Supplies,1,25.47,2024-08-27,25.47,237
TXN-04184,Vinegar 350Ml,Grocery,9,29.08,2024-08-28,261.72,15
TXN-01656,Instant Noodles (Pack),Grocery,5,14.27,2024-08-28,71.35,38
TXN-04432,Canned Sardines,Grocery,8,28.76,2024-08-28,230.08,65
TXN-01728,Stapler,School & Office Supplies,7,195.36,2024-08-28,1367.52,267
TXN-02761,Screen Protector,Electronics,2,98.5,2024-08-29,197.0,222
TXN-06299,Toothpaste 75G,Personal Care,2,64.83,2024-08-29,129.66,83
TXN-03817,Highlighter,School & Office Supplies,6,46.0,2024-08-30,276.0,59
TXN-01500,Facial Wash 50Ml,Personal Care,1,118.42,2024-08-30,118.42,421
TXN-06340,Potato Chips 60G,Food & Snacks,4,36.53,2024-08-30,146.12,169
TXN-01681,Chocolate Bar,Food & Snacks,7,28.99,2024-08-31,202.93,323
TXN-03510,Bluetooth Speaker,Electronics,1,1565.06,2024-08-31,1565.06,254
TXN-02979,Toothbrush,Personal Care,2,54.2,2024-08-31,108.4,163
TXN-02685,Alcohol 70% 500Ml,Personal Care,4,99.34,2024-08-31,397.36,366
TXN-01116,Candle (6S),Household Supplies,4,43.12,2024-08-31,172.48,435
TXN-04316,Coffee Sachet (10S),Grocery,7,66.04,2024-08-31,462.28,146
TXN-04238,Stapler,School & Office Supplies,7,195.06,2024-09-01,1365.42,133
TXN-04237,Facial Wash 50Ml,Personal Care,5,122.37,2024-09-01,611.85,302
TXN-05957,Chocolate Bar,Food & Snacks,6,29.51,2024-09-01,177.06,38
TXN-03748,Shampoo Sachet,Personal Care,3,8.25,2024-09-01,24.75,54
TXN-04875,Softdrink 1.5L,Food & Snacks,11,62.88,2024-09-01,691.68,218
TXN-01869,Pencil,School & Office Supplies,8,10.22,2024-09-01,81.76,289
TXN-06226,Energy Drink 250Ml,Food & Snacks,12,46.9,2024-09-01,562.8,279
TXN-04221,Cotton Balls,Personal Care,3,36.71,2024-09-02,110.13,66
TXN-01863,Bluetooth Speaker,Electronics,3,1462.41,2024-09-02,4387.23,282
TXN-04515,Energy Drink 250Ml,Food & Snacks,4,45.06,2024-09-02,180.24,125
TXN-01005,Facial Wash 50Ml,Personal Care,1,117.2,2024-09-02,117.2,443
TXN-04826,White Rice 2Kg,Grocery,7,118.58,2024-09-02,830.06,282
TXN-03134,Bath Soap,Personal Care,5,46.24,2024-09-02,231.2,172
TXN-01232,Eraser,School & Office Supplies,8,15.74,2024-09-02,125.92,217
TXN-04664,Bottled Water 1.5L,Grocery,7,24.76,2024-09-03,173.32,288
TXN-04728,Toothbrush,Personal Care,4,57.08,2024-09-03,228.32,59
TXN-06390,Cooking Oil 1L,Grocery,9,89.99,2024-09-03,809.91,159
TXN-03850,Dishwashing Liquid 500Ml,Household Supplies,1,75.2,2024-09-03,75.2,284
TXN-06281,Digital Alarm Clock,Electronics,1,284.13,2024-09-03,284.13,337
TXN-05586,Energy Drink 250Ml,Food & Snacks,6,44.29,2024-09-03,265.74,397
TXN-03990,Energy Drink 250Ml,Food & Snacks,3,43.05,2024-09-03,129.15,215
TXN-06102,Instant Noodles (Pack),Grocery,9,15.65,2024-09-04,140.85,239
TXN-01015,Lollipop Candy,Food & Snacks,4,5.0,2024-09-04,20.0,433
TXN-03681,Peanuts 100G,Food & Snacks,2,27.59,2024-09-04,55.18,291
TXN-03664,Broom (Walis Tingting),Household Supplies,3,63.43,2024-09-04,190.29,358
TXN-01161,Chocolate Bar,Food & Snacks,7,29.04,2024-09-04,203.28,377
TXN-04147,Ballpen (Black),School & Office Supplies,3,11.58,2024-09-04,34.74,297
TXN-02073,Evaporated Milk,Grocery,7,40.13,2024-09-04,280.91,95
TXN-01406,Soy Sauce 350Ml,Grocery,8,36.37,2024-09-04,290.96,258
TXN-04001,Staple Wire,School & Office Supplies,4,33.42,2024-09-04,133.68,196
TXN-04297,Evaporated Milk,Grocery,6,40.55,2024-09-05,243.3,255
TXN-01231,Usb Charging Cable,Electronics,3,156.61,2024-09-05,469.83,470
TXN-05363,Fabric Conditioner 500Ml,Household Supplies,1,93.86,2024-09-05,93.86,224
TXN-05681,Trash Bag (10S),Household Supplies,3,53.12,2024-09-05,159.36,273
TXN-05159,Lollipop Candy,Food & Snacks,4,4.95,2024-09-05,19.8,361
TXN-04290,Mosquito Coil (10S),Household Supplies,3,57.35,2024-09-05,172.05,429
TXN-02871,Softdrink 1.5L,Food & Snacks,11,65.85,2024-09-05,724.35,54
TXN-04959,Pencil,School & Office Supplies,5,9.87,2024-09-06,49.35,173
TXN-01767,Coffee Sachet (10S),Grocery,3,63.71,2024-09-06,191.13,310
TXN-02594,Instant Noodles (Pack),Grocery,9,14.52,2024-09-06,130.68,388
TXN-02952,Toothbrush,Personal Care,5,55.7,2024-09-06,278.5,172
TXN-04755,Cotton Balls,Personal Care,1,33.99,2024-09-06,33.99,49
TXN-01556,Toothpaste 75G,Personal Care,5,63.17,2024-09-06,315.85,307
TXN-06192,Softdrink 1.5L,Food & Snacks,4,67.55,2024-09-06,270.2,69
TXN-03631,Evaporated Milk,Grocery,2,40.49,2024-09-07,80.98,109
TXN-04790,Toothpaste 75G,Personal Care,5,64.67,2024-09-07,323.35,161
TXN-02257,Instant Noodles (Pack),Grocery,5,15.19,2024-09-07,75.95,432
TXN-02255,Chocolate Bar,Food & Snacks,4,28.61,2024-09-07,114.44,244
TXN-01289,Instant Noodles (Pack),Grocery,6,14.26,2024-09-08,85.56,129
TXN-05099,Power Bank 10000Mah,Electronics,1,872.84,2024-09-08,872.84,168
TXN-06008,White Rice 2Kg,Grocery,10,122.75,2024-09-08,1227.5,106
TXN-04723,Floor Mop,Household Supplies,1,248.43,2024-09-08,248.43,188
TXN-02178,Pencil,School & Office Supplies,3,10.45,2024-09-08,31.35,281
TXN-02907,Phone Case,Electronics,2,197.58,2024-09-09,395.16,345
TXN-03325,Phone Case,Electronics,2,194.26,2024-09-09,388.52,337
TXN-03605,Pencil,School & Office Supplies,8,9.57,2024-09-09,76.56,213
TXN-03562,Canned Sardines,Grocery,2,28.35,2024-09-09,56.7,191
TXN-02638,Evaporated Milk,Grocery,6,42.32,2024-09-09,253.92,34
TXN-06468,Vinegar 350Ml,Grocery,3,31.36,2024-09-09,94.08,217
TXN-03088,Alcohol 70% 500Ml,Personal Care,2,92.7,2024-09-09,185.4,341
TXN-01947,Led Desk Lamp,Electronics,1,549.86,2024-09-10,549.86,472
TXN-06023,Bath Soap,Personal Care,4,46.49,2024-09-10,185.96,40
TXN-05696,Vinegar 350Ml,Grocery,9,29.39,2024-09-10,264.51,38
TXN-01330,Led Desk Lamp,Electronics,3,552.47,2024-09-10,1657.41,476
TXN-05131,White Rice 2Kg,Grocery,7,124.94,2024-09-10,874.58,227
TXN-05487,Softdrink 1.5L,Food & Snacks,11,68.04,2024-09-10,748.44,131
TXN-03823,Folder (Long),School & Office Supplies,3,18.09,2024-09-11,54.27,217
TXN-04442,Soy Sauce 350Ml,Grocery,6,34.92,2024-09-11,209.52,175
TXN-02391,Shampoo Sachet,Personal Care,4,7.96,2024-09-11,31.84,90
TXN-05380,Bread Loaf,Food & Snacks,10,65.2,2024-09-11,652.0,11
TXN-05800,Canned Sardines,Grocery,3,27.8,2024-09-11,83.4,86
TXN-01991,Biscuit Pack,Food & Snacks,7,24.09,2024-09-11,168.63,443
TXN-05142,Deodorant Roll-On,Personal Care,5,91.22,2024-09-12,456.1,65
TXN-02069,Sanitary Napkin (8S),Personal Care,1,77.02,2024-09-12,77.02,367
TXN-06266,Bottled Water 1.5L,Grocery,3,25.98,2024-09-12,77.94,12
TXN-05928,Power Bank 10000Mah,Electronics,2,860.51,2024-09-12,1721.02,153
TXN-05021,Peanuts 100G,Food & Snacks,6,27.11,2024-09-12,162.66,152
TXN-01332,Sponge Scrub (2S),Household Supplies,4,35.86,2024-09-12,143.44,293
TXN-02767,"Bond Paper (Short, 10S)",School & Office Supplies,4,29.66,2024-09-12,118.64,318
TXN-04622,Toothbrush,Personal Care,4,57.27,2024-09-12,229.08,63
TXN-04349,Digital Alarm Clock,Electronics,2,309.81,2024-09-12,619.62,370
TXN-05732,Phone Case,Electronics,2,189.39,2024-09-12,378.78,303
TXN-05653,Instant Noodles (Pack),Grocery,5,14.76,2024-09-13,73.8,291
TXN-06324,Potato Chips 60G,Food & Snacks,3,33.69,2024-09-13,101.07,173
TXN-02953,Toothbrush,Personal Care,1,54.3,2024-09-13,54.3,171
TXN-03157,Peanuts 100G,Food & Snacks,11,26.98,2024-09-13,296.78,349
TXN-03430,Air Freshener Spray,Household Supplies,1,130.96,2024-09-13,130.96,111
TXN-04190,Vinegar 350Ml,Grocery,5,29.22,2024-09-14,146.1,2
TXN-04615,Instant Noodles (Pack),Grocery,3,15.68,2024-09-14,47.04,56
TXN-05904,Led Desk Lamp,Electronics,3,562.79,2024-09-14,1688.37,409
TXN-02689,Sugar 1Kg,Grocery,6,77.14,2024-09-14,462.84,17
TXN-03047,Eraser,School & Office Supplies,4,14.58,2024-09-14,58.32,116
TXN-03127,Bread Loaf,Food & Snacks,12,65.62,2024-09-15,787.44,344
TXN-04216,Digital Alarm Clock,Electronics,2,301.08,2024-09-15,602.16,377
TXN-02361,Cotton Balls,Personal Care,2,35.12,2024-09-15,70.24,135
TXN-01498,Ice Cream Cup,Food & Snacks,12,33.91,2024-09-15,406.92,382
TXN-01329,Soy Sauce 350Ml,Grocery,9,34.52,2024-09-15,310.68,282
TXN-05555,Cooking Oil 1L,Grocery,8,85.61,2024-09-15,684.88,315
TXN-03234,Peanuts 100G,Food & Snacks,3,28.26,2024-09-15,84.78,344
TXN-04791,Biscuit Pack,Food & Snacks,11,25.02,2024-09-15,275.22,366
TXN-05308,Canned Sardines,Grocery,10,28.61,2024-09-16,286.1,143
TXN-01780,Dishwashing Liquid 500Ml,Household Supplies,3,73.19,2024-09-16,219.57,327
TXN-03350,Bluetooth Speaker,Electronics,3,1564.09,2024-09-16,4692.27,255
TXN-01835,Toothpaste 75G,Personal Care,4,62.91,2024-09-16,251.64,279
TXN-05566,Biscuit Pack,Food & Snacks,4,24.47,2024-09-16,97.88,272
TXN-02915,White Rice 2Kg,Grocery,2,125.43,2024-09-17,250.86,122
TXN-01017,Lotion 200Ml,Personal Care,3,150.2,2024-09-17,450.6,238
TXN-06078,Pencil,School & Office Supplies,6,10.24,2024-09-17,61.44,90
TXN-03362,Sanitary Napkin (8S),Personal Care,2,74.31,2024-09-17,148.62,313
TXN-02678,Canned Sardines,Grocery,9,28.61,2024-09-18,257.49,115
TXN-05645,Softdrink 1.5L,Food & Snacks,12,66.69,2024-09-18,800.28,106
TXN-03973,Ice Cream Cup,Food & Snacks,5,33.6,2024-09-19,168.0,12
TXN-04958,Softdrink 1.5L,Food & Snacks,5,65.53,2024-09-19,327.65,202
TXN-06367,Alcohol 70% 500Ml,Personal Care,3,96.7,2024-09-19,290.1,244
TXN-05104,Toothbrush,Personal Care,2,52.28,2024-09-19,104.56,39
TXN-05951,Sugar 1Kg,Grocery,5,74.94,2024-09-19,374.7,195
TXN-06475,Coffee Sachet (10S),Grocery,10,62.21,2024-09-19,622.1,23
TXN-01264,Cooking Oil 1L,Grocery,3,90.62,2024-09-19,271.86,286
TXN-02513,Facial Wash 50Ml,Personal Care,1,119.16,2024-09-20,119.16,385
TXN-01471,Sugar 1Kg,Grocery,9,78.5,2024-09-20,706.5,170
TXN-01680,Energy Drink 250Ml,Food & Snacks,8,45.76,2024-09-21,366.08,189
TXN-02477,Chocolate Bar,Food & Snacks,10,30.3,2024-09-21,303.0,218
TXN-05539,Candle (6S),Household Supplies,2,44.23,2024-09-21,88.46,342
TXN-02118,Evaporated Milk,Grocery,7,43.54,2024-09-21,304.78,88
TXN-06011,Peanuts 100G,Food & Snacks,2,27.18,2024-09-21,54.36,65
TXN-05596,White Rice 2Kg,Grocery,5,123.71,2024-09-21,618.55,143
TXN-03009,Biscuit Pack,Food & Snacks,5,25.15,2024-09-21,125.75,264
TXN-03038,Peanuts 100G,Food & Snacks,6,28.83,2024-09-21,172.98,4
TXN-04975,Sponge Scrub (2S),Household Supplies,4,36.1,2024-09-22,144.4,210
TXN-04397,Bath Soap,Personal Care,2,43.42,2024-09-22,86.84,105
TXN-03672,Soy Sauce 350Ml,Grocery,2,35.23,2024-09-22,70.46,294
TXN-05048,Staple Wire,School & Office Supplies,6,33.54,2024-09-22,201.24,134
TXN-01134,Vinegar 350Ml,Grocery,9,29.66,2024-09-22,266.94,417
TXN-05624,Peanuts 100G,Food & Snacks,8,28.0,2024-09-22,224.0,110
TXN-03230,Sugar 1Kg,Grocery,2,73.51,2024-09-22,147.02,316
TXN-03698,Softdrink 1.5L,Food & Snacks,11,63.45,2024-09-23,697.95,114
TXN-02763,Lollipop Candy,Food & Snacks,9,4.86,2024-09-23,43.74,198
TXN-05211,Dishwashing Liquid 500Ml,Household Supplies,2,72.01,2024-09-23,144.02,258
TXN-03228,Instant Noodles (Pack),Grocery,2,15.57,2024-09-23,31.14,290
TXN-06451,Juice Drink 250Ml,Food & Snacks,11,18.22,2024-09-23,200.42,150
TXN-05712,Cotton Balls,Personal Care,5,33.51,2024-09-23,167.55,375
TXN-05660,Evaporated Milk,Grocery,2,42.39,2024-09-23,84.78,39
TXN-04588,Broom (Walis Tingting),Household Supplies,3,68.14,2024-09-24,204.42,350
TXN-06020,Juice Drink 250Ml,Food & Snacks,8,18.48,2024-09-24,147.84,188
TXN-04709,Soy Sauce 350Ml,Grocery,2,34.11,2024-09-24,68.22,120
TXN-06057,Highlighter,School & Office Supplies,4,46.26,2024-09-24,185.04,300
TXN-03106,Soy Sauce 350Ml,Grocery,6,34.47,2024-09-24,206.82,23
TXN-04682,Bottled Water 1.5L,Grocery,2,26.02,2024-09-24,52.04,286
TXN-04524,Laundry Detergent 500G,Household Supplies,3,88.41,2024-09-25,265.23,126
TXN-03377,Bath Soap,Personal Care,1,46.9,2024-09-25,46.9,152
TXN-03386,Bottled Water 1.5L,Grocery,6,24.48,2024-09-25,146.88,78
TXN-02327,Coffee Sachet (10S),Grocery,6,67.0,2024-09-25,402.0,198
TXN-03629,Vinegar 350Ml,Grocery,8,28.65,2024-09-25,229.2,94
TXN-04687,Phone Case,Electronics,2,204.4,2024-09-25,408.8,324
TXN-03953,Alcohol 70% 500Ml,Personal Care,5,93.55,2024-09-25,467.75,304
TXN-05234,Instant Noodles (Pack),Grocery,6,14.75,2024-09-25,88.5,371
TXN-05865,Sanitary Napkin (8S),Personal Care,4,81.57,2024-09-26,326.28,202
TXN-03204,Pencil,School & Office Supplies,5,9.98,2024-09-26,49.9,224
TXN-06470,Vinegar 350Ml,Grocery,7,30.4,2024-09-26,212.8,210
TXN-01771,Dishwashing Liquid 500Ml,Household Supplies,2,74.79,2024-09-26,149.58,330
TXN-04105,Evaporated Milk,Grocery,9,43.02,2024-09-27,387.18,8
TXN-01322,Potato Chips 60G,Food & Snacks,10,34.26,2024-09-27,342.6,348
TXN-04703,Chocolate Bar,Food & Snacks,6,29.04,2024-09-28,174.24,235
TXN-04602,Bottled Water 1.5L,Grocery,5,25.58,2024-09-28,127.9,298
TXN-01847,Evaporated Milk,Grocery,6,43.71,2024-09-28,262.26,138
TXN-01193,Cooking Oil 1L,Grocery,3,91.53,2024-09-28,274.59,293
TXN-04197,Soy Sauce 350Ml,Grocery,8,36.39,2024-09-28,291.12,227
TXN-01477,Ballpen (Black),School & Office Supplies,5,12.41,2024-09-29,62.05,450
TXN-01212,Deodorant Roll-On,Personal Care,5,85.65,2024-09-29,428.25,245
TXN-01708,Pencil,School & Office Supplies,5,9.74,2024-09-29,48.7,298
TXN-05245,Vinegar 350Ml,Grocery,5,30.84,2024-09-29,154.2,161
TXN-02270,Cooking Oil 1L,Grocery,10,86.0,2024-09-29,860.0,152
TXN-04928,White Rice 2Kg,Grocery,3,124.6,2024-09-29,373.8,268
TXN-04704,Bread Loaf,Food & Snacks,6,65.02,2024-09-30,390.12,125
TXN-01126,Energy Drink 250Ml,Food & Snacks,12,44.89,2024-09-30,538.68,254
TXN-03686,Bluetooth Speaker,Electronics,1,1480.54,2024-09-30,1480.54,252
TXN-05708,Bottled Water 1.5L,Grocery,9,25.97,2024-09-30,233.73,106
TXN-03857,Coffee Sachet (10S),Grocery,4,65.85,2024-09-30,263.4,251
TXN-05304,Toothbrush,Personal Care,3,53.2,2024-09-30,159.6,29
TXN-06418,Floor Mop,Household Supplies,4,243.41,2024-10-01,973.64,139
TXN-01512,Pencil,School & Office Supplies,4,10.12,2024-10-01,40.48,304
TXN-03275,Coffee Sachet (10S),Grocery,7,63.38,2024-10-02,443.66,20
TXN-05287,Notebook 80 Leaves,School & Office Supplies,3,56.36,2024-10-02,169.08,266
TXN-02132,Ballpen (Black),School & Office Supplies,3,11.64,2024-10-02,34.92,423
TXN-04813,Trash Bag (10S),Household Supplies,3,54.92,2024-10-02,164.76,287
TXN-01576,Stapler,School & Office Supplies,1,191.42,2024-10-03,191.42,306
TXN-03161,Bluetooth Speaker,Electronics,2,1526.98,2024-10-03,3053.96,258
TXN-04940,Canned Sardines,Grocery,10,27.18,2024-10-03,271.8,195
TXN-04997,Potato Chips 60G,Food & Snacks,12,34.23,2024-10-03,410.76,373
TXN-05456,Sugar 1Kg,Grocery,8,78.39,2024-10-03,627.12,290
TXN-05083,Ballpen (Black),School & Office Supplies,5,11.55,2024-10-03,57.75,248
TXN-04923,Eraser,School & Office Supplies,4,15.71,2024-10-04,62.84,17
TXN-02517,Candle (6S),Household Supplies,2,46.64,2024-10-04,93.28,395
TXN-05320,Biscuit Pack,Food & Snacks,11,24.21,2024-10-04,266.31,309
TXN-03299,Lollipop Candy,Food & Snacks,8,5.13,2024-10-04,41.04,124
TXN-06430,Ballpen (Black),School & Office Supplies,7,11.52,2024-10-05,80.64,169
TXN-04285,Shampoo Sachet,Personal Care,5,8.12,2024-10-05,40.6,42
TXN-06472,Electric Fan (Desk),Electronics,2,795.64,2024-10-05,1591.28,362
TXN-01495,White Rice 2Kg,Grocery,6,118.43,2024-10-05,710.58,368
TXN-05331,Sugar 1Kg,Grocery,5,72.36,2024-10-05,361.8,310
TXN-03484,Softdrink 1.5L,Food & Snacks,6,62.36,2024-10-05,374.16,143
TXN-01280,Facial Wash 50Ml,Personal Care,4,116.8,2024-10-06,467.2,422
TXN-05880,Coffee Sachet (10S),Grocery,4,63.07,2024-10-06,252.28,135
TXN-02565,Bread Loaf,Food & Snacks,10,66.84,2024-10-06,668.4,73
TXN-03687,Alcohol 70% 500Ml,Personal Care,1,97.19,2024-10-06,97.19,317
TXN-03729,Folder (Long),School & Office Supplies,8,18.02,2024-10-06,144.16,227
TXN-04122,Cooking Oil 1L,Grocery,4,90.04,2024-10-06,360.16,185
TXN-01287,Stapler,School & Office Supplies,2,201.22,2024-10-06,402.44,318
TXN-05227,Instant Noodles (Pack),Grocery,4,14.97,2024-10-06,59.88,377
TXN-02357,Eraser,School & Office Supplies,4,15.01,2024-10-06,60.04,157
TXN-06278,Mosquito Coil (10S),Household Supplies,4,55.38,2024-10-06,221.52,386
TXN-04348,Juice Drink 250Ml,Food & Snacks,9,17.18,2024-10-06,154.62,198
TXN-02116,Air Freshener Spray,Household Supplies,3,123.76,2024-10-06,371.28,136
TXN-04786,Toothpaste 75G,Personal Care,3,67.22,2024-10-07,201.66,166
TXN-05098,Biscuit Pack,Food & Snacks,4,24.39,2024-10-07,97.56,323
TXN-04177,Toothpaste 75G,Personal Care,2,62.31,2024-10-07,124.62,189
TXN-05842,Bottled Water 1.5L,Grocery,6,23.87,2024-10-07,143.22,78
TXN-01451,Evaporated Milk,Grocery,3,43.86,2024-10-07,131.58,226
TXN-05403,Facial Wash 50Ml,Personal Care,3,114.96,2024-10-07,344.88,246
TXN-06356,White Rice 2Kg,Grocery,2,122.1,2024-10-07,244.2,6
TXN-05022,Pencil,School & Office Supplies,8,9.56,2024-10-07,76.48,165
TXN-03131,Ice Cream Cup,Food & Snacks,9,35.07,2024-10-08,315.63,156
TXN-04064,Led Desk Lamp,Electronics,2,525.01,2024-10-08,1050.02,435
TXN-02667,Power Bank 10000Mah,Electronics,2,913.08,2024-10-08,1826.16,215
TXN-01430,Lotion 200Ml,Personal Care,2,148.3,2024-10-09,296.6,209
TXN-01645,Canned Sardines,Grocery,3,29.16,2024-10-09,87.48,274
TXN-05776,Highlighter,School & Office Supplies,7,45.44,2024-10-09,318.08,315
TXN-06364,Sugar 1Kg,Grocery,9,77.35,2024-10-09,696.15,101
TXN-06095,Bread Loaf,Food & Snacks,9,67.64,2024-10-10,608.76,397
TXN-02940,Peanuts 100G,Food & Snacks,4,26.97,2024-10-10,107.88,22
TXN-02632,Laundry Detergent 500G,Household Supplies,3,89.23,2024-10-10,267.69,160
TXN-02044,Chocolate Bar,Food & Snacks,4,31.22,2024-10-10,124.88,294
TXN-01398,Wireless Earbuds,Electronics,3,1301.54,2024-10-10,3904.62,272
TXN-03116,Trash Bag (10S),Household Supplies,2,53.75,2024-10-10,107.5,334
TXN-03939,Scotch Tape,School & Office Supplies,4,26.16,2024-10-10,104.64,204
TXN-02509,Eraser,School & Office Supplies,8,14.78,2024-10-11,118.24,141
TXN-04123,Coffee Sachet (10S),Grocery,10,67.8,2024-10-11,678.0,200
TXN-05632,Shampoo Sachet,Personal Care,3,7.78,2024-10-12,23.34,1
TXN-05491,Laundry Detergent 500G,Household Supplies,4,89.18,2024-10-12,356.72,101
TXN-02321,Bread Loaf,Food & Snacks,12,67.12,2024-10-12,805.44,104
TXN-02799,Toothpaste 75G,Personal Care,3,64.61,2024-10-13,193.83,230
TXN-01929,Shampoo Sachet,Personal Care,4,7.82,2024-10-13,31.28,116
TXN-06045,Cooking Oil 1L,Grocery,9,89.02,2024-10-13,801.18,263
TXN-04717,Cotton Balls,Personal Care,1,35.44,2024-10-13,35.44,51
TXN-03856,Coffee Sachet (10S),Grocery,8,67.55,2024-10-13,540.4,255
TXN-05764,Facial Wash 50Ml,Personal Care,5,117.26,2024-10-13,586.3,233
TXN-02839,Coffee Sachet (10S),Grocery,7,62.92,2024-10-13,440.44,92
TXN-03651,Ice Cream Cup,Food & Snacks,8,35.02,2024-10-14,280.16,76
TXN-02008,Highlighter,School & Office Supplies,7,44.49,2024-10-14,311.43,141
TXN-02122,Potato Chips 60G,Food & Snacks,8,35.6,2024-10-14,284.8,204
TXN-03633,Instant Noodles (Pack),Grocery,4,15.6,2024-10-14,62.4,241
TXN-01392,Cooking Oil 1L,Grocery,3,89.12,2024-10-15,267.36,273
TXN-03000,Folder (Long),School & Office Supplies,7,17.62,2024-10-15,123.34,279
TXN-06201,Chocolate Bar,Food & Snacks,2,28.98,2024-10-15,57.96,326
TXN-05838,Peanuts 100G,Food & Snacks,3,28.81,2024-10-15,86.43,87
TXN-04683,Bluetooth Speaker,Electronics,1,1533.13,2024-10-15,1533.13,238
TXN-01973,Electric Fan (Desk),Electronics,3,785.19,2024-10-16,2355.57,435
TXN-03208,Led Desk Lamp,Electronics,1,553.72,2024-10-16,553.72,444
TXN-01103,Facial Wash 50Ml,Personal Care,4,125.17,2024-10-16,500.68,438
TXN-05526,Cooking Oil 1L,Grocery,8,90.1,2024-10-16,720.8,329
TXN-03331,Soy Sauce 350Ml,Grocery,2,33.78,2024-10-17,67.56,333
TXN-05733,Fabric Conditioner 500Ml,Household Supplies,2,94.85,2024-10-17,189.7,220
TXN-02315,Ice Cream Cup,Food & Snacks,8,34.81,2024-10-17,278.48,246
TXN-06071,Soy Sauce 350Ml,Grocery,4,34.42,2024-10-17,137.68,429
TXN-02793,Softdrink 1.5L,Food & Snacks,4,65.6,2024-10-17,262.4,90
TXN-05936,Coffee Sachet (10S),Grocery,3,61.88,2024-10-17,185.64,125
TXN-02106,Broom (Walis Tingting),Household Supplies,3,65.83,2024-10-17,197.49,391
TXN-05212,Pencil,School & Office Supplies,3,10.45,2024-10-17,31.35,145
TXN-03683,Sugar 1Kg,Grocery,9,71.61,2024-10-18,644.49,188
TXN-03691,Bottled Water 1.5L,Grocery,2,24.58,2024-10-18,49.16,12
TXN-05933,Power Bank 10000Mah,Electronics,1,910.79,2024-10-18,910.79,152
TXN-04611,Biscuit Pack,Food & Snacks,4,23.87,2024-10-18,95.48,398
TXN-02587,Canned Sardines,Grocery,10,28.5,2024-10-19,285.0,129
TXN-03547,Candle (6S),Household Supplies,2,45.36,2024-10-19,90.72,381
TXN-04323,Soy Sauce 350Ml,Grocery,8,35.02,2024-10-19,280.16,202
TXN-04042,Softdrink 1.5L,Food & Snacks,9,64.88,2024-10-20,583.92,45
TXN-05678,Juice Drink 250Ml,Food & Snacks,5,17.96,2024-10-20,89.8,26
TXN-02652,Bottled Water 1.5L,Grocery,4,23.87,2024-10-20,95.48,175
TXN-02781,Bluetooth Speaker,Electronics,3,1554.41,2024-10-21,4663.23,267
TXN-03676,Digital Alarm Clock,Electronics,3,299.15,2024-10-21,897.45,388
TXN-02991,Energy Drink 250Ml,Food & Snacks,4,45.53,2024-10-21,182.12,348
TXN-04730,Toothpaste 75G,Personal Care,2,67.98,2024-10-21,135.96,169
TXN-04482,Instant Noodles (Pack),Grocery,4,14.81,2024-10-22,59.24,68
TXN-03441,Led Desk Lamp,Electronics,1,555.89,2024-10-22,555.89,442
TXN-04589,Shampoo Sachet,Personal Care,3,7.85,2024-10-22,23.55,33
TXN-01159,Dishwashing Liquid 500Ml,Household Supplies,2,73.2,2024-10-22,146.4,341
TXN-01601,Coffee Sachet (10S),Grocery,6,65.5,2024-10-23,393.0,356
TXN-02554,Broom (Walis Tingting),Household Supplies,3,67.33,2024-10-23,201.99,377
TXN-06097,Cooking Oil 1L,Grocery,7,89.56,2024-10-23,626.92,256
TXN-03476,Energy Drink 250Ml,Food & Snacks,5,44.99,2024-10-23,224.95,275
TXN-06002,Mosquito Coil (10S),Household Supplies,1,53.34,2024-10-23,53.34,393
TXN-03287,Soy Sauce 350Ml,Grocery,6,35.85,2024-10-23,215.1,347
TXN-02551,Peanuts 100G,Food & Snacks,2,28.03,2024-10-23,56.06,79
TXN-03569,Bath Soap,Personal Care,1,43.42,2024-10-24,43.42,140
TXN-02650,Cotton Balls,Personal Care,4,33.43,2024-10-24,133.72,115
TXN-02281,Bottled Water 1.5L,Grocery,2,24.58,2024-10-24,49.16,200
TXN-04380,Cooking Oil 1L,Grocery,8,88.43,2024-10-25,707.44,150
TXN-02919,Soy Sauce 350Ml,Grocery,2,36.62,2024-10-25,73.24,82
TXN-01761,Instant Noodles (Pack),Grocery,8,14.66,2024-10-25,117.28,20
TXN-01956,Ice Cream Cup,Food & Snacks,4,33.91,2024-10-25,135.64,302
TXN-02409,Candle (6S),Household Supplies,2,44.63,2024-10-25,89.26,400
TXN-04752,Staple Wire,School & Office Supplies,8,34.77,2024-10-26,278.16,163
TXN-02248,Air Freshener Spray,Household Supplies,2,130.48,2024-10-26,260.96,133
TXN-04377,Air Freshener Spray,Household Supplies,4,130.15,2024-10-26,520.6,84
TXN-01469,Biscuit Pack,Food & Snacks,4,25.99,2024-10-26,103.96,96
TXN-05504,Canned Sardines,Grocery,5,27.97,2024-10-26,139.85,126
TXN-02078,Instant Noodles (Pack),Grocery,7,15.13,2024-10-26,105.91,448
TXN-02476,White Rice 2Kg,Grocery,7,122.01,2024-10-27,854.07,190
TXN-03085,Evaporated Milk,Grocery,5,40.16,2024-10-27,200.8,212
TXN-03136,White Rice 2Kg,Grocery,5,119.81,2024-10-27,599.05,87
TXN-04542,Bath Soap,Personal Care,5,45.87,2024-10-27,229.35,99
TXN-03398,Notebook 80 Leaves,School & Office Supplies,7,56.3,2024-10-28,394.1,354
TXN-05258,Eraser,School & Office Supplies,2,15.66,2024-10-28,31.32,480
TXN-02776,Biscuit Pack,Food & Snacks,8,25.63,2024-10-28,205.04,303
TXN-04258,Ice Cream Cup,Food & Snacks,6,36.14,2024-10-28,216.84,373
TXN-04169,Evaporated Milk,Grocery,7,41.27,2024-10-28,288.89,280
TXN-03286,Notebook 80 Leaves,School & Office Supplies,5,54.52,2024-10-28,272.6,361
TXN-01615,Evaporated Milk,Grocery,8,42.25,2024-10-28,338.0,162
TXN-04325,Chocolate Bar,Food & Snacks,8,29.19,2024-10-28,233.52,295
TXN-02440,Cotton Balls,Personal Care,5,35.59,2024-10-28,177.95,130
TXN-06370,Broom (Walis Tingting),Household Supplies,4,63.91,2024-10-29,255.64,316
TXN-05597,Broom (Walis Tingting),Household Supplies,3,66.25,2024-10-29,198.75,328
TXN-01859,Highlighter,School & Office Supplies,3,45.82,2024-10-29,137.46,152
TXN-01572,Highlighter,School & Office Supplies,3,44.8,2024-10-29,134.4,171
TXN-03145,Canned Sardines,Grocery,10,27.5,2024-10-30,275.0,24
TXN-03029,White Rice 2Kg,Grocery,2,123.95,2024-10-30,247.9,103
TXN-03879,Sugar 1Kg,Grocery,3,73.52,2024-10-30,220.56,146
TXN-04024,Trash Bag (10S),Household Supplies,3,54.89,2024-10-30,164.67,305
TXN-05276,Lotion 200Ml,Personal Care,5,152.58,2024-10-30,762.9,415
TXN-03765,Eraser,School & Office Supplies,6,15.34,2024-10-30,92.04,82
TXN-05668,Broom (Walis Tingting),Household Supplies,2,63.02,2024-10-30,126.04,326
TXN-06163,Screen Protector,Electronics,3,102.07,2024-10-30,306.21,189
TXN-02511,Peanuts 100G,Food & Snacks,12,28.63,2024-10-30,343.56,81
TXN-03929,Eraser,School & Office Supplies,8,15.58,2024-10-30,124.64,69
TXN-03638,Bath Soap,Personal Care,4,43.48,2024-10-31,173.92,136
TXN-02553,Cooking Oil 1L,Grocery,5,85.76,2024-10-31,428.8,100
TXN-04266,Biscuit Pack,Food & Snacks,4,24.03,2024-11-01,96.12,24
TXN-03139,Ice Cream Cup,Food & Snacks,9,34.73,2024-11-01,312.57,147
TXN-06384,Cotton Balls,Personal Care,3,34.06,2024-11-01,102.18,316
TXN-03278,Toothbrush,Personal Care,6,52.75,2024-11-01,316.5,151
TXN-04146,Soy Sauce 350Ml,Grocery,6,33.67,2024-11-02,202.02,235
TXN-03231,Bottled Water 1.5L,Grocery,3,25.91,2024-11-02,77.73,104
TXN-01331,Peanuts 100G,Food & Snacks,10,26.62,2024-11-02,266.2,256
TXN-02603,Sanitary Napkin (8S),Personal Care,6,77.56,2024-11-02,465.36,335
TXN-06206,Instant Noodles (Pack),Grocery,6,15.01,2024-11-03,90.06,225
TXN-02290,Alcohol 70% 500Ml,Personal Care,4,93.41,2024-11-03,373.64,385
TXN-05817,Evaporated Milk,Grocery,9,43.17,2024-11-03,388.53,3
TXN-01228,Laundry Detergent 500G,Household Supplies,3,86.12,2024-11-03,258.36,183
TXN-04171,Usb Charging Cable,Electronics,3,149.64,2024-11-04,448.92,425
TXN-04624,Lotion 200Ml,Personal Care,1,148.2,2024-11-04,148.2,30
TXN-01020,Extension Cord,Electronics,3,349.21,2024-11-04,1047.63,167
TXN-01808,Toothbrush,Personal Care,3,53.3,2024-11-04,159.9,224
TXN-01858,Energy Drink 250Ml,Food & Snacks,4,45.49,2024-11-04,181.96,148
TXN-01873,Screen Protector,Electronics,3,103.17,2024-11-04,309.51,243
TXN-04669,Pencil,School & Office Supplies,7,10.25,2024-11-04,71.75,181
TXN-02568,Toothbrush,Personal Care,6,56.48,2024-11-04,338.88,179
TXN-03771,Notebook 80 Leaves,School & Office Supplies,8,55.71,2024-11-04,445.68,331
TXN-05165,Air Freshener Spray,Household Supplies,4,129.21,2024-11-05,516.84,57
TXN-06053,"Bond Paper (Short, 10S)",School & Office Supplies,9,28.64,2024-11-05,257.76,128
TXN-02690,Canned Sardines,Grocery,4,29.55,2024-11-05,118.2,111
TXN-03024,Canned Sardines,Grocery,3,27.62,2024-11-05,82.86,41
TXN-04758,Alcohol 70% 500Ml,Personal Care,4,97.98,2024-11-05,391.92,282
TXN-04302,Bath Soap,Personal Care,3,46.08,2024-11-05,138.24,107
TXN-03991,Lollipop Candy,Food & Snacks,7,5.12,2024-11-06,35.84,26
TXN-04476,Electric Fan (Desk),Electronics,1,791.14,2024-11-06,791.14,397
TXN-03392,Deodorant Roll-On,Personal Care,4,87.45,2024-11-06,349.8,157
TXN-02750,Evaporated Milk,Grocery,10,42.54,2024-11-06,425.4,13
TXN-03324,Coffee Sachet (10S),Grocery,7,67.33,2024-11-06,471.31,6
TXN-02635,Ice Cream Cup,Food & Snacks,10,34.02,2024-11-06,340.2,218
TXN-03382,Fabric Conditioner 500Ml,Household Supplies,4,96.27,2024-11-07,385.08,259
TXN-02033,Lollipop Candy,Food & Snacks,3,4.94,2024-11-07,14.82,311
TXN-04521,White Rice 2Kg,Grocery,3,116.95,2024-11-07,350.85,329
TXN-05680,Lotion 200Ml,Personal Care,6,155.14,2024-11-07,930.84,390
TXN-04317,Candle (6S),Household Supplies,4,43.59,2024-11-07,174.36,365
TXN-01747,White Rice 2Kg,Grocery,8,123.13,2024-11-07,985.04,302
TXN-02158,Canned Sardines,Grocery,7,29.42,2024-11-07,205.94,182
TXN-04941,Soy Sauce 350Ml,Grocery,12,33.52,2024-11-08,402.24,49
TXN-01437,White Rice 2Kg,Grocery,3,123.77,2024-11-08,371.31,374
TXN-03796,Folder (Long),School & Office Supplies,6,17.26,2024-11-08,103.56,220
TXN-04450,Juice Drink 250Ml,Food & Snacks,6,18.81,2024-11-09,112.86,161
TXN-01068,Instant Noodles (Pack),Grocery,8,14.68,2024-11-09,117.44,160
TXN-04125,Instant Noodles (Pack),Grocery,9,14.29,2024-11-09,128.61,148
TXN-01759,Bath Soap,Personal Care,1,45.7,2024-11-09,45.7,223
TXN-04381,Canned Sardines,Grocery,9,27.44,2024-11-10,246.96,93
TXN-03011,Bluetooth Speaker,Electronics,1,1528.47,2024-11-10,1528.47,262
TXN-05477,Juice Drink 250Ml,Food & Snacks,14,18.44,2024-11-10,258.16,41
TXN-01198,Cooking Oil 1L,Grocery,4,90.71,2024-11-10,362.84,289
TXN-01344,Soy Sauce 350Ml,Grocery,9,35.81,2024-11-10,322.29,273
TXN-02300,Floor Mop,Household Supplies,3,250.61,2024-11-10,751.83,242
TXN-06493,Phone Case,Electronics,2,193.43,2024-11-10,386.86,295
TXN-06063,Juice Drink 250Ml,Food & Snacks,7,18.18,2024-11-11,127.26,181
TXN-05034,Lollipop Candy,Food & Snacks,6,5.16,2024-11-12,30.96,387
TXN-05638,Ice Cream Cup,Food & Snacks,9,33.73,2024-11-12,303.57,215
TXN-05349,Bread Loaf,Food & Snacks,4,62.84,2024-11-12,251.36,21
TXN-02297,Evaporated Milk,Grocery,10,40.49,2024-11-12,404.9,63
TXN-05026,White Rice 2Kg,Grocery,7,117.1,2024-11-13,819.7,261
TXN-02536,Toothbrush,Personal Care,2,54.66,2024-11-14,109.32,185
TXN-02138,Juice Drink 250Ml,Food & Snacks,8,17.4,2024-11-14,139.2,308
TXN-05610,Lollipop Candy,Food & Snacks,9,5.08,2024-11-14,45.72,323
TXN-03930,Cooking Oil 1L,Grocery,4,86.9,2024-11-14,347.6,220
TXN-06135,Notebook 80 Leaves,School & Office Supplies,3,55.24,2024-11-14,165.72,203
TXN-01393,Shampoo Sachet,Personal Care,4,7.92,2024-11-14,31.68,133
TXN-03769,Deodorant Roll-On,Personal Care,4,91.61,2024-11-14,366.44,144
TXN-02770,Softdrink 1.5L,Food & Snacks,4,61.88,2024-11-15,247.52,99
TXN-04795,Cooking Oil 1L,Grocery,8,87.76,2024-11-15,702.08,90
TXN-03719,Wireless Earbuds,Electronics,1,1298.34,2024-11-15,1298.34,250
TXN-02827,Sponge Scrub (2S),Household Supplies,1,35.58,2024-11-16,35.58,250
TXN-01447,Peanuts 100G,Food & Snacks,14,28.62,2024-11-16,400.68,235
TXN-02520,Juice Drink 250Ml,Food & Snacks,14,17.83,2024-11-16,249.62,215
TXN-01990,Ice Cream Cup,Food & Snacks,2,33.84,2024-11-16,67.68,293
TXN-04241,Facial Wash 50Ml,Personal Care,4,119.47,2024-11-17,477.88,298
TXN-05318,Instant Noodles (Pack),Grocery,10,14.26,2024-11-17,142.6,327
TXN-06099,Sugar 1Kg,Grocery,6,75.81,2024-11-17,454.86,149
TXN-02064,Sanitary Napkin (8S),Personal Care,3,75.72,2024-11-17,227.16,368
TXN-05767,Ice Cream Cup,Food & Snacks,7,35.6,2024-11-17,249.2,207
TXN-03565,Bottled Water 1.5L,Grocery,12,25.26,2024-11-17,303.12,44
TXN-05895,Coffee Sachet (10S),Grocery,4,65.22,2024-11-18,260.88,131
TXN-02972,Toothpaste 75G,Personal Care,6,65.99,2024-11-18,395.94,219
TXN-03635,Toothbrush,Personal Care,1,56.39,2024-11-18,56.39,122
TXN-04354,Energy Drink 250Ml,Food & Snacks,13,45.21,2024-11-18,587.73,179
TXN-04443,Floor Mop,Household Supplies,3,259.08,2024-11-18,777.24,193
TXN-03763,Potato Chips 60G,Food & Snacks,12,35.31,2024-11-19,423.72,36
TXN-01377,Sanitary Napkin (8S),Personal Care,2,74.14,2024-11-19,148.28,390
TXN-04530,Alcohol 70% 500Ml,Personal Care,2,96.17,2024-11-19,192.34,293
TXN-02736,Deodorant Roll-On,Personal Care,1,87.25,2024-11-19,87.25,180
TXN-03733,Shampoo Sachet,Personal Care,2,7.82,2024-11-19,15.64,57
TXN-05256,Stapler,School & Office Supplies,1,195.05,2024-11-19,195.05,60
TXN-01791,Evaporated Milk,Grocery,2,43.83,2024-11-20,87.66,149
TXN-04378,Soy Sauce 350Ml,Grocery,4,33.56,2024-11-20,134.24,190
TXN-06005,Ballpen (Black),School & Office Supplies,9,12.53,2024-11-20,112.77,189
TXN-05771,Folder (Long),School & Office Supplies,4,18.16,2024-11-20,72.64,87
TXN-04674,Sugar 1Kg,Grocery,4,74.68,2024-11-20,298.72,1
TXN-05442,Coffee Sachet (10S),Grocery,2,64.53,2024-11-20,129.06,15
TXN-03054,Soy Sauce 350Ml,Grocery,12,33.31,2024-11-21,399.72,45
TXN-06383,Floor Mop,Household Supplies,3,236.91,2024-11-21,710.73,143
TXN-06462,Sanitary Napkin (8S),Personal Care,1,78.25,2024-11-21,78.25,163
TXN-05437,Vinegar 350Ml,Grocery,10,31.31,2024-11-21,313.1,105
TXN-04846,Sugar 1Kg,Grocery,6,72.45,2024-11-21,434.7,385
TXN-05222,Led Desk Lamp,Electronics,3,551.32,2024-11-21,1653.96,414
TXN-03862,Staple Wire,School & Office Supplies,4,33.74,2024-11-21,134.96,215
TXN-06171,Evaporated Milk,Grocery,12,43.7,2024-11-21,524.4,358
TXN-05931,Fabric Conditioner 500Ml,Household Supplies,1,96.08,2024-11-21,96.08,218
TXN-05781,Ice Cream Cup,Food & Snacks,13,35.9,2024-11-21,466.7,194
TXN-06478,Coffee Sachet (10S),Grocery,2,67.51,2024-11-21,135.02,21
TXN-01521,Bath Soap,Personal Care,4,46.23,2024-11-22,184.92,235
TXN-03103,Instant Noodles (Pack),Grocery,10,14.74,2024-11-22,147.4,293
TXN-04331,Usb Charging Cable,Electronics,3,153.52,2024-11-22,460.56,420
TXN-06245,Evaporated Milk,Grocery,6,42.0,2024-11-22,252.0,341
TXN-04365,Eraser,School & Office Supplies,7,14.62,2024-11-23,102.34,45
TXN-05278,Cotton Balls,Personal Care,6,34.91,2024-11-23,209.46,34
TXN-05035,Vinegar 350Ml,Grocery,9,29.16,2024-11-23,262.44,210
TXN-01657,"Bond Paper (Short, 10S)",School & Office Supplies,1,30.98,2024-11-23,30.98,405
TXN-03264,Ice Cream Cup,Food & Snacks,14,34.91,2024-11-24,488.74,126
TXN-03372,Scotch Tape,School & Office Supplies,3,25.82,2024-11-24,77.46,234
TXN-04261,Toothpaste 75G,Personal Care,4,64.76,2024-11-24,259.04,184
TXN-02912,Alcohol 70% 500Ml,Personal Care,3,99.13,2024-11-24,297.39,344
TXN-06486,Staple Wire,School & Office Supplies,6,35.81,2024-11-24,214.86,84
TXN-05519,Canned Sardines,Grocery,12,28.93,2024-11-24,347.16,114
TXN-03181,Chocolate Bar,Food & Snacks,10,29.24,2024-11-25,292.4,145
TXN-04192,Vinegar 350Ml,Grocery,7,30.29,2024-11-25,212.03,363
TXN-01470,Evaporated Milk,Grocery,12,42.74,2024-11-25,512.88,202
TXN-05871,Softdrink 1.5L,Food & Snacks,2,67.05,2024-11-25,134.1,99
TXN-05905,Lotion 200Ml,Personal Care,2,154.98,2024-11-25,309.96,376
TXN-03005,Soy Sauce 350Ml,Grocery,3,34.8,2024-11-26,104.4,62
TXN-06085,White Rice 2Kg,Grocery,4,125.91,2024-11-26,503.64,78
TXN-04193,Cooking Oil 1L,Grocery,8,86.23,2024-11-26,689.84,177
TXN-05102,Sugar 1Kg,Grocery,9,77.93,2024-11-26,701.37,346
TXN-03129,Scotch Tape,School & Office Supplies,7,23.86,2024-11-26,167.02,238
TXN-02709,Scotch Tape,School & Office Supplies,1,25.5,2024-11-26,25.5,272
TXN-04220,Biscuit Pack,Food & Snacks,2,25.95,2024-11-26,51.9,34
TXN-01054,Ice Cream Cup,Food & Snacks,7,34.95,2024-11-26,244.65,443
TXN-01261,Softdrink 1.5L,Food & Snacks,6,65.74,2024-11-26,394.44,303
TXN-04793,White Rice 2Kg,Grocery,6,119.38,2024-11-27,716.28,289
TXN-05194,Coffee Sachet (10S),Grocery,3,64.08,2024-11-27,192.24,51
TXN-02471,Soy Sauce 350Ml,Grocery,3,35.1,2024-11-27,105.3,170
TXN-03550,Bath Soap,Personal Care,6,43.11,2024-11-28,258.66,141
TXN-02491,Candle (6S),Household Supplies,3,46.01,2024-11-28,138.03,397
TXN-02546,Evaporated Milk,Grocery,4,42.94,2024-11-28,171.76,50
TXN-01428,Candle (6S),Household Supplies,3,44.0,2024-11-28,132.0,418
TXN-02418,Sponge Scrub (2S),Household Supplies,3,35.54,2024-11-28,106.62,260
TXN-04455,Trash Bag (10S),Household Supplies,4,53.71,2024-11-29,214.84,299
TXN-06442,Canned Sardines,Grocery,12,27.91,2024-11-29,334.92,1
TXN-03880,Canned Sardines,Grocery,2,28.34,2024-11-29,56.68,162
TXN-03837,Toothbrush,Personal Care,1,53.39,2024-11-29,53.39,114
TXN-06250,Potato Chips 60G,Food & Snacks,7,33.99,2024-11-29,237.93,187
TXN-03032,Highlighter,School & Office Supplies,9,46.78,2024-11-29,421.02,95
TXN-04954,Mosquito Coil (10S),Household Supplies,2,56.9,2024-11-30,113.8,417
TXN-04129,Alcohol 70% 500Ml,Personal Care,4,95.32,2024-11-30,381.28,297
TXN-01981,Sugar 1Kg,Grocery,6,73.65,2024-11-30,441.9,80
TXN-04672,Vinegar 350Ml,Grocery,4,31.25,2024-11-30,125.0,270
TXN-03101,Digital Alarm Clock,Electronics,2,290.92,2024-12-01,581.84,400
TXN-03601,Usb Charging Cable,Electronics,2,143.93,2024-12-01,287.86,431
TXN-05139,Mosquito Coil (10S),Household Supplies,4,56.62,2024-12-01,226.48,410
TXN-02570,Energy Drink 250Ml,Food & Snacks,6,43.99,2024-12-01,263.94,33
TXN-02396,Bath Soap,Personal Care,4,42.9,2024-12-01,171.6,204
TXN-01862,Toothbrush,Personal Care,5,53.16,2024-12-01,265.8,217
TXN-01989,Deodorant Roll-On,Personal Care,4,92.63,2024-12-02,370.52,216
TXN-04896,Lotion 200Ml,Personal Care,6,152.0,2024-12-02,912.0,13
TXN-04405,Eraser,School & Office Supplies,8,15.45,2024-12-02,123.6,37
TXN-03478,Power Bank 10000Mah,Electronics,1,936.8,2024-12-02,936.8,198
TXN-02802,Wireless Earbuds,Electronics,4,1323.15,2024-12-03,5292.6,255
TXN-02533,Deodorant Roll-On,Personal Care,4,92.48,2024-12-03,369.92,189
TXN-02043,Cooking Oil 1L,Grocery,10,87.38,2024-12-03,873.8,211
TXN-05441,Toothpaste 75G,Personal Care,5,66.68,2024-12-03,333.4,123
TXN-01527,Sugar 1Kg,Grocery,2,73.25,2024-12-03,146.5,163
TXN-01907,Potato Chips 60G,Food & Snacks,8,34.2,2024-12-03,273.6,237
TXN-02641,Fabric Conditioner 500Ml,Household Supplies,5,99.23,2024-12-03,496.15,283
TXN-01160,Led Desk Lamp,Electronics,2,543.05,2024-12-03,1086.1,479
TXN-03421,Lollipop Candy,Food & Snacks,9,4.89,2024-12-04,44.01,108
TXN-03840,Biscuit Pack,Food & Snacks,16,25.79,2024-12-04,412.64,97
TXN-04853,Air Freshener Spray,Household Supplies,2,132.2,2024-12-04,264.4,69
TXN-06311,Canned Sardines,Grocery,4,28.07,2024-12-04,112.28,29
TXN-04467,Instant Noodles (Pack),Grocery,13,15.2,2024-12-04,197.6,72
TXN-01705,Coffee Sachet (10S),Grocery,13,66.99,2024-12-05,870.87,335
TXN-03784,Staple Wire,School & Office Supplies,4,35.45,2024-12-05,141.8,219
TXN-01518,Dishwashing Liquid 500Ml,Household Supplies,2,78.11,2024-12-05,156.22,336
TXN-03614,Bottled Water 1.5L,Grocery,6,25.15,2024-12-05,150.9,26
TXN-03710,Instant Noodles (Pack),Grocery,6,15.46,2024-12-06,92.76,222
TXN-05694,Instant Noodles (Pack),Grocery,9,14.66,2024-12-06,131.94,280
TXN-04335,Vinegar 350Ml,Grocery,13,29.87,2024-12-06,388.31,332
TXN-05052,Pencil,School & Office Supplies,8,9.72,2024-12-06,77.76,154
TXN-03946,Air Freshener Spray,Household Supplies,1,130.12,2024-12-07,130.12,99
TXN-05482,Evaporated Milk,Grocery,9,40.59,2024-12-07,365.31,82
TXN-06274,Potato Chips 60G,Food & Snacks,6,36.12,2024-12-07,216.72,177
TXN-05888,Sugar 1Kg,Grocery,10,72.45,2024-12-07,724.5,216
TXN-03031,Bottled Water 1.5L,Grocery,5,23.85,2024-12-08,119.25,127
TXN-01201,Ice Cream Cup,Food & Snacks,6,33.25,2024-12-08,199.5,423
TXN-03151,Electric Fan (Desk),Electronics,4,800.31,2024-12-08,3201.24,413
TXN-03137,Trash Bag (10S),Household Supplies,2,54.62,2024-12-09,109.24,332
TXN-03804,Eraser,School & Office Supplies,4,14.87,2024-12-09,59.48,78
TXN-02889,Alcohol 70% 500Ml,Personal Care,6,94.39,2024-12-09,566.34,347
TXN-01758,Juice Drink 250Ml,Food & Snacks,13,17.1,2024-12-09,222.3,378
TXN-04833,White Rice 2Kg,Grocery,10,122.21,2024-12-09,1222.1,272
TXN-06480,Evaporated Milk,Grocery,6,40.32,2024-12-09,241.92,313
TXN-01408,Instant Noodles (Pack),Grocery,10,15.56,2024-12-09,155.6,80
TXN-03485,Trash Bag (10S),Household Supplies,1,53.13,2024-12-10,53.13,317
TXN-01525,Sugar 1Kg,Grocery,2,71.52,2024-12-10,143.04,165
TXN-02009,"Bond Paper (Short, 10S)",School & Office Supplies,1,28.55,2024-12-10,28.55,386
TXN-01399,Candle (6S),Household Supplies,4,44.91,2024-12-10,179.64,421
TXN-02029,Screen Protector,Electronics,1,101.83,2024-12-10,101.83,236
TXN-04359,Air Freshener Spray,Household Supplies,5,132.92,2024-12-10,664.6,88
TXN-05395,Pencil,School & Office Supplies,6,10.26,2024-12-10,61.56,122
TXN-03373,Candle (6S),Household Supplies,2,42.84,2024-12-10,85.68,383
TXN-04131,Juice Drink 250Ml,Food & Snacks,5,17.25,2024-12-11,86.25,229
TXN-04116,Canned Sardines,Grocery,9,27.81,2024-12-11,250.29,120
TXN-04995,Sponge Scrub (2S),Household Supplies,1,35.25,2024-12-11,35.25,209
TXN-03766,Toothpaste 75G,Personal Care,2,62.37,2024-12-11,124.74,192
TXN-03907,Evaporated Milk,Grocery,4,41.51,2024-12-11,166.04,70
TXN-06076,Soy Sauce 350Ml,Grocery,5,35.44,2024-12-11,177.2,424
TXN-02896,Biscuit Pack,Food & Snacks,2,24.54,2024-12-12,49.08,289
TXN-05836,Stapler,School & Office Supplies,1,194.52,2024-12-12,194.52,44
TXN-01164,Bath Soap,Personal Care,5,47.0,2024-12-13,235.0,257
TXN-06047,Cotton Balls,Personal Care,6,34.18,2024-12-13,205.08,344
TXN-01878,Bottled Water 1.5L,Grocery,10,24.86,2024-12-13,248.6,39
TXN-04606,Ballpen (Black),School & Office Supplies,9,11.45,2024-12-13,103.05,275
TXN-01306,Softdrink 1.5L,Food & Snacks,12,67.46,2024-12-13,809.52,291
TXN-06336,White Rice 2Kg,Grocery,8,122.28,2024-12-13,978.24,8
TXN-01359,Sanitary Napkin (8S),Personal Care,1,77.24,2024-12-13,77.24,392
TXN-01491,Softdrink 1.5L,Food & Snacks,9,65.18,2024-12-13,586.62,263
TXN-02389,White Rice 2Kg,Grocery,5,123.74,2024-12-14,618.7,211
TXN-06484,Broom (Walis Tingting),Household Supplies,2,67.09,2024-12-14,134.18,313
TXN-03811,Cooking Oil 1L,Grocery,2,91.42,2024-12-14,182.84,233
TXN-02646,Phone Case,Electronics,4,204.67,2024-12-14,818.68,356
TXN-02605,Alcohol 70% 500Ml,Personal Care,2,95.39,2024-12-14,190.78,376
TXN-03342,Power Bank 10000Mah,Electronics,4,901.75,2024-12-15,3607.0,199
TXN-04914,Floor Mop,Household Supplies,2,242.2,2024-12-15,484.4,185
TXN-04456,Bottled Water 1.5L,Grocery,6,25.91,2024-12-15,155.46,329
TXN-06124,Biscuit Pack,Food & Snacks,9,25.25,2024-12-16,227.25,189
TXN-04256,Toothbrush,Personal Care,5,53.29,2024-12-16,266.45,86
TXN-02230,Lotion 200Ml,Personal Care,1,154.27,2024-12-16,154.27,169
TXN-05901,Lollipop Candy,Food & Snacks,13,5.07,2024-12-16,65.91,277
TXN-02067,Canned Sardines,Grocery,9,29.88,2024-12-16,268.92,189
TXN-05859,Phone Case,Electronics,2,192.87,2024-12-16,385.74,301
TXN-03800,Coffee Sachet (10S),Grocery,5,67.03,2024-12-16,335.15,272
TXN-04989,Trash Bag (10S),Household Supplies,1,56.68,2024-12-16,56.68,284
TXN-05578,Bottled Water 1.5L,Grocery,12,25.19,2024-12-16,302.28,130
TXN-03807,Juice Drink 250Ml,Food & Snacks,5,17.68,2024-12-16,88.4,10
TXN-03997,Vinegar 350Ml,Grocery,2,31.13,2024-12-16,62.26,42
TXN-05829,Evaporated Milk,Grocery,5,43.62,2024-12-16,218.1,415
TXN-03928,Bottled Water 1.5L,Grocery,2,25.79,2024-12-17,51.58,383
TXN-05734,Cotton Balls,Personal Care,5,33.72,2024-12-17,168.6,368
TXN-01575,Pencil,School & Office Supplies,1,10.02,2024-12-17,10.02,303
TXN-01185,"Bond Paper (Short, 10S)",School & Office Supplies,2,30.88,2024-12-17,61.76,437
TXN-03759,Bath Soap,Personal Care,1,44.19,2024-12-17,44.19,133
TXN-02337,Wireless Earbuds,Electronics,1,1241.83,2024-12-17,1241.83,260
TXN-02708,Canned Sardines,Grocery,12,28.77,2024-12-18,345.24,99
TXN-01820,Bottled Water 1.5L,Grocery,12,25.96,2024-12-18,311.52,49
TXN-04207,Soy Sauce 350Ml,Grocery,13,34.73,2024-12-18,451.49,214
TXN-02364,Lotion 200Ml,Personal Care,1,147.98,2024-12-18,147.98,160
TXN-03947,Toothbrush,Personal Care,6,54.81,2024-12-18,328.86,100
TXN-04847,Ballpen (Black),School & Office Supplies,5,12.41,2024-12-18,62.05,267
TXN-01778,Ice Cream Cup,Food & Snacks,6,33.57,2024-12-19,201.42,352
TXN-03863,Shampoo Sachet,Personal Care,1,7.85,2024-12-19,7.85,49
TXN-06165,Air Freshener Spray,Household Supplies,2,130.54,2024-12-19,261.08,36
TXN-05294,Scotch Tape,School & Office Supplies,10,24.94,2024-12-19,249.4,94
TXN-01170,Bottled Water 1.5L,Grocery,13,25.63,2024-12-20,333.19,142
TXN-04262,Electric Fan (Desk),Electronics,4,786.9,2024-12-20,3147.6,398
TXN-01926,"Bond Paper (Short, 10S)",School & Office Supplies,10,30.54,2024-12-20,305.4,387
TXN-05317,Sugar 1Kg,Grocery,12,77.53,2024-12-21,930.36,315
TXN-01286,Broom (Walis Tingting),Household Supplies,4,61.99,2024-12-21,247.96,405
TXN-02294,Toothbrush,Personal Care,6,53.87,2024-12-21,323.22,193
TXN-04880,Deodorant Roll-On,Personal Care,1,90.69,2024-12-21,90.69,82
TXN-05707,Sanitary Napkin (8S),Personal Care,2,76.07,2024-12-22,152.14,212
TXN-01952,White Rice 2Kg,Grocery,6,119.2,2024-12-22,715.2,280
TXN-01057,Juice Drink 250Ml,Food & Snacks,5,17.76,2024-12-22,88.8,464
TXN-04591,Deodorant Roll-On,Personal Care,1,91.75,2024-12-23,91.75,104
TXN-02575,Screen Protector,Electronics,4,102.64,2024-12-23,410.56,228
TXN-06275,Soy Sauce 350Ml,Grocery,12,35.98,2024-12-23,431.76,403
TXN-05264,Bath Soap,Personal Care,2,46.13,2024-12-24,92.26,84
TXN-05170,Scotch Tape,School & Office Supplies,8,25.85,2024-12-24,206.8,111
TXN-05812,Facial Wash 50Ml,Personal Care,4,125.22,2024-12-24,500.88,227
TXN-02786,Led Desk Lamp,Electronics,4,558.46,2024-12-24,2233.84,453
TXN-01466,Evaporated Milk,Grocery,12,43.86,2024-12-25,526.32,214
TXN-02186,Broom (Walis Tingting),Household Supplies,1,65.19,2024-12-25,65.19,388
TXN-03776,Wireless Earbuds,Electronics,1,1315.37,2024-12-25,1315.37,249
TXN-03217,Potato Chips 60G,Food & Snacks,6,34.11,2024-12-25,204.66,104
TXN-05896,Juice Drink 250Ml,Food & Snacks,9,18.68,2024-12-25,168.12,196
TXN-06409,Bath Soap,Personal Care,5,45.99,2024-12-26,229.95,20
TXN-05790,Juice Drink 250Ml,Food & Snacks,16,18.68,2024-12-26,298.88,205
TXN-01302,Lotion 200Ml,Personal Care,6,144.55,2024-12-26,867.3,221
TXN-05520,Usb Charging Cable,Electronics,1,150.21,2024-12-26,150.21,405
TXN-03829,Ice Cream Cup,Food & Snacks,14,35.26,2024-12-26,493.64,44
TXN-04565,Vinegar 350Ml,Grocery,10,28.81,2024-12-26,288.1,293
TXN-01881,Phone Case,Electronics,1,201.17,2024-12-27,201.17,368
TXN-01934,Biscuit Pack,Food & Snacks,10,24.61,2024-12-27,246.1,11
TXN-01794,Scotch Tape,School & Office Supplies,9,23.78,2024-12-27,214.02,321
TXN-05709,Canned Sardines,Grocery,2,28.53,2024-12-27,57.06,92
TXN-01253,Evaporated Milk,Grocery,12,41.32,2024-12-27,495.84,244
TXN-01505,Highlighter,School & Office Supplies,5,44.7,2024-12-27,223.5,179
TXN-01488,Juice Drink 250Ml,Food & Snacks,5,18.33,2024-12-27,91.65,395
TXN-03742,White Rice 2Kg,Grocery,4,114.56,2024-12-28,458.24,0
TXN-02166,Canned Sardines,Grocery,5,28.51,2024-12-28,142.55,170
TXN-03835,Softdrink 1.5L,Food & Snacks,13,63.42,2024-12-28,824.46,95
TXN-05693,Bath Soap,Personal Care,1,46.05,2024-12-28,46.05,67
TXN-04275,Instant Noodles (Pack),Grocery,10,15.53,2024-12-29,155.3,106
TXN-02639,Sugar 1Kg,Grocery,13,72.17,2024-12-29,938.21,29
TXN-06294,Toothbrush,Personal Care,4,54.41,2024-12-29,217.64,237
TXN-06092,Sugar 1Kg,Grocery,12,76.05,2024-12-29,912.6,155
TXN-02488,Ice Cream Cup,Food & Snacks,2,34.05,2024-12-30,68.1,234
TXN-05971,White Rice 2Kg,Grocery,5,117.27,2024-12-30,586.35,116
TXN-04771,Soy Sauce 350Ml,Grocery,13,34.93,2024-12-30,454.09,87
TXN-02427,Lotion 200Ml,Personal Care,2,141.66,2024-12-30,283.32,156
TXN-01002,Eraser,School & Office Supplies,2,15.7,2024-12-30,31.4,241
TXN-01177,Biscuit Pack,Food & Snacks,9,25.31,2024-12-30,227.79,135
TXN-01616,Ice Cream Cup,Food & Snacks,13,35.89,2024-12-31,466.57,365
TXN-04785,Stapler,School & Office Supplies,1,191.51,2024-12-31,191.51,95
TXN-02932,Instant Noodles (Pack),Grocery,13,14.59,2024-12-31,189.67,328
TXN-04387,Lotion 200Ml,Personal Care,6,142.71,2024-12-31,856.26,43
TXN-05411,Folder (Long),School & Office Supplies,4,18.59,2024-12-31,74.36,118
TXN-02472,Toothpaste 75G,Personal Care,6,65.77,2024-12-31,394.62,246
